Дата,Золото (Банк России)
4/1/2023,4886.98
3/31/2023,4870.02
3/30/2023,4857.86
3/29/2023,4792.74
3/28/2023,4908.06
3/27/2023,4861.51
3/25/2023,4861.51
3/24/2023,4782.40
3/23/2023,4830.86
3/22/2023,4865.03
3/21/2023,4872.66
3/20/2023,4735.52
3/18/2023,4735.52
3/17/2023,4725.06
3/16/2023,4645.42
3/15/2023,4620.57
3/14/2023,4515.62
3/13/2023,4471.45
3/11/2023,4471.45
3/10/2023,4432.37
3/8/2023,4485.83
3/7/2023,4467.56
3/6/2023,4454.75
3/4/2023,4454.75
3/3/2023,4467.81
3/2/2023,4414.41
3/1/2023,4379.07
2/28/2023,4391.92
2/23/2023,4412.00
2/22/2023,4442.45
2/21/2023,4365.80
2/20/2023,4395.97
2/18/2023,4395.97
2/17/2023,4401.67
2/16/2023,4446.47
2/15/2023,4407.74
2/14/2023,4402.43
2/13/2023,4397.70
2/11/2023,4397.70
2/10/2023,4388.79
2/9/2023,4304.91
2/8/2023,4269.59
2/7/2023,4256.69
2/6/2023,4348.54
2/4/2023,4348.54
2/3/2023,4336.90
2/2/2023,4337.36
2/1/2023,4362.29
1/31/2023,4302.74
1/30/2023,4307.90
1/28/2023,4307.90
1/27/2023,4291.13
1/26/2023,4258.35
1/25/2023,4232.69
1/24/2023,4247.23
1/23/2023,4235.59
1/21/2023,4235.59
1/20/2023,4251.41
1/19/2023,4237.75
1/18/2023,4231.99
1/17/2023,4187.24
1/16/2023,4089.96
1/14/2023,4089.96
1/13/2023,4080.03
1/12/2023,4168.82
1/11/2023,4204.85
1/10/2023,4186.35
1/2/2023,4101.62
12/31/2022,4101.62
12/30/2022,4173.20
12/29/2022,4129.34
12/28/2022,4048.78
12/27/2022,3962.76
12/26/2022,3975.92
12/24/2022,3975.92
12/23/2022,4214.99
12/22/2022,4112.93
12/21/2022,3972.92
12/20/2022,3823.72
12/19/2022,3704.77
12/17/2022,3704.77
12/16/2022,3737.85
12/15/2022,3714.64
12/14/2022,3630.93
12/13/2022,3624.66
12/12/2022,3590.33
12/10/2022,3590.33
12/9/2022,3585.33
12/8/2022,3589.24
12/7/2022,3593.78
12/6/2022,3568.23
12/5/2022,3581.25
12/4/2022,3581.25
12/3/2022,3581.25
12/2/2022,3447.29
12/1/2022,3430.64
11/30/2022,3429.49
11/29/2022,3421.75
11/28/2022,3413.32
11/26/2022,3413.32
11/25/2022,3378.45
11/24/2022,3390.49
11/23/2022,3394.05
11/22/2022,3420.47
11/21/2022,3413.57
11/19/2022,3413.57
11/18/2022,3442.39
11/17/2022,3436.85
11/16/2022,3430.01
11/15/2022,3416.39
11/14/2022,3377.92
11/12/2022,3377.92
11/11/2022,3377.36
11/10/2022,3295.46
11/9/2022,3291.53
11/8/2022,3296.57
11/7/2022,3293.19
11/4/2022,3293.19
11/3/2022,3259.32
11/2/2022,3236.92
11/1/2022,3265.15
10/31/2022,3283.60
10/29/2022,3283.60
10/28/2022,3288.05
10/27/2022,3276.93
10/26/2022,3251.94
10/25/2022,3231.34
10/24/2022,3217.44
10/22/2022,3217.44
10/21/2022,3226.40
10/20/2022,3273.24
10/19/2022,3271.89
10/18/2022,3275.08
10/17/2022,3341.18
10/15/2022,3341.18
10/14/2022,3410.30
10/13/2022,3412.30
10/12/2022,3432.71
10/11/2022,3398.06
10/10/2022,3375.52
10/8/2022,3375.52
10/7/2022,3294.19
10/6/2022,3275.18
10/5/2022,3153.58
10/4/2022,3094.08
10/3/2022,2942.06
10/1/2022,2942.06
9/30/2022,3049.65
9/29/2022,3071.11
9/28/2022,3073.70
9/27/2022,3064.74
9/26/2022,3122.98
9/24/2022,3122.98
9/23/2022,3215.84
9/22/2022,3256.69
9/21/2022,3212.03
9/20/2022,3220.08
9/19/2022,3260.06
9/17/2022,3260.06
9/16/2022,3268.62
9/15/2022,3276.40
9/14/2022,3334.05
9/13/2022,3330.39
9/12/2022,3323.22
9/10/2022,3323.22
9/9/2022,3328.33
9/8/2022,3349.06
9/7/2022,3347.50
9/6/2022,3353.22
9/5/2022,3288.60
9/3/2022,3288.60
9/2/2022,3323.12
9/1/2022,3351.10
8/31/2022,3398.94
8/30/2022,3398.71
8/29/2022,3387.88
8/27/2022,3387.88
8/26/2022,3354.52
8/25/2022,3369.02
8/24/2022,3337.74
8/23/2022,3362.74
8/22/2022,3356.56
8/20/2022,3356.56
8/19/2022,3406.56
8/18/2022,3466.86
8/17/2022,3508.52
8/16/2022,3536.25
8/15/2022,3517.86
8/13/2022,3517.86
8/12/2022,3498.68
8/11/2022,3489.33
8/10/2022,3463.39
8/9/2022,3438.71
8/8/2022,3461.06
8/6/2022,3461.06
8/5/2022,3412.14
8/4/2022,3446.80
8/3/2022,3428.13
8/2/2022,3497.98
8/1/2022,3456.44
7/30/2022,3456.44
7/29/2022,3317.67
7/28/2022,3330.21
7/27/2022,3241.81
7/26/2022,3226.80
7/25/2022,3146.22
7/23/2022,3146.22
7/22/2022,3103.78
7/21/2022,3020.86
7/20/2022,3063.93
7/19/2022,3102.63
7/18/2022,3162.20
7/16/2022,3162.20
7/15/2022,3230.17
7/14/2022,3256.92
7/13/2022,3292.43
7/12/2022,3425.96
7/11/2022,3443.04
7/9/2022,3443.04
7/8/2022,3561.38
7/7/2022,3584.11
7/6/2022,3401.96
7/5/2022,3183.37
7/4/2022,3140.99
7/2/2022,3140.99
7/1/2022,3068.92
6/30/2022,2991.91
6/29/2022,3110.23
6/28/2022,3131.91
6/27/2022,3157.73
6/25/2022,3157.73
6/24/2022,3159.68
6/23/2022,3152.26
6/22/2022,3230.23
6/21/2022,3325.83
6/20/2022,3330.20
6/18/2022,3330.20
6/17/2022,3334.51
6/16/2022,3312.46
6/15/2022,3360.65
6/13/2022,3427.00
6/11/2022,3427.00
6/10/2022,3478.48
6/9/2022,3581.53
6/8/2022,3620.13
6/7/2022,3624.70
6/6/2022,3675.50
6/4/2022,3675.50
6/3/2022,3652.31
6/2/2022,3634.03
6/1/2022,3674.11
5/31/2022,3756.62
5/30/2022,3945.83
5/28/2022,3945.83
5/27/2022,3685.05
5/26/2022,3379.59
5/25/2022,3399.81
5/24/2022,3432.62
5/23/2022,3491.12
5/21/2022,3491.12
5/20/2022,3632.72
5/19/2022,3729.64
5/18/2022,3696.71
5/17/2022,3695.18
5/16/2022,3767.00
5/14/2022,3767.00
5/13/2022,3917.33
5/12/2022,4110.72
5/9/2022,4099.58
5/7/2022,4099.58
5/6/2022,3968.82
5/5/2022,4172.75
5/2/2022,4312.32
4/30/2022,4312.32
4/29/2022,4383.25
4/28/2022,4462.53
4/27/2022,4429.83
4/26/2022,4579.36
4/25/2022,4593.43
4/23/2022,4593.43
4/22/2022,4700.90
4/21/2022,4867.20
4/20/2022,4988.28
4/19/2022,5015.06
4/18/2022,5052.35
4/16/2022,5052.35
4/15/2022,5166.17
4/14/2022,5033.78
4/13/2022,4996.12
4/12/2022,4940.94
4/11/2022,4650.29
4/9/2022,4650.29
4/8/2022,4732.04
4/7/2022,5162.48
4/6/2022,5172.87
4/5/2022,5185.42
4/4/2022,5185.80
4/2/2022,5185.80
4/1/2022,5159.82
3/31/2022,5184.57
3/30/2022,5301.45
3/29/2022,5805.91
3/28/2022,6017.86
3/26/2022,6017.86
3/25/2022,6008.83
3/24/2022,6408.41
3/23/2022,6455.72
3/22/2022,6478.95
3/21/2022,6460.03
3/19/2022,6460.03
3/18/2022,6541.42
3/17/2022,6665.65
3/16/2022,6913.10
3/15/2022,7265.07
3/14/2022,7475.21
3/12/2022,7475.21
3/11/2022,7731.42
3/10/2022,7610.16
3/7/2022,6612.70
3/6/2022,6617.80
3/5/2022,6612.70
3/4/2022,6953.99
3/3/2022,6393.40
3/2/2022,5664.73
3/1/2022,5725.10
2/28/2022,5136.31
2/26/2022,5136.31
2/25/2022,5501.19
2/23/2022,4899.60
2/22/2022,4678.19
2/21/2022,4596.23
2/19/2022,4596.23
2/18/2022,4594.70
2/17/2022,4472.36
2/16/2022,4542.75
2/15/2022,4568.94
2/14/2022,4402.86
2/12/2022,4402.86
2/11/2022,4401.98
2/10/2022,4396.44
2/9/2022,4408.79
2/8/2022,4406.86
2/7/2022,4436.74
2/5/2022,4436.74
2/4/2022,4445.08
2/3/2022,4431.20
2/2/2022,4479.74
2/1/2022,4459.89
1/31/2022,4478.88
1/29/2022,4478.88
1/28/2022,4608.11
1/27/2022,4683.30
1/26/2022,4641.26
1/25/2022,4572.35
1/24/2022,4522.62
1/22/2022,4522.62
1/21/2022,4513.92
1/20/2022,4491.80
1/19/2022,4444.09
1/18/2022,4449.57
1/17/2022,4438.92
1/15/2022,4438.92
1/14/2022,4369.08
1/13/2022,4352.31
1/12/2022,4343.34
1/11/2022,4349.29
12/31/2021,4297.62
12/30/2021,4253.66
12/29/2021,4220.34
12/28/2021,4205.24
12/27/2021,4202.69
12/25/2021,4202.69
12/24/2021,4258.43
12/23/2021,4246.37
12/22/2021,4262.24
12/21/2021,4293.32
12/20/2021,4284.80
12/18/2021,4284.80
12/17/2021,4222.51
12/16/2021,4201.20
12/15/2021,4210.10
12/14/2021,4211.67
12/13/2021,4193.17
12/11/2021,4193.17
12/10/2021,4220.04
12/9/2021,4249.31
12/8/2021,4242.07
12/7/2021,4218.93
12/6/2021,4204.75
12/4/2021,4204.75
12/3/2021,4228.30
12/2/2021,4249.61
12/1/2021,4328.35
11/30/2021,4327.24
11/29/2021,4398.15
11/27/2021,4398.15
11/26/2021,4294.80
11/25/2021,4282.04
11/24/2021,4324.17
11/23/2021,4347.74
11/22/2021,4354.45
11/20/2021,4354.45
11/19/2021,4342.80
11/18/2021,4351.20
11/17/2021,4367.41
11/16/2021,4330.74
11/15/2021,4271.28
11/13/2021,4271.28
11/12/2021,4255.85
11/11/2021,4147.92
11/10/2021,4181.37
11/9/2021,4173.18
11/4/2021,4095.36
11/3/2021,4117.01
11/2/2021,4083.12
11/1/2021,4072.70
10/30/2021,4072.70
10/29/2021,4077.04
10/28/2021,4003.77
10/27/2021,4029.35
10/26/2021,4056.97
10/25/2021,4083.35
10/23/2021,4083.35
10/22/2021,4074.76
10/21/2021,4062.16
10/20/2021,4059.97
10/19/2021,4032.86
10/18/2021,4080.10
10/16/2021,4080.10
10/15/2021,4147.69
10/14/2021,4083.30
10/13/2021,4065.28
10/12/2021,4036.46
10/11/2021,4067.69
10/9/2021,4067.69
10/8/2021,4086.92
10/7/2021,4078.88
10/6/2021,4101.65
10/5/2021,4107.31
10/4/2021,4115.97
10/2/2021,4115.97
10/1/2021,4043.86
9/30/2021,4074.26
9/29/2021,4055.46
9/28/2021,4086.21
9/27/2021,4119.80
9/25/2021,4119.80
9/24/2021,4140.97
9/23/2021,4159.94
9/22/2021,4157.60
9/21/2021,4142.76
9/20/2021,4120.07
9/18/2021,4120.07
9/17/2021,4148.59
9/16/2021,4219.32
9/15/2021,4181.70
9/14/2021,4200.92
9/13/2021,4210.48
9/11/2021,4210.48
9/10/2021,4221.14
9/9/2021,4245.35
9/8/2021,4260.95
9/7/2021,4277.87
9/6/2021,4244.41
9/4/2021,4244.41
9/3/2021,4251.36
9/2/2021,4268.38
9/1/2021,4274.39
8/31/2021,4254.30
8/30/2021,4271.00
8/28/2021,4271.00
8/27/2021,4243.41
8/26/2021,4255.03
8/25/2021,4286.39
8/24/2021,4255.14
8/23/2021,4262.78
8/21/2021,4262.78
8/20/2021,4263.04
8/19/2021,4223.31
8/18/2021,4238.06
8/17/2021,4190.07
8/16/2021,4151.89
8/14/2021,4151.89
8/13/2021,4152.17
8/12/2021,4123.87
8/11/2021,4092.41
8/10/2021,4115.74
8/9/2021,4230.86
8/7/2021,4230.86
8/6/2021,4260.67
8/5/2021,4241.34
8/4/2021,4239.95
8/3/2021,4243.23
8/2/2021,4299.07
7/31/2021,4299.07
7/30/2021,4281.39
7/29/2021,4258.18
7/28/2021,4266.86
7/27/2021,4307.56
7/26/2021,4276.19
7/24/2021,4276.19
7/23/2021,4258.64
7/22/2021,4325.24
7/21/2021,4347.53
7/20/2021,4310.29
7/19/2021,4344.52
7/17/2021,4344.52
7/16/2021,4371.55
7/15/2021,4320.73
7/14/2021,4304.58
7/13/2021,4326.22
7/12/2021,4317.67
7/10/2021,4317.67
7/9/2021,4376.42
7/8/2021,4295.95
7/7/2021,4258.37
7/6/2021,4223.75
7/5/2021,4221.29
7/3/2021,4221.29
7/2/2021,4158.37
7/1/2021,4109.93
6/30/2021,4117.54
6/29/2021,4117.26
6/28/2021,4137.67
6/26/2021,4137.67
6/25/2021,4139.56
6/24/2021,4165.39
6/23/2021,4185.05
6/22/2021,4194.80
6/21/2021,4161.79
6/19/2021,4161.79
6/18/2021,4211.68
6/17/2021,4303.16
6/16/2021,4304.46
6/14/2021,4360.10
6/12/2021,4360.10
6/11/2021,4368.50
6/10/2021,4381.15
6/9/2021,4430.04
6/8/2021,4412.90
6/7/2021,4404.19
6/5/2021,4404.19
6/4/2021,4456.92
6/3/2021,4480.03
6/2/2021,4492.16
6/1/2021,4477.30
5/31/2021,4477.30
5/29/2021,4477.30
5/28/2021,4475.59
5/27/2021,4498.40
5/26/2021,4442.93
5/25/2021,4436.75
5/24/2021,4441.88
5/22/2021,4441.88
5/21/2021,4423.47
5/20/2021,4405.96
5/19/2021,4424.77
5/18/2021,4389.05
5/17/2021,4361.99
5/15/2021,4361.99
5/14/2021,4337.30
5/13/2021,4364.77
5/12/2021,4380.12
5/10/2021,4339.29
5/8/2021,4339.29
5/7/2021,4299.44
5/6/2021,4279.51
5/5/2021,4318.79
5/3/2021,4256.31
5/1/2021,4256.31
4/30/2021,4243.98
4/29/2021,4250.44
4/28/2021,4291.88
4/27/2021,4278.00
4/26/2021,4310.03
4/24/2021,4310.03
4/23/2021,4387.37
4/22/2021,4398.86
4/21/2021,4314.80
4/20/2021,4384.20
4/19/2021,4290.88
4/17/2021,4290.88
4/16/2021,4326.28
4/15/2021,4241.89
4/14/2021,4292.18
4/13/2021,4339.97
4/12/2021,4336.55
4/10/2021,4336.55
4/9/2021,4322.38
4/8/2021,4340.80
4/7/2021,4250.90
4/6/2021,4251.11
4/5/2021,4221.60
4/3/2021,4221.60
4/2/2021,4181.97
4/1/2021,4098.42
3/31/2021,4129.57
3/30/2021,4202.90
3/29/2021,4208.46
3/27/2021,4208.46
3/26/2021,4234.90
3/25/2021,4245.63
3/24/2021,4213.91
3/23/2021,4157.94
3/22/2021,4140.83
3/20/2021,4140.83
3/19/2021,4106.63
3/18/2021,4082.32
3/17/2021,4063.59
3/16/2021,4068.26
3/15/2021,4026.77
3/13/2021,4026.77
3/12/2021,4103.11
3/11/2021,4074.08
3/10/2021,4065.79
3/8/2021,4058.47
3/6/2021,4058.47
3/5/2021,4056.73
3/4/2021,4082.19
3/3/2021,4144.35
3/2/2021,4158.78
3/1/2021,4224.26
2/27/2021,4224.26
2/26/2021,4233.41
2/25/2021,4285.38
2/22/2021,4218.41
2/21/2021,4248.68
2/20/2021,4218.41
2/19/2021,4228.69
2/18/2021,4242.54
2/17/2021,4296.61
2/16/2021,4283.63
2/15/2021,4321.67
2/13/2021,4321.67
2/12/2021,4367.35
2/11/2021,4377.11
2/10/2021,4400.30
2/9/2021,4325.35
2/8/2021,4367.40
2/6/2021,4367.40
2/5/2021,4410.67
2/4/2021,4487.73
2/3/2021,4507.67
2/2/2021,4509.90
2/1/2021,4542.04
1/30/2021,4542.04
1/29/2021,4506.07
1/28/2021,4454.61
1/27/2021,4506.49
1/26/2021,4465.88
1/25/2021,4431.54
1/23/2021,4431.54
1/22/2021,4405.56
1/21/2021,4373.92
1/20/2021,4368.68
1/19/2021,4361.69
1/18/2021,4383.49
1/16/2021,4383.49
1/15/2021,4366.17
1/14/2021,4378.94
1/13/2021,4445.57
1/12/2021,4426.84
1/1/2021,4491.66
12/31/2020,4459.48
12/30/2020,4437.61
12/29/2020,4438.08
12/28/2020,4436.55
12/26/2020,4436.55
12/25/2020,4505.61
12/24/2020,4529.59
12/23/2020,4538.16
12/22/2020,4487.62
12/21/2020,4428.96
12/19/2020,4428.96
12/18/2020,4392.15
12/17/2020,4393.73
12/16/2020,4354.98
12/15/2020,4267.87
12/14/2020,4310.63
12/12/2020,4310.63
12/11/2020,4346.88
12/10/2020,4383.23
12/9/2020,4415.66
12/8/2020,4375.28
12/7/2020,4390.93
12/5/2020,4390.93
12/4/2020,4436.04
12/3/2020,4456.05
12/2/2020,4407.43
12/1/2020,4341.07
11/30/2020,4409.74
11/28/2020,4409.74
11/27/2020,4402.52
11/26/2020,4388.45
11/25/2020,4431.61
11/24/2020,4539.73
11/23/2020,4562.65
11/21/2020,4562.65
11/20/2020,4554.16
11/19/2020,4582.44
11/18/2020,4622.23
11/17/2020,4680.45
11/16/2020,4669.38
11/14/2020,4669.38
11/13/2020,4631.33
11/12/2020,4596.93
11/11/2020,4605.21
11/10/2020,4842.82
11/9/2020,4834.10
11/7/2020,4834.10
11/6/2020,4834.96
11/4/2020,4886.56
11/3/2020,4887.70
11/2/2020,4784.40
10/31/2020,4784.40
10/30/2020,4759.17
10/29/2020,4729.52
10/28/2020,4667.69
10/27/2020,4673.64
10/26/2020,4697.13
10/24/2020,4697.13
10/23/2020,4750.35
10/22/2020,4752.55
10/21/2020,4767.05
10/20/2020,4785.15
10/19/2020,4783.12
10/17/2020,4783.12
10/16/2020,4740.64
10/15/2020,4711.68
10/14/2020,4772.77
10/13/2020,4754.14
10/12/2020,4736.09
10/10/2020,4736.09
10/9/2020,4737.92
10/8/2020,4740.23
10/7/2020,4827.56
10/6/2020,4771.68
10/5/2020,4786.39
10/3/2020,4786.39
10/2/2020,4709.54
10/1/2020,4770.62
9/30/2020,4822.55
9/29/2020,4681.68
9/28/2020,4618.65
9/26/2020,4618.65
9/25/2020,4592.32
9/24/2020,4635.01
9/23/2020,4666.73
9/22/2020,4720.43
9/21/2020,4715.50
9/19/2020,4715.50
9/18/2020,4680.61
9/17/2020,4733.17
9/16/2020,4746.61
9/15/2020,4665.67
9/14/2020,4681.88
9/12/2020,4681.88
9/11/2020,4722.48
9/10/2020,4716.38
9/9/2020,4690.71
9/8/2020,4686.60
9/7/2020,4683.50
9/5/2020,4683.50
9/4/2020,4692.80
9/3/2020,4675.61
9/2/2020,4703.11
9/1/2020,4644.50
8/31/2020,4693.40
8/29/2020,4693.40
8/28/2020,4689.71
8/27/2020,4659.27
8/26/2020,4612.67
8/25/2020,4659.72
8/24/2020,4604.75
8/22/2020,4604.75
8/21/2020,4572.94
8/20/2020,4693.26
8/19/2020,4733.95
8/18/2020,4574.27
8/17/2020,4586.18
8/15/2020,4586.18
8/14/2020,4569.73
8/13/2020,4548.31
8/12/2020,4695.80
8/11/2020,4815.71
8/10/2020,4880.61
8/8/2020,4880.61
8/7/2020,4811.98
8/6/2020,4793.21
8/5/2020,4653.01
8/4/2020,4704.01
8/3/2020,4661.68
8/1/2020,4661.68
7/31/2020,4604.62
7/30/2020,4538.78
7/29/2020,4466.49
7/28/2020,4466.19
7/27/2020,4359.47
7/25/2020,4359.47
7/24/2020,4294.60
7/23/2020,4212.67
7/22/2020,4159.87
7/21/2020,4188.41
7/20/2020,4156.86
7/18/2020,4156.86
7/17/2020,4132.77
7/16/2020,4118.45
7/15/2020,4112.12
7/14/2020,4112.58
7/13/2020,4135.33
7/11/2020,4135.33
7/10/2020,4130.29
7/9/2020,4121.14
7/8/2020,4119.83
7/7/2020,4069.87
7/6/2020,4022.46
7/4/2020,4022.46
7/3/2020,4017.25
7/2/2020,4047.99
7/1/2020,4010.17
6/30/2020,3978.00
6/29/2020,3916.32
6/27/2020,3916.32
6/26/2020,3927.51
6/25/2020,3929.94
6/24/2020,3887.67
6/23/2020,3899.24
6/22/2020,3866.43
6/20/2020,3866.43
6/19/2020,3878.14
6/18/2020,3836.28
6/17/2020,3875.98
6/16/2020,3871.06
6/12/2020,3848.83
6/11/2020,3789.36
6/10/2020,3770.05
6/9/2020,3716.12
6/8/2020,3772.23
6/6/2020,3772.23
6/5/2020,3786.42
6/4/2020,3773.95
6/3/2020,3859.62
6/2/2020,3888.16
6/1/2020,3925.38
5/30/2020,3925.38
5/29/2020,3939.39
5/28/2020,3895.83
5/27/2020,3940.32
5/26/2020,3990.41
5/25/2020,4003.70
5/23/2020,4003.70
5/22/2020,3951.23
5/21/2020,4070.13
5/20/2020,4038.71
5/19/2020,4122.31
5/18/2020,4083.17
5/16/2020,4083.17
5/15/2020,4079.71
5/14/2020,4021.35
5/13/2020,4021.69
5/11/2020,4047.21
5/9/2020,4047.21
5/8/2020,4023.90
5/7/2020,4040.41
5/1/2020,4014.11
4/30/2020,4041.80
4/29/2020,4095.17
4/28/2020,4112.99
4/27/2020,4149.17
4/25/2020,4149.17
4/24/2020,4172.81
4/23/2020,4217.37
4/22/2020,4115.41
4/21/2020,4044.82
4/20/2020,4025.22
4/18/2020,4025.22
4/17/2020,4126.35
4/16/2020,4057.99
4/15/2020,4044.48
4/14/2020,3972.83
4/13/2020,3985.10
4/11/2020,3985.10
4/10/2020,3987.68
4/9/2020,4016.12
4/8/2020,4008.13
4/7/2020,4020.39
3/30/2020,4051.63
3/28/2020,4051.63
3/27/2020,4100.44
3/26/2020,4054.15
3/25/2020,4054.83
3/24/2020,3886.30
3/23/2020,3774.94
3/21/2020,3774.94
3/20/2020,3815.92
3/19/2020,3738.58
3/18/2020,3497.72
3/17/2020,3585.90
3/16/2020,3737.00
3/14/2020,3737.00
3/13/2020,3895.28
3/12/2020,3820.22
3/11/2020,3837.74
3/9/2020,3662.03
3/7/2020,3662.03
3/6/2020,3505.62
3/5/2020,3494.33
3/4/2020,3415.91
3/3/2020,3432.64
3/2/2020,3502.84
2/29/2020,3502.84
2/28/2020,3473.34
2/27/2020,3471.31
2/26/2020,3456.30
2/24/2020,3377.38
2/22/2020,3377.38
2/21/2020,3300.14
2/20/2020,3295.60
2/19/2020,3256.20
2/18/2020,3216.56
2/17/2020,3215.88
2/15/2020,3215.88
2/14/2020,3220.62
2/13/2020,3175.81
2/12/2020,3223.20
2/11/2020,3227.24
2/10/2020,3200.38
2/8/2020,3200.38
2/7/2020,3159.22
2/6/2020,3152.67
2/5/2020,3204.39
2/4/2020,3244.10
2/3/2020,3209.04
2/1/2020,3209.04
1/31/2020,3202.92
1/30/2020,3151.82
1/29/2020,3190.83
1/28/2020,3173.57
1/27/2020,3103.42
1/25/2020,3103.42
1/24/2020,3095.33
1/23/2020,3097.53
1/22/2020,3094.90
1/21/2020,3081.32
1/20/2020,3079.29
1/18/2020,3079.29
1/17/2020,3078.52
1/16/2020,3065.17
1/15/2020,3050.51
1/14/2020,3037.92
1/13/2020,3050.60
1/11/2020,3050.60
1/10/2020,3047.28
1/1/2020,3031.25
12/31/2019,3008.36
12/30/2019,3012.68
12/28/2019,3012.68
12/27/2019,2960.64
12/26/2019,2958.18
12/25/2019,2979.80
12/24/2019,2969.95
12/23/2019,2963.30
12/21/2019,2963.30
12/20/2019,2964.03
12/19/2019,2975.68
12/18/2019,2972.28
12/17/2019,2981.48
12/16/2019,2957.63
12/14/2019,2957.63
12/13/2019,2997.70
12/12/2019,3000.21
12/11/2019,2993.49
12/10/2019,2998.60
12/9/2019,3021.37
12/7/2019,3021.37
12/6/2019,3025.36
12/5/2019,3046.02
12/4/2019,3032.19
12/3/2019,3018.22
12/2/2019,3000.48
11/30/2019,3000.48
11/29/2019,3003.83
11/28/2019,3002.45
11/27/2019,3000.45
11/26/2019,2991.94
11/25/2019,3013.70
11/23/2019,3013.70
11/22/2019,3015.06
11/21/2019,3037.48
11/20/2019,3003.55
11/19/2019,2989.35
11/18/2019,3010.41
11/16/2019,3010.41
11/15/2019,3029.82
11/14/2019,3020.71
11/13/2019,2987.00
11/12/2019,3011.34
11/11/2019,3005.50
11/9/2019,3005.50
11/8/2019,3040.86
11/7/2019,3043.19
11/6/2019,3059.56
11/4/2019,3108.27
11/2/2019,3108.27
11/1/2019,3088.73
10/31/2019,3060.14
10/30/2019,3063.49
10/29/2019,3090.57
10/28/2019,3095.87
10/26/2019,3095.87
10/25/2019,3056.83
10/24/2019,3065.02
10/23/2019,3043.12
10/22/2019,3056.17
10/21/2019,3058.56
10/19/2019,3058.56
10/18/2019,3055.16
10/17/2019,3067.03
10/16/2019,3087.91
10/15/2019,3092.08
10/14/2019,3093.85
10/12/2019,3093.85
10/11/2019,3139.30
10/10/2019,3146.52
10/9/2019,3128.29
10/8/2019,3130.78
10/7/2019,3156.00
10/5/2019,3156.00
10/4/2019,3149.40
10/3/2019,3122.35
10/2/2019,3067.01
10/1/2019,3091.60
9/30/2019,3098.54
9/28/2019,3098.54
9/27/2019,3114.97
9/26/2019,3159.17
9/25/2019,3113.77
9/24/2019,3123.92
9/23/2019,3087.59
9/21/2019,3087.59
9/20/2019,3093.77
9/19/2019,3111.72
9/18/2019,3090.88
9/17/2019,3082.34
9/16/2019,3122.25
9/14/2019,3122.25
9/13/2019,3150.08
9/12/2019,3142.18
9/11/2019,3144.52
9/10/2019,3183.15
9/9/2019,3193.33
9/7/2019,3193.33
9/6/2019,3275.94
9/5/2019,3290.00
9/4/2019,3296.48
9/3/2019,3263.01
9/2/2019,3263.29
8/31/2019,3263.29
8/30/2019,3297.60
8/29/2019,3291.97
8/28/2019,3263.35
8/27/2019,3189.70
8/26/2019,3154.36
8/24/2019,3154.36
8/23/2019,3161.83
8/22/2019,3194.86
8/21/2019,3226.42
8/20/2019,3210.86
8/19/2019,3201.94
8/17/2019,3201.94
8/16/2019,3215.04
8/15/2019,3145.23
8/14/2019,3221.08
8/13/2019,3159.47
8/12/2019,3154.30
8/10/2019,3154.30
8/9/2019,3135.52
8/8/2019,3113.34
8/7/2019,3064.51
8/6/2019,3048.33
8/5/2019,2984.54
8/3/2019,2984.54
8/2/2019,2886.37
8/1/2019,2916.76
7/31/2019,2910.73
7/30/2019,2897.85
7/29/2019,2878.45
7/27/2019,2878.45
7/26/2019,2896.27
7/25/2019,2892.77
7/24/2019,2877.12
7/23/2019,2884.19
7/22/2019,2904.57
7/20/2019,2904.57
7/19/2019,2870.20
7/18/2019,2834.84
7/17/2019,2859.79
7/16/2019,2860.78
7/15/2019,2847.96
7/13/2019,2847.96
7/12/2019,2882.23
7/11/2019,2862.32
7/10/2019,2845.37
7/9/2019,2884.91
7/8/2019,2891.42
7/6/2019,2891.42
7/5/2019,2884.84
7/4/2019,2909.22
7/3/2019,2831.86
7/2/2019,2817.96
7/1/2019,2865.87
6/29/2019,2865.87
6/28/2019,2842.29
6/27/2019,2840.70
6/26/2019,2873.62
6/25/2019,2842.64
6/24/2019,2817.88
6/22/2019,2817.88
6/21/2019,2815.75
6/20/2019,2761.30
6/19/2019,2781.10
6/18/2019,2756.91
6/17/2019,2801.67
6/15/2019,2801.67
6/14/2019,2775.72
6/12/2019,2743.48
6/11/2019,2767.62
6/10/2019,2790.11
6/8/2019,2790.11
6/7/2019,2803.38
6/6/2019,2800.97
6/5/2019,2772.92
6/4/2019,2769.32
6/3/2019,2724.35
6/1/2019,2724.35
5/31/2019,2669.91
5/30/2019,2678.47
5/29/2019,2664.08
5/28/2019,2658.05
5/27/2019,2662.03
5/25/2019,2662.03
5/24/2019,2645.61
5/23/2019,2638.46
5/22/2019,2647.59
5/21/2019,2644.05
5/20/2019,2671.88
5/18/2019,2671.88
5/17/2019,2689.10
5/16/2019,2708.13
5/15/2019,2724.24
5/14/2019,2700.50
5/9/2019,2700.60
5/8/2019,2686.58
5/7/2019,2685.68
5/1/2019,2670.47
4/30/2019,2666.72
4/29/2019,2665.93
4/27/2019,2665.93
4/26/2019,2657.28
4/25/2019,2620.20
4/24/2019,2611.74
4/23/2019,2616.16
4/22/2019,2623.31
4/20/2019,2623.31
4/19/2019,2629.41
4/18/2019,2623.51
4/17/2019,2651.50
4/16/2019,2657.89
4/15/2019,2688.57
4/13/2019,2688.57
4/12/2019,2701.25
4/11/2019,2715.75
4/10/2019,2711.25
4/9/2019,2725.26
4/8/2019,2710.41
4/6/2019,2710.41
4/5/2019,2712.81
4/4/2019,2706.51
4/3/2019,2709.54
4/2/2019,2717.15
4/1/2019,2687.23
3/30/2019,2687.23
3/29/2019,2722.80
3/28/2019,2737.60
3/27/2019,2713.44
3/26/2019,2735.93
3/25/2019,2688.11
3/23/2019,2688.11
3/22/2019,2699.61
3/21/2019,2692.86
3/20/2019,2705.44
3/19/2019,2714.04
3/18/2019,2739.87
3/16/2019,2739.87
3/15/2019,2731.86
3/14/2019,2759.07
3/13/2019,2742.36
3/12/2019,2753.97
3/8/2019,2728.21
3/7/2019,2721.38
3/6/2019,2718.46
3/5/2019,2723.44
3/4/2019,2771.83
3/2/2019,2771.83
3/1/2019,2807.83
2/28/2019,2804.29
2/27/2019,2800.70
2/26/2019,2788.69
2/25/2019,2785.12
2/23/2019,2785.12
2/22/2019,2813.17
2/21/2019,2849.42
2/20/2019,2829.88
2/19/2019,2819.87
2/18/2019,2826.58
2/16/2019,2826.58
2/15/2019,2793.31
2/14/2019,2768.63
2/13/2019,2771.12
2/12/2019,2758.22
2/11/2019,2784.73
2/9/2019,2784.73
2/8/2019,2773.37
2/7/2019,2772.87
2/6/2019,2770.04
2/5/2019,2764.42
2/4/2019,2788.13
2/2/2019,2788.13
2/1/2019,2778.97
1/31/2019,2790.18
1/30/2019,2790.60
1/29/2019,2757.73
1/28/2019,2718.93
1/26/2019,2718.93
1/25/2019,2715.63
1/24/2019,2740.20
1/23/2019,2748.89
1/22/2019,2728.27
1/21/2019,2740.48
1/19/2019,2740.48
1/18/2019,2764.26
1/17/2019,2769.98
1/16/2019,2780.79
1/15/2019,2794.74
1/14/2019,2781.36
1/12/2019,2781.36
1/11/2019,2778.16
1/10/2019,2763.32
12/31/2018,2854.88
12/30/2018,2856.68
12/29/2018,2854.88
12/28/2018,2814.75
12/27/2018,2793.35
12/26/2018,2787.61
12/25/2018,2773.92
12/24/2018,2749.77
12/22/2018,2749.77
12/21/2018,2718.36
12/20/2018,2694.11
12/19/2018,2679.82
12/18/2018,2654.04
12/17/2018,2646.69
12/15/2018,2646.69
12/14/2018,2650.86
12/13/2018,2658.20
12/12/2018,2668.88
12/11/2018,2655.33
12/10/2018,2670.58
12/8/2018,2670.58
12/7/2018,2653.01
12/6/2018,2655.80
12/5/2018,2647.42
12/4/2018,2623.78
12/3/2018,2610.66
12/1/2018,2610.66
11/30/2018,2627.47
11/29/2018,2611.15
11/28/2018,2630.21
11/27/2018,2622.89
11/26/2018,2580.23
11/24/2018,2580.23
11/23/2018,2590.75
11/22/2018,2595.24
11/21/2018,2579.12
11/20/2018,2596.63
11/19/2018,2579.59
11/17/2018,2579.59
11/16/2018,2592.80
11/15/2018,2626.57
11/14/2018,2605.87
11/13/2018,2620.43
11/12/2018,2620.06
11/10/2018,2620.06
11/9/2018,2604.57
11/8/2018,2624.36
11/7/2018,2619.94
11/5/2018,2604.98
11/3/2018,2604.98
11/2/2018,2581.97
11/1/2018,2568.09
10/31/2018,2579.92
10/30/2018,2604.18
10/29/2018,2608.31
10/27/2018,2608.31
10/26/2018,2604.56
10/25/2018,2598.84
10/24/2018,2594.47
10/23/2018,2567.66
10/22/2018,2598.94
10/20/2018,2598.94
10/19/2018,2587.66
10/18/2018,2579.54
10/17/2018,2589.01
10/16/2018,2606.48
10/15/2018,2585.15
10/13/2018,2585.15
10/12/2018,2578.51
10/11/2018,2524.47
10/10/2018,2534.99
10/9/2018,2572.51
10/8/2018,2572.88
10/6/2018,2572.88
10/5/2018,2553.33
10/4/2018,2531.49
10/3/2018,2500.91
10/2/2018,2498.93
10/1/2018,2495.75
9/29/2018,2495.75
9/28/2018,2531.52
9/27/2018,2534.48
9/26/2018,2538.40
9/25/2018,2549.83
9/24/2018,2572.16
9/22/2018,2572.16
9/21/2018,2570.98
9/20/2018,2591.76
9/19/2018,2612.62
9/18/2018,2624.04
9/17/2018,2648.01
9/15/2018,2648.01
9/14/2018,2662.75
9/13/2018,2679.26
9/12/2018,2686.17
9/11/2018,2686.15
9/10/2018,2664.85
9/8/2018,2664.85
9/7/2018,2642.60
9/6/2018,2629.69
9/5/2018,2624.73
9/4/2018,2617.34
9/3/2018,2640.21
9/1/2018,2640.21
8/31/2018,2631.81
8/30/2018,2638.52
8/29/2018,2627.63
8/28/2018,2595.22
8/27/2018,2593.54
8/25/2018,2593.54
8/24/2018,2615.81
8/23/2018,2601.85
8/22/2018,2579.05
8/21/2018,2567.59
8/20/2018,2530.03
8/18/2018,2530.03
8/17/2018,2537.03
8/16/2018,2532.51
8/15/2018,2565.32
8/14/2018,2641.77
8/13/2018,2606.41
8/11/2018,2606.41
8/10/2018,2590.39
8/9/2018,2478.80
8/8/2018,2482.99
8/7/2018,2474.29
8/6/2018,2463.85
8/4/2018,2463.85
8/3/2018,2471.56
8/2/2018,2459.34
8/1/2018,2443.99
7/31/2018,2466.63
7/30/2018,2468.31
7/28/2018,2468.31
7/27/2018,2485.93
7/26/2018,2495.78
7/25/2018,2476.80
7/24/2018,2497.98
7/23/2018,2500.18
7/21/2018,2500.18
7/20/2018,2476.59
7/19/2018,2474.18
7/18/2018,2496.42
7/17/2018,2491.75
7/16/2018,2484.45
7/14/2018,2484.45
7/13/2018,2489.67
7/12/2018,2495.62
7/11/2018,2516.96
7/10/2018,2550.64
7/9/2018,2545.28
7/7/2018,2545.28
7/6/2018,2547.42
7/5/2018,2555.01
7/4/2018,2532.25
7/3/2018,2535.44
7/2/2018,2523.19
6/30/2018,2523.19
6/29/2018,2544.58
6/28/2018,2551.13
6/27/2018,2537.90
6/26/2018,2569.92
6/25/2018,2581.55
6/23/2018,2581.55
6/22/2018,2591.61
6/21/2018,2604.24
6/20/2018,2634.54
6/19/2018,2615.10
6/18/2018,2620.18
6/16/2018,2620.18
6/15/2018,2612.45
6/14/2018,2626.65
6/11/2018,2617.66
6/10/2018,2602.18
6/9/2018,2617.66
6/8/2018,2580.13
6/7/2018,2582.15
6/6/2018,2575.16
6/5/2018,2577.73
6/4/2018,2598.24
6/2/2018,2598.24
6/1/2018,2599.11
5/31/2018,2613.35
5/30/2018,2622.31
5/29/2018,2609.68
5/28/2018,2585.22
5/26/2018,2585.22
5/25/2018,2559.44
5/24/2018,2562.52
5/23/2018,2548.45
5/22/2018,2585.16
5/21/2018,2563.38
5/19/2018,2563.38
5/18/2018,2561.73
5/17/2018,2587.50
5/16/2018,2607.86
5/15/2018,2622.78
5/14/2018,2629.51
5/12/2018,2629.51
5/11/2018,2642.95
5/9/2018,2653.78
5/8/2018,2640.18
5/7/2018,2660.55
5/5/2018,2660.55
5/4/2018,2680.60
4/30/2018,2657.39
4/29/2018,2634.19
4/28/2018,2657.39
4/27/2018,2660.62
4/26/2018,2631.90
4/25/2018,2631.54
4/24/2018,2637.15
4/23/2018,2642.18
4/19/2018,2664.83
4/18/2018,2640.06
4/17/2018,2691.93
4/16/2018,2648.05
4/14/2018,2648.05
4/13/2018,2685.69
4/12/2018,2770.65
4/11/2018,2678.90
4/10/2018,2501.72
4/9/2018,2464.79
4/7/2018,2464.79
4/6/2018,2456.67
4/5/2018,2494.46
4/4/2018,2472.54
4/3/2018,2438.21
4/2/2018,2437.35
3/31/2018,2437.35
3/30/2018,2458.63
3/29/2018,2481.73
3/28/2018,2482.78
3/27/2018,2471.24
3/26/2018,2464.61
3/24/2018,2464.61
3/23/2018,2428.36
3/22/2018,2433.30
3/21/2018,2435.42
3/20/2018,2427.09
3/19/2018,2440.09
3/17/2018,2440.09
3/16/2018,2425.96
3/15/2018,2425.42
3/14/2018,2413.92
3/13/2018,2397.56
3/8/2018,2433.41
3/7/2018,2406.97
3/6/2018,2434.83
3/5/2018,2398.74
3/3/2018,2398.74
3/2/2018,2379.10
3/1/2018,2393.01
2/28/2018,2385.47
2/27/2018,2407.47
2/23/2018,2415.26
2/22/2018,2419.99
2/21/2018,2430.27
2/20/2018,2440.81
2/19/2018,2461.60
2/17/2018,2461.60
2/16/2018,2463.01
2/15/2018,2463.96
2/14/2018,2469.16
2/13/2018,2465.36
2/12/2018,2461.36
2/10/2018,2461.36
2/9/2018,2431.01
2/8/2018,2432.60
2/7/2018,2473.69
2/6/2018,2434.36
2/5/2018,2423.36
2/3/2018,2423.36
2/2/2018,2425.84
2/1/2018,2426.57
1/31/2018,2435.46
1/30/2018,2440.32
1/29/2018,2430.97
1/27/2018,2430.97
1/26/2018,2445.94
1/25/2018,2448.38
1/24/2018,2425.06
1/23/2018,2428.91
1/22/2018,2430.33
1/20/2018,2430.33
1/19/2018,2426.61
1/18/2018,2433.29
1/17/2018,2420.14
1/16/2018,2433.40
1/15/2018,2425.60
1/13/2018,2425.60
1/12/2018,2418.56
1/11/2018,2416.66
1/10/2018,2411.72
1/1/2018,2400.97
12/30/2017,2400.97
12/29/2017,2393.10
12/28/2017,2374.39
12/27/2017,2353.75
12/26/2017,2372.69
12/25/2017,2377.44
12/23/2017,2377.44
12/22/2017,2383.26
12/21/2017,2389.85
12/20/2017,2380.20
12/19/2017,2375.14
12/18/2017,2380.77
12/16/2017,2380.77
12/15/2017,2369.96
12/14/2017,2360.95
12/13/2017,2352.08
12/12/2017,2383.22
12/11/2017,2374.50
12/9/2017,2374.50
12/8/2017,2395.93
12/7/2017,2403.37
12/6/2017,2407.63
12/5/2017,2425.95
12/4/2017,2403.02
12/2/2017,2403.02
12/1/2017,2414.85
11/30/2017,2428.34
11/29/2017,2429.95
11/28/2017,2425.82
11/27/2017,2425.97
11/25/2017,2425.97
11/24/2017,2424.97
11/23/2017,2435.77
11/22/2017,2446.97
11/21/2017,2462.86
11/20/2017,2461.43
11/18/2017,2461.43
11/17/2017,2464.32
11/16/2017,2490.46
11/15/2017,2441.49
11/14/2017,2432.48
11/13/2017,2448.06
11/11/2017,2448.06
11/10/2017,2446.04
11/9/2017,2442.51
11/8/2017,2398.76
11/6/2017,2395.72
11/4/2017,2395.72
11/3/2017,2383.72
11/2/2017,2391.87
11/1/2017,2381.26
10/31/2017,2368.10
10/30/2017,2367.52
10/28/2017,2367.52
10/27/2017,2373.46
10/26/2017,2358.02
10/25/2017,2366.65
10/24/2017,2356.31
10/23/2017,2367.24
10/21/2017,2367.24
10/20/2017,2375.49
10/19/2017,2358.11
10/18/2017,2377.56
10/17/2017,2395.42
10/16/2017,2396.96
10/14/2017,2396.96
10/13/2017,2400.78
10/12/2017,2402.61
10/11/2017,2407.73
10/10/2017,2403.87
10/9/2017,2355.13
10/7/2017,2355.13
10/6/2017,2366.67
10/5/2017,2369.68
10/4/2017,2366.97
10/3/2017,2366.37
10/2/2017,2400.53
9/30/2017,2400.53
9/29/2017,2412.46
9/28/2017,2408.36
9/27/2017,2416.80
9/26/2017,2397.70
9/25/2017,2404.09
9/23/2017,2404.09
9/22/2017,2428.57
9/21/2017,2457.40
9/20/2017,2444.10
9/19/2017,2435.14
9/18/2017,2450.91
9/16/2017,2450.91
9/15/2017,2457.30
9/14/2017,2470.08
9/13/2017,2441.80
9/12/2017,2460.67
9/11/2017,2475.50
9/9/2017,2475.50
9/8/2017,2462.58
9/7/2017,2470.54
9/6/2017,2475.84
9/5/2017,2479.32
9/4/2017,2460.84
9/2/2017,2460.84
9/1/2017,2457.88
8/31/2017,2474.72
8/30/2017,2490.44
8/29/2017,2419.35
8/28/2017,2447.50
8/26/2017,2447.50
8/25/2017,2444.99
8/24/2017,2445.68
8/23/2017,2439.33
8/22/2017,2448.27
8/21/2017,2471.99
8/19/2017,2471.99
8/18/2017,2449.51
8/17/2017,2435.97
8/16/2017,2455.75
8/15/2017,2463.02
8/14/2017,2492.94
8/12/2017,2492.94
8/11/2017,2464.17
8/10/2017,2444.34
8/9/2017,2432.93
8/8/2017,2428.31
8/7/2017,2461.92
8/5/2017,2461.92
8/4/2017,2464.50
8/3/2017,2467.12
8/2/2017,2437.90
8/1/2017,2445.42
7/31/2017,2411.34
7/29/2017,2411.34
7/28/2017,2410.62
7/27/2017,2398.83
7/26/2017,2407.86
7/25/2017,2408.75
7/24/2017,2363.19
7/22/2017,2363.19
7/21/2017,2348.87
7/20/2017,2361.50
7/19/2017,2361.38
7/18/2017,2335.49
7/17/2017,2346.73
7/15/2017,2346.73
7/14/2017,2363.34
7/13/2017,2376.69
7/12/2017,2366.63
7/11/2017,2341.12
7/10/2017,2369.08
7/8/2017,2369.08
7/7/2017,2371.28
7/6/2017,2340.55
7/5/2017,2331.30
7/4/2017,2341.83
7/3/2017,2373.75
7/1/2017,2373.75
6/30/2017,2368.09
6/29/2017,2395.94
6/28/2017,2367.22
6/27/2017,2353.82
6/26/2017,2409.58
6/24/2017,2409.58
6/23/2017,2419.97
6/22/2017,2405.61
6/21/2017,2347.59
6/20/2017,2331.31
6/19/2017,2332.76
6/17/2017,2332.76
6/16/2017,2327.50
6/15/2017,2325.42
6/14/2017,2307.78
6/12/2017,2335.26
6/10/2017,2335.26
6/9/2017,2353.92
6/8/2017,2351.86
6/7/2017,2346.63
6/6/2017,2331.16
6/5/2017,2298.14
6/3/2017,2298.14
6/2/2017,2301.50
6/1/2017,2303.34
5/31/2017,2294.58
5/30/2017,2306.55
5/29/2017,2308.30
5/27/2017,2308.30
5/26/2017,2266.17
5/25/2017,2264.02
5/24/2017,2290.86
5/23/2017,2280.13
5/22/2017,2300.58
5/20/2017,2300.58
5/19/2017,2330.53
5/18/2017,2270.37
5/17/2017,2232.16
5/16/2017,2238.06
5/15/2017,2256.71
5/13/2017,2256.71
5/12/2017,2242.15
5/11/2017,2283.73
5/8/2017,2332.61
5/6/2017,2332.61
5/5/2017,2287.51
5/4/2017,2301.71
5/3/2017,2299.42
5/1/2017,2318.58
4/29/2017,2318.58
4/28/2017,2315.75
4/27/2017,2290.20
4/26/2017,2281.14
4/25/2017,2293.05
4/24/2017,2316.77
4/22/2017,2316.77
4/21/2017,2321.52
4/20/2017,2315.48
4/19/2017,2312.71
4/18/2017,2322.38
4/17/2017,2324.19
4/15/2017,2324.19
4/14/2017,2340.43
4/13/2017,2321.61
4/12/2017,2299.38
4/11/2017,2313.04
4/10/2017,2313.70
4/8/2017,2313.70
4/7/2017,2274.91
4/6/2017,2250.78
4/5/2017,2288.60
4/4/2017,2249.39
4/3/2017,2234.03
4/1/2017,2234.03
3/31/2017,2267.37
3/30/2017,2297.02
3/29/2017,2294.86
3/28/2017,2304.33
3/27/2017,2296.73
3/25/2017,2296.73
3/24/2017,2307.87
3/23/2017,2309.07
3/22/2017,2267.05
3/21/2017,2270.87
3/20/2017,2288.71
3/18/2017,2288.71
3/17/2017,2295.03
3/16/2017,2284.90
3/15/2017,2281.23
3/14/2017,2296.22
3/13/2017,2278.09
3/11/2017,2278.09
3/10/2017,2278.48
3/8/2017,2292.23
3/7/2017,2309.12
3/6/2017,2327.25
3/4/2017,2327.25
3/3/2017,2334.69
3/2/2017,2338.69
3/1/2017,2332.97
2/28/2017,2340.04
2/23/2017,2286.78
2/22/2017,2285.64
2/21/2017,2307.45
2/20/2017,2300.29
2/18/2017,2300.29
2/17/2017,2272.45
2/16/2017,2236.21
2/15/2017,2282.65
2/14/2017,2294.96
2/13/2017,2319.04
2/11/2017,2319.04
2/10/2017,2356.40
2/9/2017,2364.18
2/8/2017,2342.73
2/7/2017,2306.41
2/6/2017,2313.26
2/4/2017,2313.26
2/3/2017,2360.69
2/2/2017,2346.20
2/1/2017,2315.82
1/31/2017,2301.46
1/30/2017,2296.54
1/28/2017,2296.54
1/27/2017,2284.59
1/26/2017,2288.67
1/25/2017,2309.96
1/24/2017,2322.00
1/23/2017,2300.38
1/21/2017,2300.38
1/20/2017,2296.25
1/19/2017,2307.12
1/18/2017,2325.18
1/17/2017,2304.95
1/16/2017,2283.58
1/14/2017,2283.58
1/13/2017,2308.20
1/12/2017,2297.00
1/11/2017,2280.67
1/10/2017,2264.82
1/2/2017,2260.43
12/31/2016,2260.43
12/30/2016,2222.29
12/29/2016,2223.06
12/28/2016,2212.97
12/27/2016,2214.78
12/26/2016,2212.76
12/24/2016,2212.76
12/23/2016,2212.29
12/22/2016,2228.76
12/21/2016,2250.56
12/20/2016,2260.06
12/19/2016,2253.08
12/17/2016,2253.08
12/16/2016,2244.14
12/15/2016,2269.68
12/14/2016,2272.36
12/13/2016,2285.54
12/12/2016,2378.98
12/10/2016,2378.98
12/9/2016,2394.18
12/8/2016,2406.68
12/7/2016,2405.07
12/6/2016,2394.11
12/5/2016,2416.60
12/3/2016,2416.60
12/2/2016,2392.88
12/1/2016,2490.52
11/30/2016,2479.11
11/29/2016,2481.74
11/28/2016,2467.03
11/26/2016,2467.03
11/25/2016,2466.91
11/24/2016,2496.78
11/23/2016,2490.73
11/22/2016,2513.92
11/21/2016,2524.47
11/19/2016,2524.47
11/18/2016,2571.28
11/17/2016,2543.59
11/16/2016,2590.07
11/15/2016,2588.75
11/14/2016,2632.80
11/12/2016,2632.80
11/11/2016,2611.59
11/10/2016,2679.81
11/9/2016,2631.14
11/8/2016,2643.95
11/4/2016,2639.93
11/3/2016,2642.09
11/2/2016,2609.91
11/1/2016,2589.79
10/31/2016,2560.16
10/29/2016,2560.16
10/28/2016,2572.59
10/27/2016,2549.96
10/26/2016,2532.11
10/25/2016,2535.14
10/24/2016,2537.77
10/22/2016,2537.77
10/21/2016,2547.07
10/20/2016,2554.89
10/19/2016,2551.00
10/18/2016,2543.42
10/17/2016,2544.06
10/15/2016,2544.06
10/14/2016,2562.09
10/13/2016,2526.83
10/12/2016,2512.30
10/11/2016,2531.56
10/10/2016,2513.88
10/8/2016,2513.88
10/7/2016,2538.45
10/6/2016,2558.29
10/5/2016,2627.78
10/4/2016,2651.74
10/3/2016,2706.56
10/1/2016,2706.56
9/30/2016,2682.09
9/29/2016,2723.88
9/28/2016,2735.48
9/27/2016,2756.10
9/26/2016,2742.98
9/24/2016,2742.98
9/23/2016,2732.89
9/22/2016,2734.04
9/21/2016,2738.40
9/20/2016,2744.69
9/19/2016,2746.26
9/17/2016,2746.26
9/16/2016,2767.95
9/15/2016,2764.10
9/14/2016,2768.19
9/13/2016,2776.51
9/12/2016,2755.24
9/10/2016,2755.24
9/9/2016,2772.54
9/8/2016,2791.75
9/7/2016,2772.29
9/6/2016,2765.82
9/5/2016,2777.39
9/3/2016,2777.39
9/2/2016,2739.42
9/1/2016,2757.65
8/31/2016,2752.19
8/30/2016,2759.35
8/29/2016,2757.61
8/27/2016,2757.61
8/26/2016,2765.63
8/25/2016,2786.69
8/24/2016,2787.23
8/23/2016,2754.43
8/22/2016,2768.70
8/20/2016,2768.70
8/19/2016,2752.31
8/18/2016,2762.66
8/17/2016,2773.86
8/16/2016,2764.54
8/15/2016,2764.91
8/13/2016,2764.91
8/12/2016,2807.66
8/11/2016,2816.99
8/10/2016,2776.27
8/9/2016,2782.85
8/8/2016,2872.21
8/6/2016,2872.21
8/5/2016,2884.19
8/4/2016,2927.73
8/3/2016,2920.42
8/2/2016,2860.25
8/1/2016,2872.53
7/30/2016,2872.53
7/29/2016,2851.02
7/28/2016,2800.41
7/27/2016,2792.61
7/26/2016,2744.63
7/25/2016,2749.35
7/23/2016,2749.35
7/22/2016,2709.04
7/21/2016,2702.82
7/20/2016,2697.90
7/19/2016,2691.03
7/18/2016,2702.18
7/16/2016,2702.18
7/15/2016,2709.81
7/14/2016,2751.43
7/13/2016,2779.46
7/12/2016,2803.64
7/11/2016,2801.22
7/9/2016,2801.22
7/8/2016,2815.21
7/7/2016,2846.74
7/6/2016,2778.59
7/5/2016,2761.56
7/4/2016,2740.98
7/2/2016,2740.98
7/1/2016,2717.35
6/30/2016,2722.37
6/29/2016,2733.78
6/28/2016,2770.65
6/27/2016,2768.01
6/25/2016,2768.01
6/24/2016,2617.54
6/23/2016,2591.38
6/22/2016,2642.61
6/21/2016,2646.70
6/20/2016,2702.51
6/18/2016,2702.51
6/17/2016,2767.58
6/16/2016,2716.86
6/15/2016,2716.08
6/13/2016,2635.03
6/11/2016,2635.03
6/10/2016,2578.73
6/9/2016,2604.36
6/8/2016,2601.98
6/7/2016,2623.98
6/6/2016,2602.89
6/4/2016,2602.89
6/3/2016,2608.50
6/2/2016,2604.89
6/1/2016,2568.47
5/31/2016,2584.04
5/30/2016,2593.05
5/28/2016,2593.05
5/27/2016,2571.58
5/26/2016,2586.24
5/25/2016,2678.76
5/24/2016,2695.39
5/23/2016,2681.48
5/21/2016,2681.48
5/20/2016,2668.90
5/19/2016,2658.54
5/18/2016,2634.40
5/17/2016,2672.48
5/16/2016,2661.96
5/14/2016,2661.96
5/13/2016,2648.89
5/12/2016,2708.62
5/11/2016,2697.27
5/9/2016,2724.56
5/7/2016,2724.56
5/6/2016,2702.64
5/5/2016,2723.80
5/2/2016,2636.13
4/30/2016,2636.13
4/29/2016,2630.62
4/28/2016,2607.75
4/27/2016,2637.64
4/26/2016,2636.71
4/25/2016,2651.47
4/23/2016,2651.47
4/22/2016,2629.26
4/21/2016,2649.12
4/20/2016,2620.75
4/19/2016,2716.76
4/18/2016,2611.25
4/16/2016,2611.25
4/15/2016,2651.61
4/14/2016,2634.05
4/13/2016,2685.95
4/12/2016,2691.71
4/11/2016,2678.82
4/9/2016,2678.82
4/8/2016,2697.37
4/7/2016,2700.35
4/6/2016,2727.61
4/5/2016,2682.67
4/4/2016,2659.65
4/2/2016,2659.65
4/1/2016,2691.21
3/31/2016,2691.39
3/30/2016,2688.99
3/29/2016,2660.80
3/28/2016,2686.47
3/26/2016,2686.47
3/25/2016,2695.94
3/24/2016,2679.67
3/23/2016,2727.75
3/22/2016,2752.59
3/21/2016,2758.89
3/19/2016,2758.89
3/18/2016,2798.51
3/17/2016,2815.81
3/16/2016,2797.73
3/15/2016,2834.16
3/14/2016,2853.20
3/12/2016,2853.20
3/11/2016,2850.82
3/10/2016,2927.93
3/7/2016,2991.79
3/5/2016,2991.79
3/4/2016,2947.77
3/3/2016,2910.01
3/2/2016,2952.29
3/1/2016,3011.60
2/29/2016,2971.89
2/27/2016,2971.89
2/26/2016,3034.25
2/25/2016,3026.51
2/22/2016,2999.04
2/21/2016,3053.09
2/20/2016,2999.04
2/19/2016,2921.89
2/18/2016,3009.54
2/17/2016,2971.01
2/16/2016,3021.92
2/15/2016,3167.94
2/13/2016,3167.94
2/12/2016,3111.44
2/11/2016,3008.35
2/10/2016,3007.48
2/9/2016,2899.65
2/8/2016,2880.69
2/6/2016,2880.69
2/5/2016,2817.80
2/4/2016,2879.52
2/3/2016,2815.09
2/2/2016,2753.33
2/1/2016,2689.71
1/30/2016,2689.71
1/29/2016,2783.42
1/28/2016,2835.69
1/27/2016,2932.99
1/26/2016,2760.59
1/25/2016,2843.38
1/23/2016,2843.38
1/22/2016,2947.67
1/21/2016,2792.84
1/20/2016,2742.92
1/19/2016,2758.00
1/18/2016,2661.26
1/16/2016,2661.26
1/15/2016,2683.54
1/14/2016,2658.20
1/13/2016,2696.48
1/12/2016,2697.53
1/1/2016,2490.71
12/31/2015,2502.10
12/30/2015,2487.91
12/29/2015,2439.47
12/28/2015,2421.64
12/26/2015,2421.64
12/25/2015,2395.70
12/24/2015,2443.62
12/23/2015,2462.66
12/22/2015,2453.91
12/21/2015,2419.73
12/19/2015,2419.73
12/18/2015,2418.65
12/17/2015,2412.27
12/16/2015,2434.69
12/15/2015,2411.29
12/14/2015,2373.50
12/12/2015,2373.50
12/11/2015,2385.54
12/10/2015,2399.26
12/9/2015,2388.00
12/8/2015,2385.00
12/7/2015,2312.70
12/5/2015,2312.70
12/4/2015,2289.07
12/3/2015,2289.30
12/2/2015,2277.78
12/1/2015,2265.05
11/30/2015,2267.32
11/28/2015,2267.32
11/27/2015,2260.66
11/26/2015,2257.19
11/25/2015,2263.78
11/24/2015,2253.15
11/23/2015,2263.11
11/21/2015,2263.11
11/20/2015,2239.53
11/19/2015,2229.50
11/18/2015,2275.33
11/17/2015,2338.68
11/16/2015,2321.76
11/14/2015,2321.76
11/13/2015,2288.74
11/12/2015,2259.88
11/11/2015,2261.71
11/10/2015,2277.63
11/9/2015,2267.97
11/7/2015,2267.97
11/6/2015,2257.04
11/4/2015,2321.63
11/3/2015,2329.75
11/2/2015,2375.47
10/31/2015,2375.47
10/30/2015,2391.09
10/29/2015,2460.10
10/28/2015,2379.98
10/27/2015,2348.15
10/26/2015,2332.61
10/24/2015,2332.61
10/23/2015,2354.72
10/22/2015,2364.81
10/21/2015,2345.70
10/20/2015,2314.48
10/19/2015,2320.62
10/17/2015,2320.62
10/16/2015,2368.08
10/15/2015,2382.03
10/14/2015,2309.42
10/13/2015,2288.97
10/12/2015,2269.30
10/10/2015,2269.30
10/9/2015,2289.81
10/8/2015,2314.22
10/7/2015,2379.41
10/6/2015,2393.35
10/5/2015,2345.43
10/3/2015,2345.43
10/2/2015,2329.66
10/1/2015,2372.37
9/30/2015,2394.90
9/29/2015,2397.15
9/28/2015,2418.64
9/26/2015,2418.64
9/25/2015,2426.03
9/24/2015,2387.82
9/23/2015,2402.66
9/22/2015,2417.65
9/21/2015,2397.55
9/19/2015,2397.55
9/18/2015,2349.73
9/17/2015,2352.24
9/16/2015,2386.95
9/15/2015,2420.84
9/14/2015,2419.09
9/12/2015,2419.09
9/11/2015,2439.49
9/10/2015,2439.98
9/9/2015,2479.04
9/8/2015,2468.32
9/7/2015,2448.14
9/5/2015,2448.14
9/4/2015,2434.61
9/3/2015,2443.78
9/2/2015,2399.17
9/1/2015,2434.51
8/31/2015,2405.55
8/29/2015,2405.55
8/28/2015,2447.13
8/27/2015,2528.01
8/26/2015,2595.70
8/25/2015,2623.69
8/24/2015,2517.26
8/22/2015,2517.26
8/21/2015,2449.82
8/20/2015,2373.34
8/19/2015,2368.62
8/18/2015,2353.01
8/17/2015,2331.49
8/15/2015,2331.49
8/14/2015,2299.07
8/13/2015,2334.49
8/12/2015,2262.39
8/11/2015,2270.23
8/10/2015,2239.99
8/8/2015,2239.99
8/7/2015,2227.82
8/6/2015,2190.86
8/5/2015,2210.18
8/4/2015,2195.16
8/3/2015,2095.47
8/1/2015,2095.47
7/31/2015,2059.03
7/30/2015,2107.44
7/29/2015,2121.32
7/28/2015,2076.21
7/27/2015,2022.22
7/25/2015,2022.22
7/24/2015,2031.55
7/23/2015,2010.80
7/22/2015,2030.60
7/21/2015,2037.37
7/20/2015,2088.86
7/18/2015,2088.86
7/17/2015,2096.67
7/16/2015,2103.72
7/15/2015,2112.51
7/14/2015,2101.99
7/13/2015,2117.82
7/11/2015,2117.82
7/10/2015,2128.92
7/9/2015,2123.34
7/8/2015,2145.48
7/7/2015,2111.55
7/6/2015,2088.52
7/4/2015,2088.52
7/3/2015,2083.36
7/2/2015,2089.82
7/1/2015,2109.52
6/30/2015,2100.21
6/29/2015,2069.60
6/27/2015,2069.60
6/26/2015,2062.03
6/25/2015,2044.09
6/24/2015,2062.38
6/23/2015,2055.42
6/22/2015,2072.47
6/20/2015,2072.47
6/19/2015,2054.09
6/18/2015,2042.25
6/17/2015,2053.84
6/16/2015,2093.64
6/12/2015,2069.57
6/11/2015,2090.40
6/10/2015,2122.90
6/9/2015,2114.28
6/8/2015,2126.45
6/6/2015,2126.45
6/5/2015,2090.56
6/4/2015,2024.20
6/3/2015,2042.48
6/2/2015,2016.32
6/1/2015,2027.34
5/30/2015,2027.34
5/29/2015,1999.68
5/28/2015,1948.38
5/27/2015,1931.77
5/26/2015,1930.26
5/25/2015,1938.55
5/23/2015,1938.55
5/22/2015,1941.38
5/21/2015,1931.82
5/20/2015,1928.39
5/19/2015,1943.40
5/18/2015,1955.70
5/16/2015,1955.70
5/15/2015,1955.78
5/14/2015,1900.02
5/13/2015,1938.85
5/11/2015,1933.95
5/9/2015,1933.95
5/8/2015,1915.46
5/7/2015,1914.27
5/6/2015,1975.88
5/1/2015,1980.05
4/30/2015,2002.72
4/29/2015,2020.29
4/28/2015,1957.17
4/27/2015,1925.90
4/25/2015,1925.90
4/24/2015,1970.49
4/23/2015,2074.22
4/22/2015,2078.33
4/21/2015,1993.10
4/20/2015,1956.86
4/18/2015,1956.86
4/17/2015,1923.85
4/16/2015,1931.98
4/15/2015,1990.95
4/14/2015,2018.86
4/13/2015,1973.36
4/11/2015,1973.36
4/10/2015,2020.37
4/9/2015,2103.69
4/8/2015,2149.91
4/7/2015,2177.71
4/6/2015,2186.86
4/4/2015,2186.86
4/3/2015,2201.48
4/2/2015,2216.16
4/1/2015,2185.73
3/31/2015,2231.92
3/30/2015,2223.48
3/28/2015,2223.48
3/27/2015,2194.06
3/26/2015,2200.33
3/25/2015,2254.68
3/24/2015,2257.90
3/23/2015,2261.64
3/21/2015,2261.64
3/20/2015,2239.07
3/19/2015,2266.28
3/18/2015,2292.57
3/17/2015,2311.87
3/16/2015,2279.90
3/14/2015,2279.90
3/13/2015,2275.92
3/12/2015,2335.11
3/11/2015,2264.44
3/9/2015,2307.86
3/7/2015,2307.86
3/6/2015,2385.56
3/5/2015,2395.63
3/4/2015,2421.63
3/3/2015,2434.20
3/2/2015,2373.77
2/28/2015,2373.77
2/27/2015,2381.32
2/26/2015,2427.88
2/25/2015,2441.02
2/23/2015,2388.29
2/21/2015,2388.29
2/20/2015,2432.51
2/19/2015,2420.49
2/18/2015,2468.18
2/17/2015,2485.09
2/16/2015,2564.97
2/14/2015,2564.97
2/13/2015,2603.83
2/12/2015,2623.99
2/11/2015,2603.90
2/10/2015,2627.27
2/9/2015,2683.90
2/7/2015,2683.90
2/6/2015,2787.71
2/5/2015,2670.72
2/4/2015,2791.22
2/3/2015,2854.00
2/2/2015,2800.07
1/31/2015,2800.07
1/30/2015,2818.51
1/29/2015,2778.56
1/28/2015,2788.62
1/27/2015,2705.17
1/26/2015,2636.32
1/24/2015,2636.32
1/23/2015,2706.12
1/22/2015,2735.75
1/21/2015,2699.97
1/20/2015,2664.44
1/19/2015,2636.52
1/17/2015,2636.52
1/16/2015,2574.82
1/15/2015,2611.23
1/14/2015,2582.98
1/13/2015,2464.80
1/1/2015,2168.34
12/31/2014,2146.08
12/30/2014,2175.83
12/29/2014,1969.05
12/27/2014,1969.05
12/26/2014,1991.06
12/25/2014,2062.03
12/24/2014,2069.34
12/23/2014,2170.96
12/22/2014,2336.31
12/20/2014,2336.31
12/19/2014,2320.13
12/18/2014,2613.03
12/17/2014,2357.79
12/16/2014,2271.21
12/15/2014,2237.92
12/13/2014,2237.92
12/12/2014,2148.32
12/11/2014,2143.30
12/10/2014,2102.86
12/9/2014,2048.52
12/8/2014,2056.67
12/6/2014,2056.67
12/5/2014,2039.73
12/4/2014,2103.79
12/3/2014,1953.77
12/2/2014,1963.36
12/1/2014,1878.31
11/29/2014,1878.31
11/28/2014,1833.51
11/27/2014,1784.75
11/26/2014,1738.46
11/25/2014,1722.09
11/24/2014,1756.78
11/22/2014,1756.78
11/21/2014,1792.90
11/20/2014,1815.57
11/19/2014,1815.54
11/18/2014,1806.36
11/17/2014,1758.33
11/15/2014,1758.33
11/14/2014,1721.64
11/13/2014,1733.01
11/12/2014,1700.85
11/11/2014,1729.26
11/10/2014,1762.49
11/8/2014,1762.49
11/7/2014,1662.66
11/6/2014,1634.81
11/3/2014,1582.87
11/1/2014,1582.87
10/31/2014,1682.21
10/30/2014,1683.97
10/29/2014,1674.08
10/28/2014,1659.59
10/27/2014,1655.75
10/25/2014,1655.75
10/24/2014,1654.98
10/23/2014,1642.12
10/22/2014,1652.05
10/21/2014,1631.13
10/20/2014,1633.70
10/18/2014,1633.70
10/17/2014,1625.71
10/16/2014,1610.50
10/15/2014,1606.70
10/14/2014,1592.08
10/13/2014,1580.20
10/11/2014,1580.20
10/10/2014,1577.81
10/9/2014,1568.25
10/8/2014,1542.85
10/7/2014,1533.86
10/6/2014,1541.16
10/4/2014,1541.16
10/3/2014,1544.21
10/2/2014,1540.97
10/1/2014,1532.12
9/30/2014,1542.05
9/29/2014,1521.72
9/27/2014,1521.72
9/26/2014,1490.60
9/25/2014,1510.47
9/24/2014,1522.89
9/23/2014,1505.74
9/22/2014,1509.81
9/20/2014,1509.81
9/19/2014,1510.72
9/18/2014,1525.47
9/17/2014,1541.52
9/16/2014,1507.98
9/15/2014,1497.84
9/13/2014,1497.84
9/12/2014,1498.47
9/11/2014,1498.85
9/10/2014,1495.16
9/9/2014,1511.02
9/8/2014,1500.45
9/6/2014,1500.45
9/5/2014,1503.93
9/4/2014,1521.96
9/3/2014,1534.28
9/2/2014,1543.47
9/1/2014,1526.67
8/30/2014,1526.67
8/29/2014,1503.41
8/28/2014,1493.06
8/27/2014,1494.65
8/26/2014,1483.25
8/25/2014,1482.77
8/23/2014,1482.77
8/22/2014,1495.74
8/21/2014,1507.61
8/20/2014,1509.52
8/19/2014,1509.07
8/18/2014,1520.45
8/16/2014,1520.45
8/15/2014,1523.69
8/14/2014,1524.71
8/13/2014,1521.14
8/12/2014,1516.20
8/11/2014,1543.80
8/9/2014,1543.80
8/8/2014,1517.42
8/7/2014,1495.91
8/6/2014,1487.90
8/5/2014,1483.01
8/4/2014,1475.45
8/2/2014,1475.45
8/1/2014,1475.71
7/31/2014,1490.38
7/30/2014,1497.94
7/29/2014,1482.99
7/28/2014,1456.64
7/26/2014,1456.64
7/25/2014,1466.14
7/24/2014,1463.31
7/23/2014,1472.36
7/22/2014,1481.00
7/21/2014,1481.25
7/19/2014,1481.25
7/18/2014,1457.57
7/17/2014,1434.40
7/16/2014,1449.88
7/15/2014,1457.61
7/14/2014,1463.46
7/12/2014,1463.46
7/11/2014,1461.23
7/10/2014,1448.88
7/9/2014,1459.06
7/8/2014,1459.57
7/7/2014,1458.31
7/5/2014,1458.31
7/4/2014,1453.94
7/3/2014,1460.95
7/2/2014,1458.91
7/1/2014,1428.66
6/30/2014,1422.11
6/28/2014,1422.11
6/27/2014,1423.13
6/26/2014,1430.26
6/25/2014,1445.40
6/24/2014,1447.63
6/23/2014,1449.64
6/21/2014,1449.64
6/20/2014,1413.85
6/19/2014,1420.76
6/18/2014,1415.17
6/17/2014,1424.41
6/13/2014,1393.17
6/12/2014,1393.17
6/11/2014,1385.07
6/10/2014,1385.20
6/9/2014,1397.28
6/7/2014,1397.28
6/6/2014,1396.86
6/5/2014,1407.69
6/4/2014,1400.58
6/3/2014,1396.23
6/2/2014,1400.42
5/31/2014,1400.42
5/30/2014,1396.91
5/29/2014,1402.99
5/28/2014,1413.08
5/27/2014,1414.97
5/26/2014,1425.36
5/24/2014,1425.36
5/23/2014,1426.71
5/22/2014,1433.41
5/21/2014,1436.71
5/20/2014,1453.08
5/19/2014,1446.65
5/17/2014,1446.65
5/16/2014,1454.52
5/15/2014,1450.97
5/14/2014,1449.67
5/13/2014,1463.39
5/9/2014,1454.44
5/8/2014,1496.19
5/7/2014,1499.98
5/6/2014,1476.28
5/2/2014,1483.88
5/1/2014,1483.88
4/30/2014,1480.28
4/29/2014,1507.99
4/28/2014,1495.04
4/26/2014,1495.04
4/25/2014,1472.48
4/24/2014,1471.63
4/23/2014,1480.61
4/22/2014,1489.66
4/21/2014,1484.24
4/19/2014,1484.24
4/18/2014,1500.81
4/17/2014,1506.89
4/16/2014,1516.43
4/15/2014,1532.54
4/14/2014,1508.69
4/12/2014,1508.69
4/11/2014,1510.76
4/10/2014,1505.38
4/9/2014,1502.60
4/8/2014,1481.27
4/7/2014,1476.38
4/5/2014,1476.38
4/4/2014,1469.84
4/3/2014,1455.24
4/2/2014,1448.66
4/1/2014,1481.29
3/31/2014,1486.70
3/29/2014,1486.70
3/28/2014,1481.42
3/27/2014,1498.17
3/26/2014,1518.83
3/25/2014,1537.19
3/24/2014,1566.52
3/22/2014,1566.52
3/21/2014,1540.52
3/20/2014,1566.85
3/19/2014,1596.65
3/18/2014,1624.93
3/17/2014,1613.82
3/15/2014,1613.82
3/14/2014,1606.96
3/13/2014,1590.39
3/12/2014,1577.61
3/10/2014,1571.85
3/8/2014,1571.85
3/7/2014,1549.66
3/6/2014,1547.07
3/5/2014,1564.19
3/4/2014,1572.22
3/3/2014,1544.66
3/1/2014,1544.66
2/28/2014,1542.68
2/27/2014,1541.78
2/26/2014,1524.00
2/25/2014,1521.90
2/24/2014,1515.20
2/22/2014,1515.20
2/21/2014,1510.73
2/20/2014,1508.79
2/19/2014,1488.69
2/18/2014,1496.28
2/17/2014,1483.19
2/15/2014,1483.19
2/14/2014,1446.12
2/13/2014,1437.72
2/12/2014,1435.05
2/11/2014,1423.36
2/10/2014,1401.82
2/8/2014,1401.82
2/7/2014,1405.18
2/6/2014,1412.82
2/5/2014,1428.11
2/4/2014,1412.06
2/3/2014,1409.87
2/1/2014,1409.87
1/31/2014,1420.96
1/30/2014,1394.32
1/29/2014,1395.42
1/28/2014,1417.23
1/27/2014,1387.04
1/25/2014,1387.04
1/24/2014,1361.46
1/23/2014,1349.70
1/22/2014,1356.57
1/21/2014,1357.19
1/20/2014,1334.00
1/18/2014,1334.00
1/17/2014,1328.65
1/16/2014,1327.66
1/15/2014,1334.47
1/14/2014,1326.80
1/13/2014,1315.55
1/11/2014,1315.55
1/10/2014,1306.85
1/1/2014,1261.58
12/31/2013,1264.30
12/30/2013,1268.53
12/28/2013,1268.53
12/27/2013,1256.80
12/26/2013,1255.94
12/25/2013,1255.16
12/24/2013,1263.58
12/23/2013,1267.09
12/21/2013,1267.09
12/20/2013,1276.91
12/19/2013,1306.08
12/18/2013,1307.30
12/17/2013,1299.16
12/16/2013,1292.05
12/14/2013,1292.05
12/13/2013,1309.40
12/12/2013,1320.95
12/11/2013,1313.09
12/10/2013,1294.65
12/9/2013,1303.87
12/7/2013,1303.87
12/6/2013,1313.76
12/5/2013,1297.23
12/4/2013,1302.97
12/3/2013,1318.85
12/2/2013,1328.85
11/30/2013,1328.85
11/29/2013,1322.78
11/28/2013,1327.18
11/27/2013,1326.53
11/26/2013,1297.88
11/25/2013,1313.69
11/23/2013,1313.69
11/22/2013,1325.35
11/21/2013,1338.47
11/20/2013,1333.86
11/19/2013,1343.84
11/18/2013,1346.75
11/16/2013,1346.75
11/15/2013,1348.60
11/14/2013,1346.35
11/13/2013,1351.18
11/12/2013,1348.08
11/11/2013,1369.79
11/9/2013,1369.79
11/8/2013,1370.02
11/7/2013,1374.06
11/6/2013,1363.84
11/4/2013,1360.29
11/2/2013,1360.29
11/1/2013,1375.44
10/31/2013,1391.06
10/30/2013,1383.16
10/29/2013,1381.77
10/28/2013,1366.51
10/26/2013,1366.51
10/25/2013,1360.24
10/24/2013,1360.48
10/23/2013,1346.80
10/22/2013,1349.76
10/21/2013,1348.44
10/19/2013,1348.44
10/18/2013,1349.65
10/17/2013,1325.62
10/16/2013,1302.49
10/15/2013,1323.70
10/14/2013,1331.63
10/12/2013,1331.63
10/11/2013,1350.29
10/10/2013,1362.48
10/9/2013,1371.75
10/8/2013,1361.14
10/7/2013,1358.18
10/5/2013,1358.18
10/4/2013,1351.99
10/3/2013,1343.43
10/2/2013,1383.35
10/1/2013,1395.03
9/30/2013,1374.25
9/28/2013,1374.25
9/27/2013,1378.34
9/26/2013,1355.51
9/25/2013,1346.69
9/24/2013,1356.05
9/23/2013,1382.66
9/21/2013,1382.66
9/20/2013,1384.79
9/19/2013,1347.45
9/18/2013,1368.93
9/17/2013,1364.93
9/16/2013,1377.11
9/14/2013,1377.11
9/13/2013,1407.88
9/12/2013,1446.87
9/11/2013,1459.37
9/10/2013,1484.96
9/9/2013,1470.76
9/7/2013,1470.76
9/6/2013,1494.07
9/5/2013,1510.36
9/4/2013,1492.60
9/3/2013,1487.36
9/2/2013,1488.75
8/31/2013,1488.75
8/30/2013,1500.06
8/29/2013,1520.66
8/28/2013,1502.59
8/27/2013,1459.56
8/26/2013,1460.75
8/24/2013,1460.75
8/23/2013,1462.47
8/22/2013,1441.77
8/21/2013,1449.05
8/20/2013,1455.68
8/19/2013,1441.19
8/17/2013,1441.19
8/16/2013,1421.19
8/15/2013,1410.67
8/14/2013,1417.17
8/13/2013,1401.94
8/12/2013,1379.25
8/10/2013,1379.25
8/9/2013,1363.79
8/8/2013,1352.65
8/7/2013,1368.24
8/6/2013,1385.93
8/5/2013,1368.19
8/3/2013,1368.19
8/2/2013,1403.36
8/1/2013,1414.10
7/31/2013,1398.20
7/30/2013,1405.71
7/29/2013,1393.22
7/27/2013,1393.22
7/26/2013,1372.49
7/25/2013,1393.54
7/24/2013,1378.24
7/23/2013,1365.28
7/22/2013,1340.80
7/20/2013,1340.80
7/19/2013,1333.09
7/18/2013,1339.95
7/17/2013,1345.46
7/16/2013,1343.80
7/15/2013,1338.10
7/13/2013,1338.10
7/12/2013,1341.82
7/11/2013,1325.03
7/10/2013,1331.73
7/9/2013,1312.87
7/8/2013,1316.82
7/6/2013,1316.82
7/5/2013,1332.13
7/4/2013,1330.80
7/3/2013,1335.49
7/2/2013,1313.39
7/1/2013,1265.36
6/29/2013,1265.36
6/28/2013,1302.23
6/27/2013,1299.50
6/26/2013,1351.54
6/25/2013,1357.77
6/24/2013,1358.27
6/22/2013,1358.27
6/21/2013,1370.32
6/20/2013,1410.65
6/19/2013,1413.02
6/18/2013,1411.64
6/17/2013,1410.78
6/15/2013,1410.78
6/14/2013,1441.66
6/12/2013,1426.37
6/11/2013,1430.80
6/10/2013,1461.51
6/8/2013,1461.51
6/7/2013,1446.07
6/6/2013,1435.93
6/5/2013,1438.27
6/4/2013,1439.20
6/3/2013,1441.73
6/1/2013,1441.73
5/31/2013,1428.21
5/30/2013,1403.05
5/29/2013,1391.19
5/28/2013,1399.14
5/27/2013,1394.73
5/25/2013,1394.73
5/24/2013,1402.38
5/23/2013,1390.79
5/22/2013,1382.01
5/21/2013,1364.07
5/20/2013,1389.57
5/18/2013,1389.57
5/17/2013,1390.86
5/16/2013,1426.99
5/15/2013,1444.55
5/14/2013,1442.35
5/9/2013,1453.04
5/8/2013,1461.84
5/7/2013,1468.32
5/1/2013,1469.90
4/30/2013,1479.71
4/29/2013,1467.71
4/27/2013,1467.71
4/26/2013,1456.42
4/25/2013,1446.86
4/24/2013,1441.76
4/23/2013,1446.21
4/22/2013,1430.23
4/20/2013,1430.23
4/19/2013,1424.47
4/18/2013,1384.70
4/17/2013,1393.40
4/16/2013,1425.18
4/15/2013,1539.40
4/13/2013,1539.40
4/12/2013,1544.64
4/11/2013,1576.42
4/10/2013,1577.81
4/9/2013,1603.16
4/8/2013,1578.57
4/6/2013,1578.57
4/4/2013,1583.04
4/3/2013,1598.48
4/2/2013,1598.55
4/1/2013,1597.22
3/30/2013,1597.22
3/29/2013,1596.97
3/28/2013,1578.70
3/27/2013,1585.43
3/26/2013,1584.48
3/25/2013,1602.64
3/23/2013,1602.64
3/22/2013,1597.83
3/21/2013,1603.27
3/20/2013,1588.33
3/19/2013,1588.56
3/18/2013,1573.59
3/16/2013,1573.59
3/15/2013,1568.36
3/14/2013,1571.92
3/13/2013,1564.51
3/12/2013,1559.96
3/8/2013,1563.19
3/7/2013,1549.60
3/6/2013,1563.51
3/5/2013,1561.94
3/4/2013,1546.51
3/2/2013,1546.51
3/1/2013,1560.76
2/28/2013,1583.51
2/27/2013,1570.82
2/26/2013,1553.24
2/25/2013,1542.21
2/23/2013,1542.21
2/22/2013,1524.64
2/21/2013,1547.75
2/20/2013,1562.88
2/19/2013,1560.60
2/18/2013,1577.41
2/16/2013,1577.41
2/15/2013,1589.76
2/14/2013,1593.20
2/13/2013,1592.55
2/12/2013,1612.99
2/11/2013,1618.97
2/9/2013,1618.97
2/8/2013,1618.97
2/7/2013,1608.59
2/6/2013,1625.11
2/5/2013,1601.20
2/4/2013,1605.75
2/2/2013,1605.75
2/1/2013,1615.96
1/31/2013,1608.62
1/30/2013,1609.67
1/29/2013,1602.14
1/28/2013,1613.41
1/26/2013,1613.41
1/25/2013,1626.39
1/24/2013,1644.68
1/23/2013,1643.06
1/22/2013,1644.23
1/21/2013,1641.26
1/19/2013,1641.26
1/18/2013,1642.10
1/17/2013,1638.51
1/16/2013,1635.17
1/15/2013,1622.56
1/14/2013,1623.89
1/12/2013,1623.89
1/11/2013,1623.51
1/10/2013,1627.02
12/31/2012,1619.78
12/30/2012,1618.56
12/29/2012,1619.78
12/28/2012,1622.11
12/27/2012,1636.39
12/26/2012,1635.19
12/25/2012,1646.52
12/24/2012,1627.90
12/22/2012,1627.90
12/21/2012,1648.55
12/20/2012,1656.04
12/19/2012,1693.07
12/18/2012,1671.86
12/17/2012,1673.90
12/15/2012,1673.90
12/14/2012,1667.50
12/13/2012,1692.05
12/12/2012,1690.35
12/11/2012,1695.60
12/10/2012,1689.55
12/8/2012,1689.55
12/7/2012,1682.51
12/6/2012,1687.67
12/5/2012,1700.74
12/4/2012,1703.25
12/3/2012,1712.00
12/1/2012,1712.00
11/30/2012,1721.89
11/29/2012,1743.09
11/28/2012,1738.12
11/27/2012,1742.56
11/26/2012,1736.37
11/24/2012,1736.37
11/23/2012,1732.48
11/22/2012,1744.42
11/21/2012,1752.00
11/20/2012,1754.51
11/19/2012,1743.81
11/17/2012,1743.81
11/16/2012,1756.10
11/15/2012,1759.05
11/14/2012,1758.74
11/13/2012,1763.75
11/12/2012,1754.63
11/10/2012,1754.63
11/9/2012,1737.67
11/8/2012,1741.62
11/7/2012,1714.38
11/5/2012,1723.53
11/3/2012,1723.53
11/2/2012,1737.83
11/1/2012,1732.96
10/31/2012,1736.73
10/30/2012,1730.37
10/29/2012,1724.52
10/27/2012,1724.52
10/26/2012,1723.07
10/25/2012,1719.51
10/24/2012,1717.75
10/23/2012,1714.18
10/22/2012,1714.86
10/20/2012,1714.86
10/19/2012,1726.42
10/18/2012,1730.49
10/17/2012,1728.89
10/16/2012,1745.88
10/15/2012,1759.63
10/13/2012,1759.63
10/12/2012,1770.84
10/11/2012,1768.57
10/10/2012,1770.52
10/9/2012,1767.53
10/8/2012,1782.57
10/6/2012,1782.57
10/5/2012,1787.51
10/4/2012,1782.44
10/3/2012,1780.30
10/2/2012,1779.06
10/1/2012,1770.32
9/29/2012,1770.32
9/28/2012,1760.42
9/27/2012,1770.48
9/26/2012,1770.00
9/25/2012,1766.86
9/24/2012,1777.35
9/22/2012,1777.35
9/21/2012,1786.73
9/20/2012,1760.80
9/19/2012,1744.10
9/18/2012,1737.89
9/17/2012,1756.24
9/15/2012,1756.24
9/14/2012,1746.95
9/13/2012,1763.73
9/12/2012,1768.47
9/11/2012,1767.21
9/10/2012,1745.66
9/8/2012,1745.66
9/7/2012,1768.72
9/6/2012,1763.23
9/5/2012,1751.10
9/4/2012,1757.21
9/3/2012,1735.75
9/1/2012,1735.75
8/31/2012,1720.39
8/30/2012,1717.26
8/29/2012,1712.43
8/28/2012,1708.10
8/27/2012,1704.35
8/25/2012,1704.35
8/24/2012,1693.47
8/23/2012,1677.53
8/22/2012,1668.75
8/21/2012,1662.66
8/20/2012,1655.14
8/18/2012,1655.14
8/17/2012,1644.62
8/16/2012,1633.19
8/15/2012,1649.30
8/14/2012,1662.26
8/13/2012,1649.56
8/11/2012,1649.56
8/10/2012,1632.31
8/9/2012,1637.34
8/8/2012,1642.09
8/7/2012,1650.23
8/6/2012,1668.46
8/4/2012,1668.46
8/3/2012,1674.29
8/2/2012,1678.54
8/1/2012,1680.26
7/31/2012,1672.87
7/30/2012,1676.50
7/28/2012,1676.50
7/27/2012,1681.28
7/26/2012,1682.55
7/25/2012,1650.32
7/24/2012,1635.79
7/23/2012,1626.13
7/21/2012,1626.13
7/20/2012,1629.42
7/19/2012,1645.55
7/18/2012,1666.38
7/17/2012,1661.27
7/16/2012,1657.97
7/14/2012,1657.97
7/13/2012,1646.75
7/12/2012,1663.92
7/11/2012,1690.46
7/10/2012,1676.93
7/9/2012,1669.56
7/7/2012,1669.56
7/6/2012,1687.92
7/5/2012,1674.34
7/4/2012,1679.63
7/3/2012,1669.39
7/2/2012,1655.96
6/30/2012,1655.96
6/29/2012,1660.38
6/28/2012,1654.93
6/27/2012,1688.60
6/26/2012,1673.21
6/25/2012,1692.47
6/23/2012,1692.47
6/22/2012,1692.69
6/21/2012,1692.29
6/20/2012,1703.27
6/19/2012,1677.16
6/18/2012,1689.58
6/16/2012,1689.58
6/15/2012,1695.68
6/14/2012,1697.25
6/11/2012,1658.71
6/10/2012,1651.65
6/9/2012,1658.71
6/8/2012,1677.48
6/7/2012,1721.75
6/6/2012,1714.26
6/5/2012,1757.60
6/4/2012,1684.02
6/2/2012,1684.02
6/1/2012,1658.91
5/31/2012,1615.84
5/30/2012,1623.46
5/29/2012,1615.73
5/28/2012,1593.30
5/26/2012,1593.30
5/25/2012,1584.62
5/24/2012,1568.84
5/23/2012,1573.77
5/22/2012,1593.05
5/21/2012,1602.73
5/19/2012,1602.73
5/18/2012,1538.95
5/17/2012,1531.19
5/16/2012,1520.22
5/15/2012,1520.87
5/14/2012,1536.39
5/13/2012,1535.96
5/12/2012,1536.39
5/11/2012,1543.26
5/7/2012,1550.40
5/6/2012,1575.26
5/5/2012,1550.40
5/4/2012,1555.87
5/3/2012,1560.44
4/30/2012,1564.66
4/29/2012,1570.40
4/28/2012,1564.66
4/27/2012,1551.46
4/26/2012,1545.88
4/25/2012,1551.89
4/24/2012,1547.23
4/23/2012,1556.58
4/21/2012,1556.58
4/20/2012,1557.99
4/19/2012,1561.50
4/18/2012,1574.10
4/17/2012,1577.13
4/16/2012,1582.83
4/14/2012,1582.83
4/13/2012,1573.83
4/12/2012,1584.86
4/11/2012,1566.19
4/10/2012,1554.04
4/9/2012,1544.85
4/7/2012,1544.85
4/6/2012,1535.22
4/5/2012,1543.88
4/4/2012,1577.34
4/3/2012,1570.08
4/2/2012,1565.96
3/31/2012,1565.96
3/30/2012,1558.96
3/29/2012,1568.14
3/28/2012,1576.54
3/27/2012,1558.19
3/26/2012,1560.78
3/24/2012,1560.78
3/23/2012,1538.23
3/22/2012,1555.08
3/21/2012,1545.77
3/20/2012,1553.97
3/19/2012,1556.45
3/17/2012,1556.45
3/16/2012,1566.21
3/15/2012,1576.99
3/14/2012,1607.88
3/13/2012,1626.47
3/12/2012,1602.71
3/8/2012,1604.53
3/7/2012,1595.94
3/6/2012,1598.95
3/5/2012,1614.87
3/3/2012,1614.87
3/2/2012,1620.60
3/1/2012,1668.53
2/29/2012,1651.89
2/28/2012,1652.81
2/27/2012,1683.90
2/25/2012,1683.90
2/23/2012,1679.47
2/22/2012,1663.07
2/21/2012,1655.94
2/20/2012,1670.45
2/18/2012,1670.45
2/17/2012,1666.69
2/16/2012,1661.18
2/15/2012,1664.74
2/14/2012,1659.47
2/13/2012,1648.70
2/11/2012,1648.70
2/10/2012,1653.66
2/9/2012,1663.96
2/8/2012,1663.79
2/7/2012,1668.91
2/6/2012,1710.57
2/4/2012,1710.57
2/3/2012,1695.92
2/2/2012,1704.93
2/1/2012,1693.83
1/31/2012,1679.63
1/30/2012,1680.98
1/28/2012,1680.98
1/27/2012,1672.05
1/26/2012,1635.72
1/25/2012,1656.75
1/24/2012,1687.33
1/23/2012,1655.76
1/21/2012,1655.76
1/20/2012,1684.02
1/19/2012,1680.40
1/18/2012,1685.56
1/17/2012,1687.40
1/16/2012,1667.31
1/14/2012,1667.31
1/13/2012,1683.17
1/12/2012,1671.87
1/11/2012,1667.25
1/2/2012,1629.81
12/31/2011,1629.81
12/30/2011,1582.79
12/29/2011,1607.42
12/28/2011,1606.53
12/27/2011,1613.86
12/26/2011,1615.46
12/24/2011,1615.46
12/23/2011,1632.79
12/22/2011,1672.30
12/21/2011,1653.94
12/20/2011,1640.57
12/19/2011,1623.57
12/17/2011,1623.57
12/16/2011,1630.50
12/15/2011,1669.80
12/14/2011,1695.35
12/13/2011,1696.74
12/12/2011,1737.63
12/10/2011,1737.63
12/9/2011,1746.12
12/8/2011,1733.74
12/7/2011,1719.95
12/6/2011,1732.97
12/5/2011,1734.47
12/3/2011,1734.47
12/2/2011,1735.66
12/1/2011,1720.25
11/30/2011,1729.04
11/29/2011,1730.98
11/28/2011,1701.61
11/26/2011,1701.61
11/25/2011,1717.19
11/24/2011,1691.95
11/23/2011,1695.19
11/22/2011,1696.65
11/21/2011,1719.74
11/19/2011,1719.74
11/18/2011,1735.12
11/17/2011,1758.08
11/16/2011,1739.83
11/15/2011,1734.05
11/14/2011,1731.37
11/12/2011,1731.37
11/11/2011,1751.35
11/10/2011,1722.76
11/9/2011,1759.27
11/8/2011,1733.71
11/4/2011,1718.03
11/3/2011,1707.60
11/2/2011,1676.90
11/1/2011,1663.92
10/31/2011,1667.74
10/29/2011,1667.74
10/28/2011,1660.70
10/27/2011,1683.79
10/26/2011,1623.96
10/25/2011,1636.24
10/24/2011,1635.14
10/22/2011,1635.14
10/21/2011,1643.42
10/20/2011,1641.56
10/19/2011,1650.85
10/18/2011,1669.10
10/17/2011,1669.91
10/15/2011,1669.91
10/14/2011,1678.27
10/13/2011,1703.90
10/12/2011,1679.29
10/11/2011,1712.48
10/10/2011,1709.23
10/8/2011,1709.23
10/7/2011,1724.01
10/6/2011,1678.91
10/5/2011,1756.74
10/4/2011,1739.28
10/3/2011,1681.71
10/1/2011,1681.71
9/30/2011,1660.19
9/29/2011,1693.02
9/28/2011,1730.99
9/27/2011,1685.53
9/26/2011,1785.89
9/24/2011,1785.89
9/23/2011,1811.31
9/22/2011,1828.22
9/21/2011,1814.61
9/20/2011,1803.24
9/19/2011,1745.38
9/17/2011,1745.38
9/16/2011,1771.20
9/15/2011,1785.53
9/14/2011,1752.80
9/13/2011,1795.59
9/12/2011,1794.11
9/10/2011,1794.11
9/9/2011,1732.90
9/8/2011,1748.37
9/7/2011,1800.24
9/6/2011,1789.19
9/5/2011,1732.22
9/3/2011,1732.22
9/2/2011,1686.36
9/1/2011,1698.27
8/31/2011,1661.64
8/30/2011,1650.45
8/29/2011,1658.78
8/27/2011,1658.78
8/26/2011,1593.93
8/25/2011,1719.16
8/24/2011,1756.17
8/23/2011,1766.18
8/22/2011,1752.29
8/20/2011,1752.29
8/19/2011,1668.03
8/18/2011,1654.72
8/17/2011,1641.71
8/16/2011,1612.50
8/15/2011,1661.43
8/13/2011,1661.43
8/12/2011,1689.16
8/11/2011,1652.43
8/10/2011,1674.00
8/9/2011,1567.79
8/8/2011,1516.97
8/6/2011,1516.97
8/5/2011,1489.80
8/4/2011,1495.73
8/3/2011,1452.32
8/2/2011,1427.63
8/1/2011,1436.11
7/30/2011,1436.11
7/29/2011,1434.82
7/28/2011,1430.28
7/27/2011,1425.85
7/26/2011,1443.54
7/25/2011,1415.10
7/23/2011,1415.10
7/22/2011,1436.07
7/21/2011,1428.55
7/20/2011,1449.90
7/19/2011,1447.90
7/18/2011,1427.48
7/16/2011,1427.48
7/15/2011,1436.72
7/14/2011,1427.62
7/13/2011,1409.47
7/12/2011,1393.65
7/11/2011,1368.24
7/9/2011,1368.24
7/8/2011,1373.24
7/7/2011,1359.23
7/6/2011,1342.57
7/5/2011,1336.62
7/4/2011,1336.78
7/2/2011,1336.78
7/1/2011,1351.36
6/30/2011,1359.40
6/29/2011,1363.94
6/28/2011,1368.01
6/27/2011,1377.33
6/25/2011,1377.33
6/24/2011,1390.50
6/23/2011,1386.57
6/22/2011,1389.63
6/21/2011,1392.45
6/20/2011,1382.69
6/18/2011,1382.69
6/17/2011,1382.15
6/16/2011,1361.22
6/15/2011,1362.47
6/13/2011,1376.87
6/11/2011,1376.87
6/10/2011,1366.30
6/9/2011,1366.72
6/8/2011,1383.02
6/7/2011,1377.66
6/6/2011,1372.09
6/4/2011,1372.09
6/3/2011,1389.09
6/2/2011,1377.80
6/1/2011,1382.67
5/31/2011,1383.41
5/30/2011,1378.55
5/28/2011,1378.55
5/27/2011,1380.84
5/26/2011,1398.17
5/25/2011,1390.38
5/24/2011,1374.56
5/23/2011,1348.68
5/21/2011,1348.68
5/20/2011,1338.33
5/19/2011,1344.69
5/18/2011,1351.94
5/17/2011,1351.69
5/16/2011,1352.93
5/14/2011,1352.93
5/13/2011,1337.23
5/12/2011,1354.19
5/11/2011,1359.25
5/9/2011,1323.21
5/7/2011,1323.21
5/6/2011,1327.47
5/5/2011,1351.50
5/4/2011,1359.12
5/2/2011,1357.71
4/30/2011,1357.71
4/29/2011,1353.51
4/28/2011,1343.69
4/27/2011,1349.82
4/26/2011,1353.56
4/25/2011,1351.01
4/23/2011,1351.01
4/22/2011,1353.72
4/21/2011,1361.88
4/20/2011,1366.08
4/19/2011,1344.19
4/18/2011,1336.05
4/16/2011,1336.05
4/15/2011,1320.91
4/14/2011,1317.89
4/13/2011,1322.29
4/12/2011,1321.73
4/11/2011,1329.50
4/9/2011,1329.50
4/8/2011,1321.88
4/7/2011,1321.76
4/6/2011,1305.72
4/5/2011,1300.05
4/4/2011,1308.36
4/2/2011,1308.36
4/1/2011,1311.96
3/31/2011,1296.98
3/30/2011,1288.53
3/29/2011,1297.08
3/28/2011,1301.23
3/26/2011,1301.23
3/25/2011,1316.05
3/24/2011,1302.46
3/23/2011,1290.42
3/22/2011,1302.16
3/21/2011,1295.94
3/19/2011,1295.94
3/18/2011,1296.95
3/17/2011,1288.55
3/16/2011,1299.46
3/15/2011,1312.77
3/14/2011,1297.72
3/12/2011,1297.72
3/11/2011,1302.09
3/10/2011,1302.22
3/7/2011,1285.08
3/6/2011,1292.49
3/5/2011,1285.08
3/4/2011,1302.61
3/3/2011,1316.63
3/2/2011,1307.78
3/1/2011,1310.00
2/28/2011,1307.29
2/26/2011,1307.29
2/25/2011,1326.17
2/23/2011,1313.01
2/22/2011,1311.82
2/21/2011,1303.31
2/19/2011,1303.31
2/18/2011,1294.71
2/17/2011,1293.63
2/16/2011,1292.02
2/15/2011,1276.26
2/14/2011,1281.07
2/12/2011,1281.07
2/11/2011,1282.30
2/10/2011,1283.54
2/9/2011,1273.53
2/8/2011,1271.88
2/7/2011,1274.29
2/5/2011,1274.29
2/4/2011,1257.33
2/3/2011,1264.72
2/2/2011,1275.20
2/1/2011,1277.69
1/31/2011,1255.28
1/29/2011,1255.28
1/28/2011,1276.02
1/27/2011,1278.54
1/26/2011,1270.21
1/25/2011,1293.26
1/24/2011,1296.79
1/22/2011,1296.79
1/21/2011,1312.35
1/20/2011,1317.29
1/19/2011,1315.26
1/18/2011,1311.67
1/17/2011,1318.65
1/15/2011,1318.65
1/14/2011,1335.87
1/13/2011,1352.15
1/12/2011,1359.76
1/3/2011,1376.11
1/1/2011,1376.11
12/31/2010,1383.06
12/30/2010,1369.91
12/29/2010,1343.59
12/28/2010,1351.47
12/27/2010,1357.17
12/25/2010,1357.17
12/24/2010,1361.25
12/23/2010,1371.82
12/22/2010,1368.86
12/21/2010,1366.40
12/20/2010,1355.51
12/18/2010,1355.51
12/17/2010,1368.40
12/16/2010,1371.13
12/15/2010,1388.79
12/14/2010,1379.19
12/13/2010,1379.14
12/11/2010,1379.14
12/10/2010,1376.65
12/9/2010,1401.26
12/8/2010,1431.52
12/7/2010,1419.81
12/6/2010,1398.94
12/4/2010,1398.94
12/3/2010,1401.10
12/2/2010,1407.25
12/1/2010,1385.17
11/30/2010,1368.86
11/29/2010,1377.50
11/27/2010,1377.50
11/26/2010,1378.46
11/25/2010,1384.63
11/24/2010,1368.03
11/23/2010,1352.76
11/22/2010,1350.76
11/20/2010,1350.76
11/19/2010,1360.96
11/18/2010,1347.04
11/17/2010,1361.17
11/16/2010,1356.44
11/15/2010,1372.23
11/14/2010,1376.80
11/13/2010,1372.23
11/12/2010,1386.07
11/11/2010,1383.47
11/10/2010,1405.22
11/9/2010,1376.57
11/4/2010,1343.97
11/3/2010,1344.49
11/2/2010,1347.07
11/1/2010,1322.94
10/30/2010,1322.94
10/29/2010,1308.38
10/28/2010,1309.32
10/27/2010,1303.83
10/26/2010,1307.05
10/25/2010,1293.31
10/23/2010,1293.31
10/22/2010,1329.30
10/21/2010,1327.28
10/20/2010,1337.48
10/19/2010,1334.40
10/18/2010,1333.89
10/16/2010,1333.89
10/15/2010,1328.72
10/14/2010,1315.85
10/13/2010,1299.12
10/12/2010,1293.36
10/11/2010,1279.39
10/9/2010,1279.39
10/8/2010,1295.24
10/7/2010,1294.57
10/6/2010,1297.30
10/5/2010,1290.30
10/4/2010,1287.92
10/2/2010,1287.92
10/1/2010,1286.09
9/30/2010,1278.05
9/29/2010,1268.19
9/28/2010,1277.73
9/27/2010,1291.51
9/25/2010,1291.51
9/24/2010,1287.33
9/23/2010,1286.73
9/22/2010,1277.84
9/21/2010,1275.20
9/20/2010,1280.64
9/18/2010,1280.64
9/17/2010,1267.93
9/16/2010,1255.58
9/15/2010,1237.19
9/14/2010,1226.20
9/13/2010,1240.33
9/11/2010,1240.33
9/10/2010,1244.50
9/9/2010,1249.26
9/8/2010,1232.35
9/7/2010,1228.35
9/6/2010,1235.44
9/4/2010,1235.44
9/3/2010,1230.99
9/2/2010,1237.81
9/1/2010,1224.12
8/31/2010,1217.55
8/30/2010,1218.36
8/28/2010,1218.36
8/27/2010,1229.05
8/26/2010,1229.24
8/25/2010,1204.39
8/24/2010,1207.30
8/23/2010,1207.02
8/21/2010,1207.02
8/20/2010,1202.74
8/19/2010,1196.35
8/18/2010,1200.54
8/17/2010,1199.07
8/16/2010,1188.30
8/14/2010,1188.30
8/13/2010,1174.76
8/12/2010,1163.39
8/11/2010,1155.21
8/10/2010,1156.18
8/9/2010,1145.64
8/7/2010,1145.64
8/6/2010,1147.83
8/5/2010,1144.28
8/4/2010,1140.78
8/3/2010,1143.25
8/2/2010,1133.58
7/31/2010,1133.58
7/30/2010,1132.78
7/29/2010,1130.43
7/28/2010,1151.10
7/27/2010,1158.31
7/26/2010,1171.02
7/24/2010,1171.02
7/23/2010,1164.75
7/22/2010,1164.53
7/21/2010,1155.00
7/20/2010,1169.98
7/19/2010,1179.88
7/17/2010,1179.88
7/16/2010,1190.65
7/15/2010,1190.25
7/14/2010,1196.83
7/13/2010,1195.19
7/12/2010,1184.40
7/10/2010,1184.40
7/9/2010,1195.24
7/8/2010,1185.57
7/7/2010,1211.10
7/6/2010,1208.85
7/5/2010,1214.03
7/3/2010,1214.03
7/2/2010,1250.64
7/1/2010,1246.56
6/30/2010,1239.65
6/29/2010,1251.15
6/28/2010,1241.41
6/26/2010,1241.41
6/25/2010,1229.74
6/24/2010,1237.64
6/23/2010,1227.01
6/22/2010,1244.24
6/21/2010,1235.22
6/19/2010,1235.22
6/18/2010,1237.75
6/17/2010,1237.61
6/16/2010,1237.00
6/14/2010,1233.98
6/12/2010,1233.98
6/11/2010,1238.46
6/10/2010,1259.88
6/9/2010,1268.72
6/8/2010,1238.76
6/7/2010,1202.15
6/5/2010,1202.15
6/4/2010,1211.53
6/3/2010,1224.40
6/2/2010,1218.44
6/1/2010,1193.39
5/31/2010,1190.27
5/29/2010,1190.27
5/28/2010,1202.00
5/27/2010,1222.26
5/26/2010,1201.96
5/25/2010,1175.07
5/24/2010,1181.75
5/22/2010,1181.75
5/21/2010,1173.84
5/20/2010,1193.63
5/19/2010,1187.31
5/18/2010,1214.23
5/17/2010,1197.09
5/15/2010,1197.09
5/14/2010,1185.61
5/13/2010,1205.39
5/12/2010,1180.13
5/10/2010,1184.78
5/8/2010,1184.78
5/7/2010,1147.46
5/6/2010,1118.41
5/5/2010,1115.51
5/3/2010,1101.58
5/1/2010,1101.58
4/30/2010,1101.73
4/29/2010,1099.74
4/28/2010,1076.63
4/27/2010,1079.23
4/26/2010,1072.96
4/24/2010,1072.96
4/23/2010,1071.60
4/22/2010,1069.73
4/21/2010,1070.31
4/20/2010,1058.39
4/19/2010,1079.96
4/17/2010,1079.96
4/16/2010,1070.84
4/15/2010,1082.27
4/14/2010,1072.61
4/13/2010,1082.67
4/12/2010,1089.83
4/10/2010,1089.83
4/9/2010,1083.72
4/8/2010,1067.32
4/7/2010,1056.72
4/6/2010,1055.09
4/5/2010,1055.44
4/3/2010,1055.44
4/2/2010,1056.29
4/1/2010,1052.14
3/31/2010,1047.68
3/30/2010,1058.64
3/29/2010,1041.90
3/27/2010,1041.90
3/26/2010,1042.65
3/25/2010,1040.29
3/24/2010,1042.97
3/23/2010,1041.60
3/22/2010,1054.90
3/20/2010,1054.90
3/19/2010,1054.84
3/18/2010,1061.75
3/17/2010,1053.14
3/16/2010,1041.24
3/15/2010,1057.11
3/13/2010,1057.11
3/12/2010,1049.68
3/11/2010,1074.66
3/10/2010,1071.26
3/8/2010,1088.77
3/6/2010,1088.77
3/5/2010,1089.42
3/4/2010,1089.14
3/3/2010,1075.61
3/2/2010,1075.10
3/1/2010,1074.42
2/28/2010,1067.09
2/27/2010,1074.42
2/26/2010,1055.81
2/25/2010,1055.31
2/22/2010,1073.10
2/20/2010,1073.10
2/19/2010,1070.32
2/18/2010,1077.72
2/17/2010,1079.90
2/16/2010,1068.29
2/15/2010,1045.52
2/12/2010,1045.52
2/11/2010,1045.86
2/10/2010,1042.93
2/9/2010,1049.78
2/8/2010,1030.70
2/6/2010,1030.70
2/5/2010,1063.58
2/4/2010,1074.43
2/3/2010,1081.03
2/2/2010,1057.51
2/1/2010,1059.35
1/30/2010,1059.35
1/29/2010,1065.76
1/28/2010,1066.19
1/27/2010,1063.05
1/26/2010,1067.71
1/25/2010,1048.64
1/23/2010,1048.64
1/22/2010,1055.91
1/21/2010,1077.84
1/20/2010,1076.21
1/19/2010,1080.71
1/18/2010,1075.84
1/16/2010,1075.84
1/15/2010,1076.29
1/14/2010,1079.48
1/13/2010,1088.78
1/12/2010,1095.63
1/1/2010,1071.40
12/31/2009,1062.32
12/30/2009,1058.52
12/29/2009,1050.94
12/28/2009,1044.95
12/26/2009,1044.95
12/25/2009,1062.80
12/24/2009,1059.56
12/23/2009,1071.04
12/22/2009,1093.54
12/21/2009,1092.81
12/19/2009,1092.81
12/18/2009,1097.55
12/17/2009,1100.98
12/16/2009,1077.87
12/15/2009,1082.00
12/14/2009,1107.28
12/12/2009,1107.28
12/11/2009,1108.50
12/10/2009,1129.50
12/9/2009,1129.83
12/8/2009,1089.16
12/7/2009,1129.53
12/5/2009,1129.53
12/4/2009,1145.37
12/3/2009,1131.75
12/2/2009,1119.58
12/1/2009,1095.33
11/30/2009,1116.37
11/28/2009,1116.37
11/27/2009,1098.24
11/26/2009,1089.03
11/25/2009,1085.39
11/24/2009,1079.59
11/23/2009,1059.92
11/21/2009,1059.92
11/20/2009,1049.89
11/19/2009,1058.04
11/18/2009,1043.45
11/17/2009,1040.46
11/16/2009,1026.71
11/14/2009,1026.71
11/13/2009,1028.69
11/12/2009,1028.63
11/11/2009,1016.15
11/10/2009,1028.18
11/9/2009,1021.50
11/7/2009,1021.50
11/6/2009,1019.07
11/4/2009,994.40
11/3/2009,987.43
11/2/2009,975.50
10/31/2009,975.50
10/30/2009,975.51
10/29/2009,971.29
10/28/2009,970.98
10/27/2009,981.63
10/26/2009,989.49
10/24/2009,989.49
10/23/2009,986.33
10/22/2009,987.81
10/21/2009,998.58
10/20/2009,995.23
10/19/2009,987.94
10/17/2009,987.94
10/16/2009,992.17
10/15/2009,1009.85
10/14/2009,1009.77
10/13/2009,1000.96
10/12/2009,996.45
10/10/2009,996.45
10/9/2009,1005.11
10/8/2009,1002.51
10/7/2009,978.55
10/6/2009,971.16
10/5/2009,966.57
10/3/2009,966.57
10/2/2009,972.08
10/1/2009,966.01
9/30/2009,959.50
9/29/2009,961.68
9/28/2009,966.02
9/26/2009,966.02
9/25/2009,980.24
9/24/2009,978.76
9/23/2009,987.50
9/22/2009,975.72
9/21/2009,990.23
9/19/2009,990.23
9/18/2009,997.03
9/17/2009,1000.76
9/16/2009,993.84
9/15/2009,986.52
9/14/2009,986.09
9/12/2009,986.09
9/11/2009,981.56
9/10/2009,997.08
9/9/2009,1013.28
9/8/2009,1003.16
9/7/2009,1003.21
9/5/2009,1003.21
9/4/2009,1003.49
9/3/2009,981.70
9/2/2009,970.23
9/1/2009,978.12
8/31/2009,964.97
8/29/2009,964.97
8/28/2009,959.79
8/27/2009,958.57
8/26/2009,960.91
8/25/2009,967.58
8/24/2009,966.95
8/22/2009,966.95
8/21/2009,958.59
8/20/2009,958.75
8/19/2009,962.84
8/18/2009,973.18
8/17/2009,976.56
8/15/2009,976.56
8/14/2009,988.03
8/13/2009,991.70
8/12/2009,965.59
8/11/2009,970.26
8/10/2009,974.20
8/8/2009,974.20
8/7/2009,963.16
8/6/2009,965.40
8/5/2009,951.81
8/4/2009,958.51
8/3/2009,938.00
8/1/2009,938.00
7/31/2009,951.54
7/30/2009,944.91
7/29/2009,940.86
7/28/2009,945.00
7/27/2009,950.78
7/25/2009,950.78
7/24/2009,954.41
7/23/2009,944.74
7/22/2009,950.05
7/21/2009,960.51
7/20/2009,954.94
7/18/2009,954.94
7/17/2009,953.01
7/16/2009,958.21
7/15/2009,963.35
7/14/2009,965.64
7/13/2009,937.26
7/11/2009,937.26
7/10/2009,937.82
7/9/2009,940.83
7/8/2009,936.64
7/7/2009,930.71
7/6/2009,936.84
7/4/2009,936.84
7/3/2009,936.65
7/2/2009,934.10
7/1/2009,939.03
6/30/2009,945.40
6/29/2009,943.45
6/27/2009,943.45
6/26/2009,937.26
6/25/2009,929.74
6/24/2009,934.24
6/23/2009,928.08
6/22/2009,935.27
6/20/2009,935.27
6/19/2009,936.64
6/18/2009,934.54
6/17/2009,943.23
6/16/2009,933.54
6/12/2009,947.14
6/11/2009,955.82
6/10/2009,957.41
6/9/2009,945.64
6/8/2009,964.81
6/6/2009,964.81
6/5/2009,960.20
6/4/2009,960.42
6/3/2009,961.88
6/2/2009,975.60
6/1/2009,968.27
5/30/2009,968.27
5/29/2009,956.54
5/28/2009,951.98
5/27/2009,943.30
5/26/2009,958.15
5/25/2009,955.45
5/23/2009,955.45
5/22/2009,950.73
5/21/2009,949.32
5/20/2009,946.57
5/19/2009,965.27
5/18/2009,954.03
5/16/2009,954.03
5/15/2009,954.84
5/14/2009,951.96
5/13/2009,954.85
5/11/2009,960.27
5/9/2009,960.27
5/8/2009,962.29
5/7/2009,955.35
5/6/2009,952.68
5/5/2009,937.50
5/1/2009,942.46
4/30/2009,956.20
4/29/2009,967.65
4/28/2009,978.79
4/27/2009,976.66
4/25/2009,976.66
4/24/2009,971.61
4/23/2009,969.11
4/22/2009,974.49
4/21/2009,938.07
4/20/2009,938.28
4/18/2009,938.28
4/17/2009,955.16
4/16/2009,959.58
4/15/2009,960.76
4/14/2009,947.95
4/13/2009,952.05
4/11/2009,952.05
4/10/2009,952.79
4/9/2009,963.54
4/8/2009,943.72
4/7/2009,938.06
4/6/2009,968.34
4/4/2009,968.34
4/3/2009,992.98
4/2/2009,1003.52
4/1/2009,1001.18
3/31/2009,1009.35
3/30/2009,995.84
3/28/2009,995.84
3/27/2009,1006.58
3/26/2009,998.95
3/25/2009,993.52
3/24/2009,1020.14
3/23/2009,1028.37
3/21/2009,1028.37
3/20/2009,1019.17
3/19/2009,1007.87
3/18/2009,1021.40
3/17/2009,1033.85
3/16/2009,1030.27
3/14/2009,1030.27
3/13/2009,1037.72
3/12/2009,1016.12
3/11/2009,1038.98
3/9/2009,1077.46
3/7/2009,1077.46
3/6/2009,1053.79
3/5/2009,1061.10
3/4/2009,1076.44
3/3/2009,1103.99
3/2/2009,1083.84
2/28/2009,1083.84
2/27/2009,1085.33
2/26/2009,1098.92
2/25/2009,1146.37
2/23/2009,1137.83
2/21/2009,1137.83
2/20/2009,1129.60
2/19/2009,1129.86
2/18/2009,1102.43
2/17/2009,1054.46
2/16/2009,1043.56
2/14/2009,1043.56
2/13/2009,1056.20
2/12/2009,1062.18
2/11/2009,1034.99
2/10/2009,1046.48
2/9/2009,1069.05
2/7/2009,1069.05
2/6/2009,1067.86
2/5/2009,1044.68
2/4/2009,1047.74
2/3/2009,1062.79
2/2/2009,1045.81
1/31/2009,1045.81
1/30/2009,979.65
1/29/2009,951.77
1/28/2009,950.57
1/27/2009,958.91
1/26/2009,923.22
1/24/2009,923.22
1/23/2009,893.96
1/22/2009,903.09
1/19/2009,863.24
1/17/2009,863.24
1/16/2009,842.01
1/15/2009,839.43
1/14/2009,818.62
1/13/2009,845.62
1/12/2009,831.71
1/1/2009,817.39
12/31/2008,821.80
12/30/2008,827.93
12/29/2008,780.32
12/27/2008,780.32
12/26/2008,771.38
12/25/2008,769.72
12/24/2008,768.90
12/23/2008,768.88
12/22/2008,748.14
12/20/2008,748.14
12/19/2008,774.49
12/18/2008,755.38
12/17/2008,739.64
12/16/2008,740.04
12/15/2008,727.52
12/13/2008,727.52
12/12/2008,737.26
12/11/2008,703.99
12/10/2008,694.14
12/9/2008,695.30
12/8/2008,697.02
12/6/2008,697.02
12/5/2008,694.59
12/4/2008,694.36
12/3/2008,695.83
12/2/2008,714.61
12/1/2008,722.02
11/29/2008,722.02
11/28/2008,717.20
11/27/2008,718.57
11/26/2008,706.72
11/25/2008,726.36
11/24/2008,672.25
11/22/2008,672.25
11/21/2008,660.62
11/20/2008,650.89
11/19/2008,649.52
11/18/2008,657.19
11/17/2008,641.20
11/15/2008,641.20
11/14/2008,635.19
11/13/2008,646.06
11/12/2008,652.00
11/11/2008,651.70
11/10/2008,644.21
11/8/2008,644.21
11/7/2008,639.40
11/6/2008,651.81
11/3/2008,634.69
11/2/2008,636.20
11/1/2008,634.69
10/31/2008,659.02
10/30/2008,652.76
10/29/2008,653.94
10/28/2008,633.57
10/27/2008,602.47
10/25/2008,602.47
10/24/2008,629.74
10/23/2008,655.65
10/22/2008,663.94
10/21/2008,672.69
10/20/2008,676.02
10/18/2008,676.02
10/17/2008,707.48
10/16/2008,712.95
10/15/2008,712.49
10/14/2008,726.16
10/13/2008,773.51
10/11/2008,773.51
10/10/2008,743.23
10/9/2008,767.98
10/8/2008,742.15
10/7/2008,704.04
10/6/2008,701.53
10/4/2008,701.53
10/3/2008,719.14
10/2/2008,721.06
10/1/2008,731.00
9/30/2008,711.45
9/29/2008,699.09
9/27/2008,699.09
9/26/2008,711.64
9/25/2008,716.16
9/24/2008,716.97
9/23/2008,709.24
9/22/2008,686.25
9/20/2008,686.25
9/19/2008,706.62
9/18/2008,644.61
9/17/2008,639.43
9/16/2008,636.20
9/15/2008,625.93
9/13/2008,625.93
9/12/2008,615.73
9/11/2008,636.66
9/10/2008,657.76
9/9/2008,655.05
9/8/2008,651.65
9/6/2008,651.65
9/5/2008,657.04
9/4/2008,635.37
9/3/2008,637.76
9/2/2008,659.83
9/1/2008,660.97
8/30/2008,660.97
8/29/2008,656.63
8/28/2008,659.27
8/27/2008,639.92
8/26/2008,647.44
8/25/2008,647.64
8/23/2008,647.64
8/22/2008,641.45
8/21/2008,633.70
8/20/2008,624.85
8/19/2008,627.92
8/18/2008,618.28
8/16/2008,618.28
8/15/2008,650.72
8/14/2008,639.94
8/13/2008,632.95
8/12/2008,682.31
8/11/2008,663.68
8/9/2008,663.68
8/8/2008,669.08
8/7/2008,668.87
8/6/2008,666.06
8/5/2008,684.73
8/4/2008,686.28
8/2/2008,686.28
8/1/2008,686.67
7/31/2008,689.04
7/30/2008,696.57
7/29/2008,697.93
7/28/2008,700.07
7/26/2008,700.07
7/25/2008,697.32
7/24/2008,700.89
7/23/2008,725.63
7/22/2008,721.10
7/21/2008,716.98
7/19/2008,716.98
7/18/2008,720.19
7/17/2008,725.37
7/16/2008,729.93
7/15/2008,715.31
7/14/2008,713.13
7/12/2008,713.13
7/11/2008,701.31
7/10/2008,695.02
7/9/2008,702.16
7/8/2008,697.60
7/7/2008,703.59
7/5/2008,703.59
7/4/2008,706.27
7/3/2008,704.62
7/2/2008,701.35
6/30/2008,698.43
6/27/2008,692.62
6/26/2008,671.65
6/25/2008,670.16
6/24/2008,671.42
6/23/2008,683.16
6/20/2008,680.30
6/19/2008,674.31
6/18/2008,669.04
6/17/2008,667.77
6/16/2008,663.34
6/11/2008,662.12
6/10/2008,668.07
6/9/2008,680.39
6/7/2008,671.30
6/6/2008,669.30
6/5/2008,664.99
6/4/2008,667.96
6/3/2008,678.84
6/2/2008,677.06
5/30/2008,667.88
5/29/2008,676.06
5/28/2008,672.99
5/27/2008,695.96
5/26/2008,698.69
5/23/2008,696.29
5/22/2008,700.08
5/21/2008,700.93
5/20/2008,688.99
5/19/2008,689.67
5/16/2008,674.91
5/15/2008,660.86
5/14/2008,658.49
5/13/2008,665.47
5/12/2008,672.83
5/8/2008,666.42
5/7/2008,664.10
5/6/2008,666.95
5/5/2008,648.82
5/4/2008,649.66
4/30/2008,656.75
4/29/2008,670.23
4/28/2008,673.72
4/25/2008,667.03
4/24/2008,675.40
4/23/2008,684.25
4/22/2008,690.12
4/21/2008,687.56
4/18/2008,704.42
4/17/2008,711.36
4/16/2008,699.66
4/15/2008,699.11
4/14/2008,690.34
4/11/2008,695.24
4/10/2008,701.22
4/9/2008,682.93
4/8/2008,693.35
4/7/2008,690.65
4/4/2008,683.38
4/3/2008,678.59
4/2/2008,676.58
4/1/2008,676.63
3/31/2008,704.67
3/28/2008,710.51
3/27/2008,713.38
3/26/2008,715.70
3/25/2008,705.61
3/24/2008,705.87
3/21/2008,704.16
3/20/2008,691.94
3/19/2008,750.04
3/18/2008,757.13
3/17/2008,769.84
3/14/2008,754.26
3/13/2008,749.01
3/12/2008,744.34
3/11/2008,748.36
3/7/2008,746.10
3/6/2008,755.15
3/5/2008,743.31
3/4/2008,755.26
3/3/2008,751.38
2/29/2008,744.03
2/28/2008,738.29
2/27/2008,742.12
2/26/2008,730.71
2/22/2008,740.22
2/21/2008,739.98
2/20/2008,726.29
2/19/2008,718.91
2/18/2008,711.52
2/15/2008,715.53
2/14/2008,717.94
2/13/2008,714.68
2/12/2008,725.77
2/11/2008,730.44
2/8/2008,724.58
2/7/2008,716.10
2/6/2008,703.98
2/5/2008,697.95
2/4/2008,703.67
2/1/2008,728.86
1/31/2008,721.81
1/30/2008,723.30
1/29/2008,726.19
1/28/2008,721.10
1/25/2008,720.22
1/24/2008,702.56
1/23/2008,699.58
1/22/2008,686.40
1/21/2008,689.27
1/18/2008,684.23
1/17/2008,691.00
1/16/2008,685.89
1/15/2008,702.90
1/14/2008,708.31
1/11/2008,696.68
1/10/2008,684.63
1/9/2008,694.12
12/29/2007,654.69
12/28/2007,650.40
12/27/2007,648.29
12/26/2007,640.27
12/25/2007,640.73
12/24/2007,641.02
12/21/2007,635.10
12/20/2007,633.08
12/19/2007,634.03
12/18/2007,629.76
12/17/2007,622.00
12/14/2007,624.30
12/13/2007,632.21
12/12/2007,631.41
12/11/2007,630.16
12/10/2007,626.70
12/7/2007,627.56
12/6/2007,619.46
12/5/2007,626.42
12/4/2007,618.69
12/3/2007,613.16
11/30/2007,620.78
11/29/2007,628.83
11/28/2007,620.75
11/27/2007,640.25
11/26/2007,650.34
11/23/2007,629.14
11/22/2007,624.08
11/21/2007,619.97
11/20/2007,617.19
11/19/2007,617.93
11/16/2007,619.75
11/15/2007,630.73
11/14/2007,633.25
11/13/2007,630.40
11/12/2007,640.19
11/9/2007,653.77
11/8/2007,651.83
11/7/2007,660.06
11/6/2007,643.98
11/2/2007,623.99
11/1/2007,625.41
10/31/2007,618.00
10/30/2007,620.08
10/29/2007,626.15
10/26/2007,614.63
10/25/2007,608.16
10/24/2007,603.05
10/23/2007,603.93
10/22/2007,599.62
10/19/2007,610.71
10/18/2007,603.45
10/17/2007,605.85
10/16/2007,606.80
10/15/2007,602.63
10/12/2007,596.74
10/10/2007,591.84
10/9/2007,584.25
10/8/2007,588.54
10/5/2007,588.06
10/4/2007,581.48
10/3/2007,584.69
10/2/2007,586.28
10/1/2007,593.11
9/28/2007,588.82
9/27/2007,582.73
9/26/2007,583.68
9/25/2007,582.71
9/24/2007,586.56
9/21/2007,589.37
9/20/2007,584.95
9/19/2007,583.14
9/18/2007,582.12
9/17/2007,575.49
9/14/2007,572.96
9/13/2007,574.64
9/12/2007,578.46
9/11/2007,574.83
9/10/2007,575.88
9/7/2007,570.54
9/6/2007,561.14
9/5/2007,558.64
9/4/2007,551.52
9/3/2007,550.72
8/31/2007,547.61
8/30/2007,546.71
8/29/2007,547.86
8/28/2007,547.84
8/27/2007,542.35
8/24/2007,543.69
8/23/2007,544.69
8/22/2007,543.22
8/21/2007,541.91
8/20/2007,542.24
8/17/2007,538.57
8/16/2007,546.83
8/15/2007,545.38
8/14/2007,545.07
8/13/2007,545.70
8/10/2007,542.21
8/9/2007,543.90
8/8/2007,546.53
8/7/2007,545.30
8/6/2007,548.90
8/3/2007,544.75
8/2/2007,544.77
8/1/2007,540.72
7/31/2007,544.85
7/30/2007,541.73
7/27/2007,541.17
7/26/2007,550.93
7/25/2007,550.58
7/24/2007,554.69
7/23/2007,555.05
7/20/2007,549.59
7/19/2007,547.31
7/18/2007,543.43
7/17/2007,540.03
7/16/2007,543.72
7/15/2007,544.37
7/12/2007,541.19
7/11/2007,542.43
7/10/2007,542.68
7/9/2007,540.18
7/6/2007,533.17
7/5/2007,538.70
7/4/2007,536.90
7/3/2007,539.46
7/2/2007,535.40
6/29/2007,535.57
6/28/2007,532.85
6/27/2007,531.53
6/26/2007,535.65
6/25/2007,539.61
6/22/2007,540.95
6/21/2007,543.73
6/20/2007,547.29
6/19/2007,543.34
6/18/2007,546.35
6/15/2007,541.80
6/14/2007,542.22
6/13/2007,536.59
6/9/2007,544.60
6/8/2007,544.66
6/7/2007,554.60
6/6/2007,553.20
6/5/2007,555.11
6/4/2007,555.59
6/1/2007,548.87
5/31/2007,544.11
5/30/2007,544.50
5/29/2007,544.91
5/28/2007,542.70
5/25/2007,543.01
5/24/2007,548.08
5/23/2007,546.10
5/22/2007,549.38
5/21/2007,547.53
5/18/2007,546.38
5/16/2007,552.38
5/15/2007,550.35
5/14/2007,556.59
5/11/2007,556.59
5/10/2007,558.96
5/8/2007,564.64
5/7/2007,567.06
5/4/2007,561.22
5/3/2007,556.31
5/2/2007,554.72
4/28/2007,556.68
4/27/2007,553.85
4/26/2007,563.43
4/25/2007,564.04
4/24/2007,568.71
4/23/2007,569.46
4/20/2007,565.83
4/19/2007,566.46
4/18/2007,568.64
4/17/2007,567.82
4/16/2007,567.14
4/13/2007,559.38
4/12/2007,561.40
4/11/2007,563.05
4/10/2007,561.25
4/9/2007,559.84
4/6/2007,588.56
4/5/2007,559.15
4/4/2007,554.06
4/3/2007,551.52
4/2/2007,551.58
3/30/2007,551.58
3/29/2007,553.46
3/28/2007,553.51
3/26/2007,550.28
3/23/2007,550.97
3/22/2007,551.66
3/21/2007,550.07
3/20/2007,545.16
3/19/2007,545.25
3/16/2007,542.16
3/15/2007,540.07
3/14/2007,535.99
3/13/2007,544.94
3/12/2007,547.46
3/9/2007,548.20
3/7/2007,542.46
3/6/2007,541.15
3/5/2007,535.53
3/2/2007,555.97
3/1/2007,563.20
2/28/2007,566.29
2/27/2007,572.83
2/26/2007,573.11
2/22/2007,567.94
2/21/2007,551.93
2/20/2007,560.30
2/19/2007,562.25
2/16/2007,558.33
2/15/2007,562.22
2/14/2007,562.35
2/13/2007,560.89
2/12/2007,558.98
2/9/2007,554.47
2/8/2007,549.30
2/7/2007,555.56
2/6/2007,555.47
2/5/2007,549.93
2/2/2007,554.64
2/1/2007,552.94
1/31/2007,548.42
1/30/2007,545.14
1/29/2007,546.97
1/26/2007,548.57
1/25/2007,550.00
1/24/2007,544.84
1/23/2007,540.92
1/22/2007,538.83
1/19/2007,538.83
1/18/2007,537.14
1/17/2007,529.64
1/16/2007,531.00
1/15/2007,533.89
1/12/2007,522.11
1/11/2007,520.71
1/10/2007,517.55
1/9/2007,517.77
12/29/2006,535.47
12/28/2006,530.79
12/27/2006,529.35
12/26/2006,522.61
12/25/2006,522.46
12/22/2006,521.30
12/20/2006,524.01
12/19/2006,519.90
12/18/2006,521.27
12/15/2006,527.27
12/14/2006,528.28
12/13/2006,527.86
12/12/2006,528.83
12/11/2006,526.21
12/8/2006,529.50
12/7/2006,528.28
12/6/2006,533.45
12/5/2006,538.59
12/4/2006,540.55
12/1/2006,541.05
11/30/2006,537.27
11/29/2006,537.28
11/28/2006,537.59
11/27/2006,537.71
11/24/2006,539.56
11/23/2006,535.80
11/22/2006,534.42
11/21/2006,532.93
11/20/2006,531.73
11/17/2006,527.85
11/16/2006,532.51
11/15/2006,528.88
11/14/2006,531.49
11/13/2006,535.20
11/10/2006,538.40
11/9/2006,527.82
11/8/2006,534.35
11/7/2006,534.91
11/3/2006,534.40
11/2/2006,526.48
11/1/2006,522.65
10/31/2006,514.81
10/30/2006,517.46
10/27/2006,508.82
10/26/2006,507.95
10/25/2006,500.53
10/24/2006,498.30
10/23/2006,506.05
10/20/2006,513.66
10/19/2006,508.16
10/18/2006,512.78
10/17/2006,512.78
10/16/2006,511.60
10/13/2006,497.88
10/12/2006,496.52
10/11/2006,494.93
10/10/2006,496.54
10/9/2006,497.45
10/6/2006,489.38
10/5/2006,486.82
10/4/2006,495.36
10/3/2006,507.14
10/2/2006,516.01
9/29/2006,515.51
9/28/2006,516.43
9/27/2006,510.09
9/26/2006,505.50
9/25/2006,502.88
9/22/2006,505.10
9/21/2006,497.08
9/20/2006,493.99
9/19/2006,498.86
9/18/2006,498.63
9/15/2006,495.44
9/14/2006,508.77
9/13/2006,498.50
9/12/2006,510.52
9/11/2006,511.85
9/8/2006,523.52
9/7/2006,540.93
9/6/2006,543.24
9/5/2006,536.69
9/4/2006,535.77
9/1/2006,534.06
8/31/2006,531.64
8/30/2006,525.78
8/29/2006,527.75
8/28/2006,531.97
8/25/2006,533.26
8/24/2006,534.27
8/23/2006,533.78
8/22/2006,535.04
8/21/2006,530.94
8/18/2006,525.79
8/17/2006,539.20
8/16/2006,536.30
8/15/2006,536.29
8/14/2006,538.78
8/11/2006,549.88
8/10/2006,555.07
8/9/2006,547.87
8/8/2006,551.98
8/7/2006,552.76
8/4/2006,551.95
8/3/2006,554.13
8/2/2006,554.95
8/1/2006,545.68
7/31/2006,546.52
7/28/2006,542.64
7/27/2006,544.59
7/26/2006,533.33
7/25/2006,532.60
7/24/2006,530.87
7/21/2006,539.58
7/20/2006,554.62
7/19/2006,541.80
7/18/2006,559.67
7/17/2006,578.44
7/14/2006,569.63
7/13/2006,558.70
7/12/2006,551.78
7/11/2006,540.97
7/10/2006,536.52
7/7/2006,542.55
7/6/2006,536.98
7/5/2006,537.59
7/4/2006,533.11
7/3/2006,532.57
6/30/2006,517.47
6/29/2006,503.94
6/28/2006,505.56
6/27/2006,508.24
6/26/2006,508.28
6/23/2006,504.12
6/22/2006,512.90
6/21/2006,498.24
6/20/2006,494.01
6/19/2006,492.80
6/16/2006,502.01
6/15/2006,496.67
6/14/2006,491.57
6/13/2006,511.83
6/9/2006,528.97
6/8/2006,532.27
6/7/2006,535.71
6/6/2006,542.70
6/5/2006,550.67
6/2/2006,542.56
6/1/2006,547.92
5/31/2006,563.53
5/30/2006,563.03
5/29/2006,556.07
5/26/2006,563.88
5/25/2006,556.81
5/24/2006,576.90
5/23/2006,571.27
5/22/2006,559.53
5/19/2006,589.03
5/18/2006,595.70
5/17/2006,614.86
5/16/2006,588.65
5/15/2006,596.76
5/12/2006,625.53
5/11/2006,612.36
5/10/2006,609.13
5/6/2006,587.35
5/5/2006,591.81
5/4/2006,578.51
5/3/2006,586.67
5/2/2006,573.22
4/28/2006,556.87
4/27/2006,557.14
4/26/2006,552.71
4/25/2006,550.73
4/24/2006,556.39
4/21/2006,548.90
4/20/2006,566.29
4/19/2006,548.03
4/18/2006,543.90
4/17/2006,524.21
4/14/2006,525.47
4/13/2006,528.99
4/12/2006,528.08
4/11/2006,530.84
4/10/2006,529.62
4/7/2006,527.25
4/6/2006,524.51
4/5/2006,514.75
4/4/2006,518.23
4/3/2006,520.20
3/31/2006,517.49
3/30/2006,513.78
3/29/2006,500.10
3/28/2006,501.39
3/27/2006,501.09
3/24/2006,489.73
3/23/2006,486.79
3/22/2006,486.71
3/21/2006,490.07
3/20/2006,490.45
3/17/2006,492.29
3/16/2006,492.32
3/15/2006,491.00
3/14/2006,488.27
3/13/2006,488.53
3/10/2006,488.88
3/9/2006,490.18
3/7/2006,497.25
3/6/2006,506.61
3/3/2006,508.04
3/2/2006,505.46
3/1/2006,504.37
2/28/2006,500.62
2/27/2006,500.29
2/26/2006,499.11
2/22/2006,497.44
2/21/2006,499.07
2/20/2006,500.60
2/17/2006,492.65
2/16/2006,488.12
2/15/2006,491.01
2/14/2006,487.32
2/13/2006,493.74
2/10/2006,504.79
2/9/2006,505.17
2/8/2006,496.07
2/7/2006,513.58
2/6/2006,514.84
2/3/2006,515.39
2/2/2006,515.69
2/1/2006,509.94
1/31/2006,512.76
1/30/2006,504.03
1/27/2006,501.81
1/26/2006,503.07
1/25/2006,503.27
1/24/2006,498.42
1/23/2006,501.17
1/20/2006,506.14
1/19/2006,495.60
1/18/2006,493.21
1/17/2006,504.67
1/16/2006,506.45
1/13/2006,498.48
1/12/2006,497.35
1/11/2006,494.09
1/10/2006,496.80
12/30/2005,472.35
12/29/2005,476.15
12/28/2005,468.23
12/27/2005,464.26
12/26/2005,464.07
12/23/2005,463.65
12/22/2005,456.45
12/21/2005,455.00
12/20/2005,463.77
12/19/2005,464.92
12/16/2005,460.58
12/15/2005,461.09
12/14/2005,471.04
12/13/2005,480.21
12/12/2005,496.19
12/9/2005,485.57
12/8/2005,477.30
12/7/2005,474.05
12/6/2005,470.08
12/5/2005,468.46
12/2/2005,467.69
12/1/2005,455.75
11/30/2005,454.61
11/29/2005,456.89
11/28/2005,459.28
11/25/2005,456.53
11/24/2005,453.05
11/23/2005,449.24
11/22/2005,454.38
11/21/2005,449.20
11/18/2005,450.19
11/17/2005,444.09
11/16/2005,434.19
11/15/2005,431.51
11/14/2005,433.16
11/11/2005,430.42
11/10/2005,430.45
11/9/2005,426.61
11/8/2005,421.75
11/7/2005,421.00
11/3/2005,424.57
11/2/2005,422.08
11/1/2005,425.65
10/31/2005,430.97
10/28/2005,430.69
10/27/2005,431.16
10/26/2005,429.37
10/25/2005,427.39
10/24/2005,424.66
10/21/2005,423.25
10/20/2005,424.84
10/19/2005,429.62
10/18/2005,432.97
10/17/2005,431.09
10/14/2005,430.44
10/13/2005,431.14
10/12/2005,438.17
10/11/2005,434.37
10/10/2005,434.90
10/7/2005,429.69
10/6/2005,425.44
10/5/2005,425.90
10/4/2005,428.36
10/3/2005,425.63
9/30/2005,432.13
9/29/2005,430.77
9/28/2005,421.75
9/27/2005,425.55
9/26/2005,421.03
9/23/2005,422.48
9/22/2005,428.90
9/21/2005,424.00
9/20/2005,427.10
9/19/2005,420.55
9/16/2005,414.76
9/15/2005,407.58
9/14/2005,405.68
9/13/2005,407.44
9/12/2005,407.44
9/9/2005,403.71
9/8/2005,402.06
9/7/2005,401.01
9/6/2005,400.24
9/5/2005,401.95
9/2/2005,404.10
9/1/2005,396.55
8/31/2005,395.56
8/30/2005,398.27
8/29/2005,397.31
8/26/2005,399.09
8/25/2005,399.64
8/24/2005,400.74
8/23/2005,401.71
8/22/2005,400.07
8/19/2005,401.88
8/18/2005,400.15
8/17/2005,404.65
8/16/2005,400.75
8/15/2005,401.85
8/12/2005,405.08
8/11/2005,397.45
8/10/2005,396.29
8/9/2005,394.64
8/8/2005,397.38
8/5/2005,397.71
8/4/2005,396.94
8/3/2005,396.76
8/2/2005,394.86
8/1/2005,394.58
7/29/2005,391.27
7/28/2005,390.22
7/27/2005,388.54
7/26/2005,389.59
7/25/2005,389.92
7/22/2005,389.79
7/21/2005,387.62
7/20/2005,385.86
7/19/2005,385.95
7/18/2005,386.71
7/15/2005,384.26
7/14/2005,387.47
7/13/2005,388.90
7/12/2005,390.54
7/11/2005,390.41
7/8/2005,390.91
7/7/2005,394.61
7/6/2005,390.75
7/5/2005,392.93
7/4/2005,393.96
7/1/2005,398.36
6/30/2005,400.03
6/29/2005,398.90
6/28/2005,400.05
6/27/2005,401.69
6/24/2005,406.38
6/23/2005,400.22
6/22/2005,399.61
6/21/2005,396.69
6/20/2005,401.28
6/17/2005,398.73
6/16/2005,394.64
6/15/2005,390.67
6/14/2005,390.16
6/10/2005,384.98
6/9/2005,385.42
6/8/2005,385.71
6/7/2005,387.75
6/6/2005,386.33
6/3/2005,384.16
6/2/2005,378.70
6/1/2005,376.55
5/31/2005,376.02
5/30/2005,375.86
5/27/2005,376.04
5/26/2005,375.94
5/25/2005,375.35
5/24/2005,375.07
5/23/2005,374.88
5/20/2005,376.45
5/19/2005,377.24
5/18/2005,375.74
5/17/2005,376.42
5/16/2005,376.41
5/14/2005,375.18
5/13/2005,376.47
5/12/2005,380.00
5/11/2005,381.16
5/6/2005,381.94
5/5/2005,382.64
5/4/2005,381.55
5/3/2005,382.20
4/29/2005,384.87
4/28/2005,384.77
4/27/2005,386.13
4/26/2005,386.01
4/25/2005,384.33
4/22/2005,384.47
4/21/2005,384.15
4/20/2005,383.49
4/19/2005,379.03
4/18/2005,378.84
4/15/2005,378.16
4/14/2005,380.32
4/13/2005,381.26
4/12/2005,381.17
4/11/2005,380.63
4/8/2005,379.39
4/7/2005,379.32
4/6/2005,380.39
4/5/2005,378.69
4/4/2005,380.07
4/1/2005,381.28
3/31/2005,380.93
3/30/2005,379.64
3/29/2005,380.12
3/28/2005,378.36
3/25/2005,376.89
3/24/2005,376.47
3/23/2005,377.75
3/22/2005,379.91
3/21/2005,384.40
3/18/2005,383.89
3/17/2005,388.86
3/16/2005,387.98
3/15/2005,388.70
3/14/2005,389.17
3/11/2005,387.39
3/10/2005,386.74
3/9/2005,387.78
3/5/2005,383.67
3/4/2005,381.43
3/3/2005,384.25
3/2/2005,380.27
3/1/2005,385.28
2/28/2005,386.85
2/25/2005,384.18
2/24/2005,385.87
2/22/2005,383.51
2/21/2005,381.69
2/18/2005,381.19
2/17/2005,382.11
2/16/2005,379.94
2/15/2005,380.60
2/14/2005,379.12
2/11/2005,374.48
2/10/2005,371.51
2/9/2005,371.87
2/8/2005,371.05
2/7/2005,372.92
2/4/2005,372.84
2/3/2005,376.16
2/2/2005,377.45
2/1/2005,376.77
1/31/2005,381.15
1/28/2005,383.09
1/27/2005,381.88
1/26/2005,380.89
1/25/2005,381.49
1/24/2005,383.22
1/21/2005,381.28
1/20/2005,379.88
1/19/2005,382.01
1/18/2005,380.01
1/17/2005,378.31
1/14/2005,377.01
1/13/2005,378.57
1/12/2005,376.11
1/11/2005,377.88
12/31/2004,388.80
12/30/2004,386.27
12/29/2004,393.69
12/28/2004,392.90
12/27/2004,392.97
12/24/2004,393.61
12/23/2004,393.92
12/22/2004,394.25
12/21/2004,394.20
12/20/2004,394.15
12/17/2004,391.74
12/16/2004,392.94
12/15/2004,390.89
12/14/2004,392.80
12/10/2004,390.38
12/9/2004,392.15
12/8/2004,398.94
12/7/2004,404.61
12/6/2004,405.89
12/3/2004,401.26
12/2/2004,406.90
12/1/2004,404.29
11/30/2004,407.03
11/29/2004,406.84
11/26/2004,408.30
11/25/2004,409.23
11/24/2004,407.81
11/23/2004,407.85
11/22/2004,407.83
11/19/2004,405.17
11/18/2004,405.62
11/17/2004,407.66
11/16/2004,401.92
11/15/2004,403.08
11/12/2004,400.64
11/11/2004,397.71
11/10/2004,399.08
11/9/2004,396.21
11/5/2004,393.20
11/4/2004,392.28
11/3/2004,388.72
11/2/2004,391.35
11/1/2004,393.94
10/29/2004,392.19
10/28/2004,390.20
10/27/2004,391.90
10/26/2004,393.14
10/25/2004,396.17
10/22/2004,391.85
10/21/2004,396.31
10/20/2004,392.77
10/19/2004,387.72
10/18/2004,389.84
10/15/2004,389.14
10/14/2004,386.21
10/13/2004,384.22
10/12/2004,389.51
10/11/2004,392.98
10/8/2004,390.80
10/7/2004,390.64
10/6/2004,390.70
10/5/2004,387.21
10/4/2004,389.59
10/1/2004,390.83
9/30/2004,385.47
9/29/2004,384.66
9/28/2004,383.46
9/27/2004,382.26
9/24/2004,382.67
9/23/2004,381.35
9/22/2004,380.87
9/21/2004,378.95
9/20/2004,377.72
9/17/2004,378.22
9/16/2004,377.99
9/15/2004,378.32
9/14/2004,377.12
9/13/2004,374.54
9/10/2004,374.46
9/9/2004,373.16
9/8/2004,372.17
9/7/2004,375.56
9/6/2004,375.37
9/3/2004,379.46
9/2/2004,381.35
9/1/2004,381.84
8/31/2004,381.98
8/30/2004,378.99
8/27/2004,380.42
8/26/2004,379.49
8/25/2004,379.07
8/24/2004,380.36
8/23/2004,383.17
8/20/2004,379.32
8/19/2004,379.95
8/18/2004,376.86
8/17/2004,375.19
8/16/2004,373.28
8/13/2004,367.60
8/12/2004,371.10
8/11/2004,370.80
8/10/2004,373.24
8/9/2004,372.96
8/6/2004,366.29
8/5/2004,365.68
8/4/2004,366.53
8/3/2004,364.65
8/2/2004,366.59
7/30/2004,362.71
7/29/2004,361.75
7/28/2004,359.36
7/27/2004,364.94
7/26/2004,364.50
7/23/2004,365.49
7/22/2004,367.57
7/21/2004,373.24
7/20/2004,377.24
7/19/2004,378.58
7/16/2004,375.69
7/15/2004,375.70
7/14/2004,375.48
7/13/2004,376.64
7/12/2004,380.76
7/9/2004,378.64
7/8/2004,374.44
7/7/2004,369.44
7/6/2004,370.11
7/5/2004,370.05
7/2/2004,366.68
7/1/2004,366.47
6/30/2004,365.88
6/29/2004,368.42
6/28/2004,372.97
6/25/2004,372.48
6/24/2004,368.35
6/23/2004,366.98
6/22/2004,366.33
6/21/2004,365.59
6/18/2004,360.92
6/17/2004,358.45
6/16/2004,359.97
6/15/2004,354.91
6/11/2004,357.10
6/10/2004,356.99
6/9/2004,361.58
6/8/2004,366.68
6/7/2004,365.44
6/4/2004,360.86
6/3/2004,364.18
6/2/2004,367.88
6/1/2004,367.30
5/31/2004,364.81
5/28/2004,365.19
5/27/2004,362.96
5/26/2004,362.04
5/25/2004,359.29
5/24/2004,356.00
5/21/2004,354.45
5/20/2004,352.83
5/19/2004,352.62
5/18/2004,351.58
5/17/2004,353.80
5/14/2004,347.32
5/13/2004,349.28
5/12/2004,354.31
5/11/2004,350.51
5/7/2004,358.30
5/6/2004,362.07
5/5/2004,364.50
4/30/2004,358.82
4/29/2004,353.65
4/28/2004,366.34
4/27/2004,366.79
4/26/2004,367.88
4/23/2004,367.19
4/22/2004,362.81
4/21/2004,364.32
4/20/2004,366.99
4/19/2004,371.71
4/16/2004,366.02
4/15/2004,364.27
4/14/2004,371.51
4/13/2004,381.79
4/12/2004,383.18
4/9/2004,382.55
4/8/2004,384.98
4/7/2004,382.63
4/6/2004,380.69
4/5/2004,383.94
4/2/2004,388.61
4/1/2004,387.78
3/31/2004,385.86
3/30/2004,381.95
3/29/2004,383.59
3/26/2004,380.50
3/25/2004,379.79
3/24/2004,380.53
3/23/2004,378.35
3/22/2004,377.70
3/19/2004,374.77
3/18/2004,371.21
3/17/2004,366.95
3/16/2004,364.48
3/15/2004,363.86
3/12/2004,365.48
3/11/2004,363.24
3/10/2004,366.35
3/9/2004,366.06
3/5/2004,360.45
3/4/2004,361.44
3/3/2004,357.01
3/2/2004,363.82
3/1/2004,363.52
2/27/2004,357.82
2/26/2004,360.31
2/25/2004,367.75
2/24/2004,365.92
2/20/2004,372.12
2/19/2004,373.93
2/18/2004,378.98
2/17/2004,377.01
2/16/2004,374.37
2/13/2004,375.95
2/12/2004,375.32
2/11/2004,370.93
2/10/2004,372.36
2/9/2004,370.71
2/6/2004,362.35
2/5/2004,363.93
2/4/2004,364.68
2/3/2004,367.83
2/2/2004,366.70
1/30/2004,365.79
1/29/2004,373.83
1/28/2004,374.24
1/27/2004,368.51
1/26/2004,370.29
1/23/2004,375.76
1/22/2004,378.21
1/21/2004,378.92
1/20/2004,375.98
1/19/2004,375.01
1/16/2004,379.06
1/15/2004,383.86
1/14/2004,388.80
1/13/2004,392.24
1/12/2004,395.48
1/9/2004,392.12
1/8/2004,389.68
1/6/2004,400.41
1/5/2004,393.62
12/31/2003,393.15
12/30/2003,391.60
12/29/2003,389.62
12/26/2003,384.43
12/25/2003,384.32
12/24/2003,384.32
12/23/2003,383.20
12/22/2003,384.68
12/19/2003,382.40
12/18/2003,384.28
12/17/2003,381.33
12/16/2003,384.07
12/15/2003,380.25
12/11/2003,380.47
12/10/2003,384.86
12/9/2003,385.96
12/8/2003,386.40
12/5/2003,381.07
12/4/2003,382.26
12/3/2003,383.11
12/2/2003,381.03
12/1/2003,378.90
11/28/2003,378.73
11/27/2003,376.95
11/26/2003,372.89
11/25/2003,372.42
11/24/2003,375.03
11/21/2003,375.43
11/20/2003,377.38
11/19/2003,378.54
11/18/2003,374.08
11/17/2003,379.38
11/14/2003,377.12
11/13/2003,377.78
11/12/2003,370.06
11/11/2003,368.40
11/10/2003,365.11
11/6/2003,364.20
11/5/2003,364.46
11/4/2003,361.37
11/3/2003,367.12
10/31/2003,368.42
10/30/2003,373.47
10/29/2003,365.06
10/28/2003,370.15
10/27/2003,372.21
10/24/2003,368.06
10/23/2003,370.11
10/22/2003,365.20
10/21/2003,358.88
10/20/2003,356.69
10/17/2003,357.70
10/16/2003,357.73
10/15/2003,360.89
10/14/2003,361.40
10/13/2003,356.51
10/10/2003,358.21
10/9/2003,364.11
10/8/2003,365.97
10/7/2003,365.63
10/6/2003,363.22
10/3/2003,373.86
10/2/2003,375.39
10/1/2003,376.50
9/30/2003,376.56
9/29/2003,371.98
9/26/2003,374.76
9/25/2003,381.98
9/24/2003,375.28
9/23/2003,377.05
9/22/2003,376.70
9/19/2003,367.88
9/18/2003,368.85
9/17/2003,365.98
9/16/2003,368.19
9/15/2003,368.59
9/12/2003,370.24
9/11/2003,371.73
9/10/2003,373.48
9/9/2003,370.71
9/8/2003,369.68
9/5/2003,364.17
9/4/2003,365.60
9/3/2003,364.39
9/2/2003,367.03
9/1/2003,367.75
8/29/2003,362.03
8/28/2003,361.93
8/27/2003,354.18
8/26/2003,350.38
8/25/2003,347.75
8/22/2003,349.79
8/21/2003,353.12
8/20/2003,351.21
8/19/2003,347.59
8/18/2003,350.49
8/15/2003,352.76
8/14/2003,351.46
8/13/2003,346.02
8/12/2003,349.55
8/11/2003,346.91
8/8/2003,343.75
8/7/2003,339.80
8/6/2003,341.80
8/5/2003,338.56
8/4/2003,338.59
8/1/2003,342.24
7/31/2003,344.59
7/30/2003,347.61
7/29/2003,352.18
7/28/2003,350.22
7/25/2003,350.27
7/24/2003,349.39
7/23/2003,341.91
7/22/2003,341.41
7/21/2003,337.84
7/18/2003,334.89
7/17/2003,336.10
7/16/2003,334.86
7/15/2003,340.42
7/14/2003,336.08
7/11/2003,334.52
7/10/2003,333.56
7/9/2003,336.15
7/8/2003,335.33
7/7/2003,339.51
