Дата,Индекс МосБиржи нефти и газа
5/26/2023,6898.12
5/25/2023,6879.89
5/24/2023,6901.23
5/23/2023,6862.46
5/22/2023,6830.46
5/19/2023,6784.34
5/18/2023,6820.98
5/17/2023,6835.11
5/16/2023,6848.94
5/15/2023,6798.51
5/12/2023,6641.75
5/11/2023,6691.99
5/10/2023,6591.29
5/8/2023,6415.71
5/5/2023,6411.09
5/4/2023,6375.24
5/3/2023,6420.16
5/2/2023,6586.32
4/28/2023,6764.02
4/27/2023,6801.08
4/26/2023,6739.27
4/25/2023,6767.25
4/24/2023,6798.42
4/21/2023,6808.36
4/20/2023,6769.21
4/19/2023,6663.68
4/18/2023,6694.60
4/17/2023,6687.71
4/14/2023,6591.99
4/13/2023,6566.23
4/12/2023,6565.95
4/11/2023,6550.60
4/10/2023,6603.52
4/7/2023,6522.12
4/6/2023,6490.06
4/5/2023,6452.52
4/4/2023,6376.13
4/3/2023,6288.49
3/31/2023,6174.30
3/30/2023,6212.11
3/29/2023,6184.70
3/28/2023,6162.61
3/27/2023,6178.55
3/24/2023,6021.32
3/23/2023,5998.96
3/22/2023,6008.27
3/21/2023,6032.70
3/20/2023,6027.77
3/17/2023,5810.05
3/16/2023,5678.27
3/15/2023,5663.68
3/14/2023,5734.16
3/13/2023,5692.61
3/10/2023,5710.80
3/9/2023,5735.85
3/7/2023,5741.60
3/6/2023,5751.09
3/3/2023,5683.60
3/2/2023,5642.94
3/1/2023,5712.97
2/28/2023,5641.19
2/27/2023,5579.41
2/24/2023,5506.66
2/22/2023,5532.09
2/21/2023,5522.69
2/20/2023,5485.51
2/17/2023,5452.74
2/16/2023,5414.55
2/15/2023,5421.94
2/14/2023,5570.36
2/13/2023,5636.06
2/10/2023,5637.97
2/9/2023,5643.51
2/8/2023,5614.84
2/7/2023,5668.26
2/6/2023,5620.13
2/3/2023,5574.72
2/2/2023,5563.41
2/1/2023,5561.92
1/31/2023,5562.22
1/30/2023,5551.50
1/27/2023,5531.44
1/26/2023,5456.58
1/25/2023,5475.55
1/24/2023,5483.60
1/23/2023,5514.73
1/20/2023,5488.75
1/19/2023,5504.31
1/18/2023,5580.24
1/17/2023,5601.89
1/16/2023,5648.94
1/13/2023,5603.33
1/12/2023,5589.38
1/11/2023,5612.38
1/10/2023,5624.23
1/9/2023,5650.93
1/6/2023,5651.65
1/5/2023,5649.59
1/4/2023,5670.73
1/3/2023,5705.97
12/30/2022,5658.04
12/29/2022,5620.93
12/28/2022,5594.85
12/27/2022,5609.69
12/26/2022,5585.49
12/23/2022,5552.75
12/22/2022,5561.49
12/21/2022,5565.62
12/20/2022,5570.80
12/19/2022,5581.95
12/16/2022,5597.21
12/15/2022,5559.33
12/14/2022,5639.75
12/13/2022,5678.89
12/12/2022,5681.26
12/9/2022,5701.29
12/8/2022,5714.80
12/7/2022,5714.21
12/6/2022,5737.74
12/5/2022,5783.35
12/2/2022,5731.06
12/1/2022,5717.63
11/30/2022,5691.30
11/29/2022,5719.12
11/28/2022,5711.51
11/25/2022,5756.97
11/24/2022,5783.14
11/23/2022,5786.29
11/22/2022,5754.21
11/21/2022,5697.82
11/18/2022,5809.97
11/17/2022,5823.90
11/16/2022,5861.87
11/15/2022,5861.01
11/14/2022,5924.61
11/11/2022,5915.41
11/10/2022,5940.13
11/9/2022,5876.77
11/8/2022,5978.14
11/7/2022,5987.82
11/3/2022,5851.87
11/2/2022,5908.46
11/1/2022,5903.87
10/31/2022,5879.76
10/28/2022,5893.29
10/27/2022,5837.09
10/26/2022,5688.28
10/25/2022,5664.56
10/24/2022,5466.49
10/21/2022,5402.94
10/20/2022,5396.88
10/19/2022,5276.69
10/18/2022,5402.56
10/17/2022,5377.08
10/14/2022,5211.06
10/13/2022,5232.08
10/12/2022,5205.90
10/11/2022,5189.13
10/10/2022,5117.12
10/7/2022,5241.46
10/6/2022,5458.68
10/5/2022,5468.91
10/4/2022,5479.03
10/3/2022,5481.78
9/30/2022,5253.69
9/29/2022,5219.58
9/28/2022,5238.95
9/27/2022,5204.57
9/26/2022,5144.47
9/23/2022,5606.11
9/22/2022,5858.18
9/21/2022,5690.39
9/20/2022,5971.94
9/19/2022,6516.01
9/16/2022,6543.59
9/15/2022,6606.63
9/14/2022,6587.39
9/13/2022,6604.47
9/12/2022,6650.73
9/9/2022,6586.80
9/8/2022,6520.06
9/7/2022,6545.92
9/6/2022,6623.72
9/5/2022,6793.69
9/2/2022,6715.12
9/1/2022,6616.36
8/31/2022,6533.48
8/30/2022,6322.43
8/29/2022,6305.80
8/26/2022,6240.27
8/25/2022,6170.28
8/24/2022,6224.78
8/23/2022,6225.30
8/22/2022,6183.44
8/19/2022,6043.26
8/18/2022,6068.45
8/17/2022,6053.41
8/16/2022,6129.82
8/15/2022,5992.77
8/12/2022,5960.17
8/11/2022,5913.22
8/10/2022,5969.92
8/9/2022,5912.69
8/8/2022,5758.06
8/5/2022,5699.07
8/4/2022,5835.84
8/3/2022,5873.50
8/2/2022,5914.86
8/1/2022,6048.94
7/29/2022,6129.86
7/28/2022,5986.02
7/27/2022,6018.36
7/26/2022,5974.29
7/25/2022,5849.94
7/22/2022,5824.35
7/21/2022,5692.90
7/20/2022,5727.83
7/19/2022,5661.16
7/18/2022,5839.77
7/15/2022,5881.64
7/14/2022,5728.25
7/13/2022,5790.19
7/12/2022,5961.27
7/11/2022,6062.92
7/8/2022,6186.73
7/7/2022,6238.09
7/6/2022,6307.97
7/5/2022,6290.93
7/4/2022,6274.49
7/1/2022,6301.99
6/30/2022,6252.22
6/29/2022,6684.44
6/28/2022,6724.84
6/27/2022,6680.25
6/24/2022,6645.52
6/23/2022,6695.13
6/22/2022,6661.41
6/21/2022,6654.92
6/20/2022,6761.86
6/17/2022,6604.52
6/16/2022,6671.19
6/15/2022,6504.43
6/14/2022,6417.44
6/10/2022,6417.71
6/9/2022,6340.63
6/8/2022,6334.46
6/7/2022,6237.28
6/6/2022,6182.54
6/3/2022,6217.52
6/2/2022,6290.89
6/1/2022,6356.87
5/31/2022,6302.16
5/30/2022,6436.48
5/27/2022,6476.33
5/26/2022,6433.75
5/25/2022,6198.76
5/24/2022,6020.15
5/23/2022,6103.89
5/20/2022,6333.14
5/19/2022,6445.85
5/18/2022,6431.02
5/17/2022,6354.45
5/16/2022,6153.04
5/13/2022,5985.62
5/12/2022,5973.21
5/11/2022,6218.21
5/6/2022,6235.08
5/5/2022,6227.69
5/4/2022,6178.11
4/29/2022,6400.46
4/28/2022,6211.76
4/27/2022,6317.05
4/26/2022,6131.84
4/25/2022,5796.76
4/22/2022,5843.84
4/21/2022,5860.32
4/20/2022,5987.43
4/19/2022,5973.92
4/18/2022,6077.55
4/15/2022,6255.28
4/14/2022,6236.90
4/13/2022,6536.29
4/12/2022,6555.20
4/11/2022,6597.73
4/8/2022,6652.84
4/7/2022,6774.05
4/6/2022,6766.87
4/5/2022,6865.91
4/4/2022,7192.49
4/1/2022,7182.95
3/31/2022,7137.15
3/30/2022,6645.83
3/29/2022,6481.01
3/28/2022,6496.13
2/25/2022,6480.57
2/24/2022,5142.45
2/22/2022,7542.66
2/21/2022,7449.83
2/18/2022,8366.07
2/17/2022,8623.02
2/16/2022,8947.52
2/15/2022,8879.35
2/14/2022,8690.00
2/11/2022,8809.02
2/10/2022,9005.02
2/9/2022,9027.00
2/8/2022,8919.13
2/7/2022,8810.77
2/4/2022,8812.51
2/3/2022,8758.97
2/2/2022,8880.79
2/1/2022,8866.17
1/31/2022,8876.07
1/28/2022,8836.36
1/27/2022,8729.83
1/26/2022,8419.24
1/25/2022,8250.19
1/24/2022,8193.35
1/21/2022,8648.97
1/20/2022,8768.36
1/19/2022,8693.15
1/18/2022,8422.75
1/17/2022,8925.09
1/14/2022,9060.46
1/13/2022,9068.27
1/12/2022,9413.90
1/11/2022,9275.31
1/10/2022,9197.30
1/6/2022,9174.89
1/5/2022,9270.18
1/4/2022,9417.79
1/3/2022,9307.03
12/30/2021,9159.50
12/29/2021,9087.21
12/28/2021,9125.12
12/27/2021,9025.96
12/24/2021,8910.19
12/23/2021,8939.64
12/22/2021,9076.50
12/21/2021,8917.97
12/20/2021,8863.44
12/17/2021,8941.91
12/16/2021,8985.49
12/15/2021,8718.65
12/14/2021,8618.12
12/13/2021,8590.95
12/10/2021,8887.84
12/9/2021,8959.04
12/8/2021,8885.44
12/7/2021,9091.01
12/6/2021,8893.70
12/3/2021,9007.14
12/2/2021,9058.61
12/1/2021,8978.63
11/30/2021,8789.66
11/29/2021,8842.03
11/26/2021,8692.08
11/25/2021,9018.80
11/24/2021,9123.50
11/23/2021,9031.47
11/22/2021,8880.91
11/19/2021,9085.88
11/18/2021,9298.68
11/17/2021,9548.53
11/16/2021,9524.60
11/15/2021,9506.25
11/12/2021,9522.72
11/11/2021,9558.56
11/10/2021,9460.38
11/9/2021,9407.95
11/8/2021,9500.64
11/5/2021,9359.87
11/3/2021,9347.03
11/2/2021,9467.20
11/1/2021,9564.98
10/29/2021,9452.83
10/28/2021,9504.65
10/27/2021,9642.75
10/26/2021,9757.71
10/25/2021,9809.95
10/22/2021,9620.82
10/21/2021,9684.16
10/20/2021,9882.04
10/19/2021,9827.87
10/18/2021,9815.06
10/15/2021,9852.87
10/14/2021,9762.60
10/13/2021,9745.53
10/12/2021,9864.12
10/11/2021,9826.26
10/8/2021,9783.61
10/7/2021,9810.65
10/6/2021,9772.03
10/5/2021,10024.82
10/4/2021,9697.25
10/1/2021,9534.33
9/30/2021,9558.27
9/29/2021,9481.93
9/28/2021,9463.72
9/27/2021,9407.26
9/24/2021,9237.52
9/23/2021,9226.84
9/22/2021,9164.51
9/21/2021,8951.22
9/20/2021,8896.07
9/17/2021,9066.08
9/16/2021,9183.22
9/15/2021,9178.49
9/14/2021,9141.50
9/13/2021,9065.48
9/10/2021,8881.37
9/9/2021,8903.15
9/8/2021,8961.95
9/7/2021,8936.86
9/6/2021,8900.05
9/3/2021,8853.80
9/2/2021,8839.02
9/1/2021,8727.24
8/31/2021,8603.70
8/30/2021,8675.63
8/27/2021,8584.27
8/26/2021,8525.89
8/25/2021,8666.75
8/24/2021,8705.22
8/23/2021,8685.54
8/20/2021,8534.30
8/19/2021,8567.80
8/18/2021,8751.61
8/17/2021,8794.65
8/16/2021,8719.79
8/13/2021,8642.63
8/12/2021,8686.38
8/11/2021,8619.21
8/10/2021,8592.36
8/9/2021,8486.61
8/6/2021,8437.42
8/5/2021,8511.48
8/4/2021,8469.93
8/3/2021,8450.87
8/2/2021,8482.33
7/30/2021,8420.38
7/29/2021,8539.97
7/28/2021,8455.21
7/27/2021,8340.88
7/26/2021,8336.79
7/23/2021,8339.64
7/22/2021,8409.19
7/21/2021,8331.50
7/20/2021,8229.67
7/19/2021,8247.87
7/16/2021,8547.81
7/15/2021,8649.42
7/14/2021,8810.43
7/13/2021,8913.37
7/12/2021,8911.17
7/9/2021,8903.95
7/8/2021,8927.18
7/7/2021,9048.71
7/6/2021,9102.95
7/5/2021,9046.38
7/2/2021,8976.45
7/1/2021,9004.46
6/30/2021,8887.54
6/29/2021,8714.98
6/28/2021,8798.17
6/25/2021,8853.54
6/24/2021,8828.28
6/23/2021,8836.04
6/22/2021,8797.60
6/21/2021,8734.12
6/18/2021,8734.55
6/17/2021,8794.05
6/16/2021,8822.39
6/15/2021,8712.82
6/14/2021,8744.13
6/11/2021,8626.63
6/10/2021,8674.28
6/9/2021,8711.64
6/8/2021,8611.15
6/7/2021,8639.38
6/4/2021,8622.99
6/3/2021,8583.94
6/2/2021,8548.70
6/1/2021,8357.38
5/31/2021,8207.09
5/28/2021,8174.89
5/27/2021,8156.45
5/26/2021,8133.54
5/25/2021,8096.31
5/24/2021,8065.23
5/21/2021,8072.34
5/20/2021,7995.05
5/19/2021,8082.01
5/18/2021,8175.66
5/17/2021,8100.70
5/14/2021,8079.86
5/13/2021,8095.92
5/12/2021,8146.81
5/11/2021,8084.45
5/10/2021,8128.32
5/7/2021,8087.19
5/6/2021,8066.16
5/5/2021,8088.82
5/4/2021,7967.01
4/30/2021,7838.74
4/29/2021,7889.48
4/28/2021,7954.03
4/27/2021,8076.63
4/26/2021,8099.90
4/23/2021,8157.39
4/22/2021,8199.86
4/21/2021,8131.18
4/20/2021,8137.14
4/19/2021,8190.29
4/16/2021,8278.86
4/15/2021,8305.80
4/14/2021,8331.48
4/13/2021,8131.66
4/12/2021,8110.60
4/9/2021,8057.45
4/8/2021,8168.47
4/7/2021,8218.78
4/6/2021,8165.81
4/5/2021,8284.24
4/2/2021,8408.00
4/1/2021,8335.20
3/31/2021,8346.53
3/30/2021,8370.38
3/29/2021,8430.46
3/26/2021,8405.34
3/25/2021,8262.18
3/24/2021,8375.80
3/23/2021,8266.31
3/22/2021,8238.92
3/19/2021,8167.33
3/18/2021,8284.01
3/17/2021,8347.85
3/16/2021,8556.70
3/15/2021,8600.82
3/12/2021,8516.22
3/11/2021,8414.06
3/10/2021,8326.95
3/9/2021,8413.05
3/5/2021,8121.62
3/4/2021,7856.61
3/3/2021,7814.97
3/2/2021,7779.23
3/1/2021,7696.63
2/26/2021,7642.66
2/25/2021,7837.94
2/24/2021,7751.39
2/22/2021,7768.25
2/20/2021,7779.11
2/19/2021,7786.32
2/18/2021,7697.50
2/17/2021,7768.42
2/16/2021,7956.83
2/15/2021,7916.98
2/12/2021,7781.37
2/11/2021,7709.27
2/10/2021,7666.84
2/9/2021,7767.62
2/8/2021,7832.75
2/5/2021,7699.63
2/4/2021,7607.41
2/3/2021,7577.98
2/2/2021,7604.30
2/1/2021,7399.63
1/29/2021,7414.28
1/28/2021,7575.01
1/27/2021,7589.60
1/26/2021,7699.77
1/25/2021,7727.77
1/22/2021,7668.89
1/21/2021,7740.07
1/20/2021,7924.37
1/19/2021,7916.50
1/18/2021,7998.90
1/15/2021,7979.52
1/14/2021,8069.74
1/13/2021,7974.20
1/12/2021,7906.77
1/11/2021,7863.43
1/8/2021,7808.88
1/6/2021,7559.68
1/5/2021,7459.51
1/4/2021,7429.09
12/30/2020,7344.76
12/29/2020,7302.62
12/28/2020,7240.19
12/25/2020,7223.86
12/24/2020,7204.68
12/23/2020,7239.80
12/22/2020,7238.72
12/21/2020,7097.14
12/18/2020,7311.01
12/17/2020,7277.85
12/16/2020,7244.08
12/15/2020,7243.97
12/14/2020,7267.09
12/11/2020,7311.98
12/10/2020,7268.59
12/9/2020,7070.08
12/8/2020,7043.88
12/7/2020,7141.46
12/4/2020,7182.45
12/3/2020,7088.73
12/2/2020,7207.62
12/1/2020,7102.15
11/30/2020,7078.96
11/27/2020,7295.34
11/26/2020,7347.03
11/25/2020,7429.98
11/24/2020,7315.21
11/23/2020,7234.72
11/20/2020,7186.70
11/19/2020,7147.21
11/18/2020,7236.22
11/17/2020,7113.35
11/16/2020,7144.87
11/13/2020,6962.91
11/12/2020,6967.13
11/11/2020,7004.93
11/10/2020,6916.24
11/9/2020,6827.15
11/6/2020,6458.09
11/5/2020,6413.72
11/3/2020,6230.20
11/2/2020,6072.11
10/30/2020,5946.19
10/29/2020,5994.56
10/28/2020,5958.05
10/27/2020,6179.10
10/26/2020,6256.03
10/23/2020,6337.08
10/22/2020,6291.58
10/21/2020,6258.64
10/20/2020,6307.20
10/19/2020,6284.09
10/16/2020,6361.08
10/15/2020,6379.46
10/14/2020,6470.92
10/13/2020,6438.26
10/12/2020,6532.40
10/9/2020,6522.32
10/8/2020,6587.24
10/7/2020,6568.32
10/6/2020,6701.13
10/5/2020,6608.48
10/2/2020,6490.97
10/1/2020,6519.69
9/30/2020,6548.26
9/29/2020,6578.11
9/28/2020,6614.88
9/25/2020,6539.36
9/24/2020,6573.87
9/23/2020,6530.41
9/22/2020,6588.67
9/21/2020,6563.12
9/18/2020,6806.81
9/17/2020,6852.42
9/16/2020,6869.16
9/15/2020,6935.99
9/14/2020,6771.40
9/11/2020,6739.83
9/10/2020,6678.04
9/9/2020,6690.49
9/8/2020,6684.37
9/7/2020,6766.57
9/4/2020,6796.05
9/3/2020,6784.78
9/2/2020,6849.92
9/1/2020,6889.34
8/31/2020,6882.25
8/28/2020,6957.88
8/27/2020,7088.82
8/26/2020,7207.40
8/25/2020,7139.37
8/24/2020,7129.86
8/21/2020,7033.97
8/20/2020,7042.29
8/19/2020,7245.45
8/18/2020,7269.57
8/17/2020,7261.68
8/14/2020,7325.20
8/13/2020,7335.83
8/12/2020,7241.43
8/11/2020,7125.34
8/10/2020,6964.88
8/7/2020,6951.14
8/6/2020,6983.79
8/5/2020,6978.95
8/4/2020,6814.60
8/3/2020,6810.95
7/31/2020,6877.75
7/30/2020,6858.70
7/29/2020,6946.12
7/28/2020,6888.83
7/27/2020,6877.26
7/24/2020,6915.09
7/23/2020,6909.47
7/22/2020,6918.94
7/21/2020,6933.40
7/20/2020,6892.94
7/17/2020,6857.16
7/16/2020,6836.99
7/15/2020,6801.77
7/14/2020,6842.78
7/13/2020,6896.94
7/10/2020,6999.74
7/9/2020,6946.06
7/8/2020,7070.71
7/7/2020,7103.43
7/6/2020,7113.92
7/3/2020,7052.39
7/2/2020,7051.20
6/30/2020,6922.95
6/29/2020,7017.11
6/26/2020,7028.75
6/25/2020,7054.16
6/23/2020,7200.35
6/22/2020,7162.40
6/19/2020,7145.72
6/18/2020,7063.83
6/17/2020,7071.29
6/16/2020,7127.88
6/15/2020,7039.53
6/11/2020,7125.24
6/10/2020,7304.05
6/9/2020,7295.94
6/8/2020,7257.36
6/5/2020,7272.01
6/4/2020,7175.43
6/3/2020,7276.14
6/2/2020,7176.28
6/1/2020,7037.88
5/29/2020,6970.96
5/28/2020,7142.48
5/27/2020,7086.10
5/26/2020,7163.82
5/25/2020,7158.58
5/22/2020,7007.71
5/21/2020,7014.45
5/20/2020,7236.56
5/19/2020,7050.83
5/18/2020,7003.54
5/15/2020,6710.66
5/14/2020,6696.67
5/13/2020,6617.68
5/12/2020,6756.21
5/8/2020,6741.76
5/7/2020,6710.37
5/6/2020,6719.13
5/5/2020,6818.02
5/4/2020,6682.93
4/30/2020,6743.76
4/29/2020,6819.67
4/28/2020,6642.40
4/27/2020,6503.86
4/24/2020,6522.07
4/23/2020,6648.52
4/22/2020,6559.71
4/21/2020,6276.21
4/20/2020,6384.15
4/17/2020,6476.33
4/16/2020,6412.68
4/15/2020,6373.74
4/14/2020,6760.89
4/13/2020,6877.88
4/10/2020,7045.12
4/9/2020,7124.62
4/8/2020,7036.04
4/7/2020,6965.00
4/6/2020,7009.21
4/3/2020,6930.67
4/2/2020,6785.32
4/1/2020,6442.89
3/31/2020,6472.72
3/30/2020,6166.82
3/27/2020,6136.15
3/26/2020,6417.58
3/25/2020,6292.39
3/24/2020,6135.10
3/23/2020,5726.73
3/20/2020,5886.92
3/19/2020,5743.78
3/18/2020,5209.83
3/17/2020,5565.36
3/16/2020,5679.35
3/13/2020,5766.16
3/12/2020,5882.72
3/11/2020,6389.58
3/10/2020,6407.07
3/6/2020,7207.13
3/5/2020,7509.88
3/4/2020,7575.91
3/3/2020,7513.67
3/2/2020,7365.35
2/28/2020,7415.55
2/27/2020,7730.44
2/26/2020,8093.59
2/25/2020,8091.88
2/21/2020,8401.34
2/20/2020,8504.69
2/19/2020,8481.11
2/18/2020,8343.03
2/17/2020,8491.25
2/14/2020,8408.06
2/13/2020,8425.49
2/12/2020,8472.63
2/11/2020,8356.07
2/10/2020,8231.68
2/7/2020,8346.50
2/6/2020,8465.52
2/5/2020,8541.73
2/4/2020,8518.56
2/3/2020,8433.51
1/31/2020,8509.71
1/30/2020,8617.07
1/29/2020,8679.48
1/28/2020,8644.03
1/27/2020,8573.01
1/24/2020,8752.39
1/23/2020,8768.84
1/22/2020,8896.59
1/21/2020,9071.23
1/20/2020,9118.11
1/17/2020,9092.93
1/16/2020,9045.27
1/15/2020,8991.93
1/14/2020,9003.21
1/13/2020,9061.60
1/10/2020,9037.75
1/9/2020,9039.14
1/8/2020,8963.74
1/6/2020,8875.51
1/3/2020,8853.65
12/30/2019,8739.70
12/27/2019,8788.39
12/26/2019,8789.66
12/25/2019,8773.12
12/24/2019,8781.24
12/23/2019,8796.95
12/20/2019,8728.11
12/19/2019,8720.55
12/18/2019,8769.31
12/17/2019,8746.43
12/16/2019,8700.74
12/13/2019,8667.93
12/12/2019,8660.52
12/11/2019,8524.79
12/10/2019,8450.58
12/9/2019,8524.51
12/6/2019,8476.89
12/5/2019,8385.70
12/4/2019,8415.06
12/3/2019,8327.79
12/2/2019,8446.90
11/29/2019,8496.81
11/28/2019,8497.89
11/27/2019,8510.07
11/26/2019,8544.35
11/25/2019,8652.21
11/22/2019,8656.62
11/21/2019,8627.97
11/20/2019,8615.65
11/19/2019,8638.97
11/18/2019,8590.64
11/15/2019,8687.50
11/14/2019,8710.05
11/13/2019,8744.86
11/12/2019,8799.73
11/11/2019,8811.72
11/8/2019,8798.51
11/7/2019,8929.88
11/6/2019,8814.22
11/5/2019,8720.41
11/1/2019,8646.78
10/31/2019,8495.10
10/30/2019,8540.98
10/29/2019,8496.58
10/28/2019,8425.05
10/25/2019,8548.07
10/24/2019,8484.43
10/23/2019,8286.60
10/22/2019,8130.13
10/21/2019,8019.45
10/18/2019,7998.95
10/17/2019,8027.90
10/16/2019,8034.95
10/15/2019,7910.17
10/14/2019,7873.63
10/11/2019,7912.36
10/10/2019,7840.67
10/9/2019,7826.74
10/8/2019,7820.22
10/7/2019,7838.97
10/4/2019,7737.40
10/3/2019,7744.18
10/2/2019,7779.91
10/1/2019,7896.05
9/30/2019,7835.53
9/27/2019,7879.39
9/26/2019,7926.10
9/25/2019,7936.94
9/24/2019,7927.72
9/23/2019,8026.56
9/20/2019,8025.17
9/19/2019,7981.44
9/18/2019,8040.36
9/17/2019,8076.52
9/16/2019,8130.91
9/13/2019,7924.53
9/12/2019,7933.44
9/11/2019,8003.59
9/10/2019,7886.72
9/9/2019,7913.03
9/6/2019,7951.43
9/5/2019,7955.86
9/4/2019,7976.94
9/3/2019,7946.44
9/2/2019,7790.87
8/30/2019,7621.73
8/29/2019,7571.39
8/28/2019,7483.23
8/27/2019,7436.00
8/26/2019,7447.37
8/23/2019,7448.62
8/22/2019,7493.85
8/21/2019,7514.43
8/20/2019,7534.16
8/19/2019,7441.73
8/16/2019,7369.14
8/15/2019,7382.61
8/14/2019,7416.58
8/13/2019,7554.22
8/12/2019,7573.80
8/9/2019,7568.97
8/8/2019,7601.22
8/7/2019,7545.62
8/6/2019,7578.20
8/5/2019,7476.78
8/2/2019,7567.11
8/1/2019,7702.05
7/31/2019,7699.98
7/30/2019,7664.11
7/29/2019,7683.25
7/26/2019,7622.67
7/25/2019,7577.58
7/24/2019,7527.62
7/23/2019,7575.64
7/22/2019,7505.55
7/19/2019,7545.55
7/18/2019,7546.62
7/17/2019,7629.27
7/16/2019,7803.34
7/15/2019,7784.88
7/12/2019,7862.18
7/11/2019,7905.78
7/10/2019,8001.99
7/9/2019,8026.08
7/8/2019,8000.70
7/5/2019,8031.40
7/4/2019,8065.96
7/3/2019,8024.62
7/2/2019,7980.17
7/1/2019,7969.77
6/28/2019,7895.89
6/27/2019,7900.04
6/26/2019,7859.56
6/25/2019,7787.86
6/24/2019,7807.50
6/21/2019,7843.42
6/20/2019,7880.01
6/19/2019,7764.60
6/18/2019,7801.76
6/17/2019,7736.40
6/14/2019,7748.75
6/13/2019,7827.69
6/11/2019,7875.72
6/10/2019,7773.06
6/7/2019,7735.29
6/6/2019,7760.79
6/5/2019,7716.31
6/4/2019,7788.00
6/3/2019,7863.10
5/31/2019,7694.33
5/30/2019,7688.11
5/29/2019,7598.24
5/28/2019,7485.22
5/27/2019,7518.84
5/24/2019,7486.07
5/23/2019,7507.13
5/22/2019,7515.64
5/21/2019,7441.11
5/20/2019,7304.38
5/17/2019,7291.41
5/16/2019,7296.87
5/15/2019,7212.85
5/14/2019,7260.68
5/13/2019,7108.07
5/10/2019,7104.86
5/8/2019,7185.05
5/7/2019,7261.96
5/6/2019,7316.09
5/3/2019,7318.18
5/2/2019,7302.73
4/30/2019,7297.97
4/29/2019,7322.46
4/26/2019,7346.30
4/25/2019,7280.84
4/24/2019,7279.25
4/23/2019,7307.08
4/22/2019,7307.18
4/19/2019,7226.09
4/18/2019,7224.18
4/17/2019,7238.61
4/16/2019,7217.41
4/15/2019,7131.85
4/12/2019,7196.39
4/11/2019,7170.12
4/10/2019,7209.54
4/9/2019,7209.71
4/8/2019,7204.01
4/5/2019,7150.02
4/4/2019,7171.70
4/3/2019,7181.25
4/2/2019,7176.90
4/1/2019,7185.95
3/29/2019,7125.98
3/28/2019,7075.31
3/27/2019,7046.52
3/26/2019,7092.60
3/25/2019,7083.20
3/22/2019,7111.23
3/21/2019,7144.11
3/20/2019,7120.25
3/19/2019,7059.14
3/18/2019,7013.05
3/15/2019,7000.07
3/14/2019,6932.02
3/13/2019,6958.22
3/12/2019,6951.79
3/11/2019,6974.91
3/7/2019,7030.17
3/6/2019,7089.19
3/5/2019,7022.53
3/4/2019,7055.60
3/1/2019,7053.52
2/28/2019,7085.50
2/27/2019,7142.85
2/26/2019,7137.72
2/25/2019,7134.22
2/22/2019,7175.15
2/21/2019,7120.39
2/20/2019,7147.72
2/19/2019,7084.23
2/18/2019,7100.20
2/15/2019,7142.47
2/14/2019,7034.03
2/13/2019,7074.51
2/12/2019,7236.18
2/11/2019,7180.32
2/8/2019,7198.60
2/7/2019,7233.60
2/6/2019,7303.30
2/5/2019,7349.64
2/4/2019,7264.25
2/1/2019,7247.75
1/31/2019,7250.85
1/30/2019,7265.64
1/29/2019,7214.82
1/28/2019,7150.11
1/25/2019,7198.27
1/24/2019,7111.88
1/23/2019,7196.78
1/22/2019,7119.65
1/21/2019,7119.08
1/18/2019,7135.71
1/17/2019,7084.32
1/16/2019,7064.21
1/15/2019,7107.10
1/14/2019,7118.38
1/11/2019,7130.18
1/10/2019,7107.63
1/9/2019,7018.49
1/8/2019,6996.78
1/4/2019,7082.17
1/3/2019,7000.79
12/29/2018,7022.11
12/28/2018,6962.94
12/27/2018,6862.21
12/26/2018,6805.39
12/25/2018,6734.97
12/24/2018,6823.55
12/21/2018,6872.86
12/20/2018,6884.56
12/19/2018,6914.76
12/18/2018,6916.25
12/17/2018,6980.98
12/14/2018,7002.80
12/13/2018,7007.73
12/12/2018,7011.58
12/11/2018,7109.67
12/10/2018,7125.75
12/7/2018,7231.52
12/6/2018,7181.66
12/5/2018,7270.02
12/4/2018,7225.77
12/3/2018,7172.48
11/30/2018,7003.24
11/29/2018,7007.10
11/28/2018,6997.25
11/27/2018,6825.86
11/26/2018,6753.11
11/23/2018,6831.02
11/22/2018,6934.94
11/21/2018,6930.31
11/20/2018,6901.45
11/19/2018,7000.58
11/16/2018,6983.59
11/15/2018,6989.99
11/14/2018,6999.44
11/13/2018,7038.85
11/12/2018,7137.76
11/9/2018,7180.25
11/8/2018,7269.28
11/7/2018,7313.09
11/6/2018,7227.99
11/2/2018,7107.48
11/1/2018,7080.06
10/31/2018,7063.78
10/30/2018,6900.38
10/29/2018,6995.66
10/26/2018,6947.53
10/25/2018,7027.53
10/24/2018,7044.10
10/23/2018,7000.91
10/22/2018,7006.05
10/19/2018,7099.73
10/18/2018,7120.12
10/17/2018,7196.69
10/16/2018,7240.38
10/15/2018,7218.16
10/12/2018,7266.25
10/11/2018,7159.26
10/10/2018,7346.93
10/9/2018,7392.13
10/8/2018,7433.59
10/5/2018,7460.52
10/4/2018,7489.78
10/3/2018,7552.02
10/2/2018,7364.31
10/1/2018,7436.13
9/28/2018,7420.12
9/27/2018,7362.33
9/26/2018,7175.39
9/25/2018,7199.57
9/24/2018,7090.05
9/21/2018,7095.06
9/20/2018,7032.13
9/19/2018,7032.96
9/18/2018,7064.58
9/17/2018,6971.70
9/14/2018,6959.52
9/13/2018,6982.81
9/12/2018,7020.64
9/11/2018,7073.18
9/10/2018,7059.48
9/7/2018,6969.18
9/6/2018,6974.39
9/5/2018,6916.86
9/4/2018,6960.52
9/3/2018,6954.41
8/31/2018,6932.24
8/30/2018,6939.91
8/29/2018,6972.26
8/28/2018,6849.01
8/27/2018,6839.29
8/24/2018,6722.30
8/23/2018,6660.47
8/22/2018,6726.18
8/21/2018,6664.23
8/20/2018,6608.09
8/17/2018,6573.56
8/16/2018,6579.37
8/15/2018,6632.61
8/14/2018,6674.46
8/13/2018,6675.58
8/10/2018,6656.71
8/9/2018,6641.49
8/8/2018,6586.15
8/7/2018,6587.30
8/6/2018,6521.50
8/3/2018,6513.68
8/2/2018,6494.43
8/1/2018,6541.84
7/31/2018,6522.51
7/30/2018,6435.04
7/27/2018,6407.78
7/26/2018,6391.64
7/25/2018,6346.48
7/24/2018,6292.00
7/23/2018,6287.06
7/20/2018,6286.38
7/19/2018,6336.13
7/18/2018,6338.91
7/17/2018,6355.68
7/16/2018,6431.44
7/13/2018,6432.16
7/12/2018,6373.76
7/11/2018,6431.41
7/10/2018,6482.70
7/9/2018,6483.03
7/6/2018,6407.72
7/5/2018,6433.91
7/4/2018,6297.84
7/3/2018,6285.72
7/2/2018,6327.32
6/29/2018,6268.67
6/28/2018,6178.85
6/27/2018,6197.22
6/26/2018,6136.60
6/25/2018,6154.76
6/22/2018,6124.78
6/21/2018,6134.94
6/20/2018,6167.58
6/19/2018,6070.81
6/18/2018,6041.95
6/15/2018,6067.27
6/14/2018,6101.10
6/13/2018,6142.99
6/9/2018,6170.78
6/8/2018,6142.24
6/7/2018,6253.62
6/6/2018,6239.00
6/5/2018,6254.12
6/4/2018,6263.44
6/1/2018,6197.62
5/31/2018,6199.01
5/30/2018,6181.88
5/29/2018,6199.22
5/28/2018,6184.54
5/25/2018,6192.70
5/24/2018,6126.98
5/23/2018,6148.49
5/22/2018,6245.27
5/21/2018,6265.97
5/18/2018,6264.74
5/17/2018,6233.05
5/16/2018,6278.44
5/15/2018,6286.96
5/14/2018,6336.34
5/11/2018,6297.07
5/10/2018,6195.07
5/8/2018,6155.93
5/7/2018,6101.06
5/4/2018,6098.69
5/3/2018,6035.41
5/2/2018,6142.55
4/30/2018,6131.31
4/28/2018,6133.68
4/27/2018,6147.19
4/26/2018,6110.14
4/25/2018,5988.39
4/24/2018,5945.26
4/23/2018,5931.77
4/20/2018,5901.05
4/19/2018,5892.25
4/18/2018,5908.91
4/17/2018,5824.24
4/16/2018,5755.26
4/13/2018,5786.48
4/12/2018,5887.59
4/11/2018,5851.79
4/10/2018,5750.81
4/9/2018,5484.68
4/6/2018,5788.26
4/5/2018,5811.73
4/4/2018,5737.89
4/3/2018,5720.02
4/2/2018,5695.85
3/30/2018,5737.52
3/29/2018,5768.85
3/28/2018,5690.37
3/27/2018,5698.80
3/26/2018,5641.30
3/23/2018,5751.55
3/22/2018,5733.51
3/21/2018,5789.62
3/20/2018,5778.09
3/19/2018,5740.99
3/16/2018,5766.17
3/15/2018,5685.83
3/14/2018,5644.43
3/13/2018,5710.06
3/12/2018,5716.02
3/7/2018,5626.92
3/6/2018,5691.98
3/5/2018,5694.23
3/2/2018,5658.19
3/1/2018,5683.93
2/28/2018,5698.54
2/27/2018,5813.04
2/26/2018,5837.60
2/22/2018,5801.52
2/21/2018,5746.79
2/20/2018,5638.99
2/19/2018,5610.51
2/16/2018,5624.36
2/15/2018,5610.08
2/14/2018,5593.16
2/13/2018,5584.63
2/12/2018,5520.78
2/9/2018,5493.35
2/8/2018,5587.27
2/7/2018,5675.09
2/6/2018,5592.80
2/5/2018,5718.52
2/2/2018,5742.90
2/1/2018,5747.83
1/31/2018,5688.00
1/30/2018,5705.16
1/29/2018,5779.11
1/26/2018,5822.31
1/25/2018,5835.06
1/24/2018,5784.89
1/23/2018,5743.49
1/22/2018,5756.68
1/19/2018,5690.33
1/18/2018,5732.62
1/17/2018,5656.16
1/16/2018,5566.98
1/15/2018,5535.91
1/12/2018,5541.22
1/11/2018,5490.78
1/10/2018,5439.73
1/9/2018,5420.20
1/5/2018,5374.65
1/4/2018,5333.19
1/3/2018,5235.13
12/29/2017,5152.39
12/28/2017,5141.97
12/27/2017,5161.87
12/26/2017,5151.27
12/25/2017,5172.23
12/22/2017,5183.46
12/21/2017,5146.02
12/20/2017,5162.96
12/19/2017,5226.94
12/18/2017,5275.04
12/15/2017,5287.84
12/14/2017,5296.70
12/13/2017,5319.32
12/12/2017,5364.59
12/11/2017,5310.36
12/8/2017,5214.73
12/7/2017,5219.70
12/6/2017,5246.01
12/5/2017,5217.24
12/4/2017,5215.93
12/1/2017,5111.65
11/30/2017,5071.72
11/29/2017,5143.23
11/28/2017,5219.74
11/27/2017,5207.59
11/24/2017,5256.18
11/23/2017,5230.08
11/22/2017,5241.71
11/21/2017,5233.86
11/20/2017,5171.05
11/17/2017,5155.57
11/16/2017,5162.87
11/15/2017,5190.32
11/14/2017,5302.40
11/13/2017,5307.64
11/10/2017,5324.73
11/9/2017,5374.97
11/8/2017,5356.28
11/7/2017,5336.66
11/3/2017,5080.44
11/2/2017,5078.54
11/1/2017,5112.52
10/31/2017,5054.89
10/30/2017,5033.05
10/27/2017,5030.22
10/26/2017,4933.96
10/25/2017,4960.75
10/24/2017,5009.18
10/23/2017,5011.00
10/20/2017,5032.85
10/19/2017,5002.55
10/18/2017,5055.36
10/17/2017,5053.26
10/16/2017,5072.62
10/13/2017,5060.47
10/12/2017,5062.04
10/11/2017,5066.74
10/10/2017,5023.70
10/9/2017,5024.23
10/6/2017,5035.92
10/5/2017,5018.58
10/4/2017,4977.51
10/3/2017,4944.66
10/2/2017,4944.34
9/29/2017,4979.82
9/28/2017,4978.45
9/27/2017,4995.07
9/26/2017,4963.93
9/25/2017,4965.93
9/22/2017,4906.83
9/21/2017,4927.52
9/20/2017,4893.58
9/19/2017,4867.13
9/18/2017,4883.63
9/15/2017,4862.26
9/14/2017,4838.80
9/13/2017,4792.11
9/12/2017,4796.86
9/11/2017,4768.64
9/8/2017,4779.48
9/7/2017,4695.37
9/6/2017,4720.96
9/5/2017,4693.28
9/4/2017,4692.29
9/1/2017,4711.57
8/31/2017,4733.84
8/30/2017,4712.09
8/29/2017,4691.11
8/28/2017,4710.22
8/25/2017,4713.52
8/24/2017,4697.43
8/23/2017,4684.07
8/22/2017,4690.25
8/21/2017,4654.98
8/18/2017,4646.91
8/17/2017,4658.35
8/16/2017,4657.95
8/15/2017,4696.26
8/14/2017,4690.82
8/11/2017,4688.82
8/10/2017,4747.63
8/9/2017,4771.96
8/8/2017,4837.58
8/7/2017,4787.08
8/4/2017,4757.02
8/3/2017,4800.78
8/2/2017,4812.74
8/1/2017,4766.53
7/31/2017,4703.35
7/28/2017,4650.43
7/27/2017,4722.87
7/26/2017,4720.99
7/25/2017,4715.73
7/24/2017,4752.32
7/21/2017,4738.17
7/20/2017,4778.71
7/19/2017,4780.72
7/18/2017,4743.08
7/17/2017,4787.19
7/14/2017,4800.37
7/13/2017,4823.32
7/12/2017,4810.21
7/11/2017,4788.30
7/10/2017,4742.97
7/7/2017,4728.40
7/6/2017,4780.83
7/5/2017,4818.74
7/4/2017,4822.50
7/3/2017,4794.32
6/30/2017,4715.43
6/29/2017,4749.97
6/28/2017,4752.18
6/27/2017,4702.41
6/26/2017,4647.92
6/23/2017,4674.92
6/22/2017,4656.53
6/21/2017,4623.53
6/20/2017,4629.29
6/19/2017,4599.90
6/16/2017,4517.43
6/15/2017,4515.81
6/14/2017,4538.17
6/13/2017,4574.26
6/9/2017,4612.07
6/8/2017,4594.64
6/7/2017,4569.38
6/6/2017,4576.10
6/5/2017,4611.33
6/2/2017,4614.26
6/1/2017,4611.35
5/31/2017,4717.99
5/30/2017,4793.06
5/29/2017,4802.44
5/26/2017,4777.63
5/25/2017,4831.92
5/24/2017,4805.91
5/23/2017,4833.12
5/22/2017,4799.23
5/19/2017,4832.28
5/18/2017,4853.27
5/17/2017,4914.11
5/16/2017,4922.79
5/15/2017,4972.91
5/12/2017,4951.71
5/11/2017,4979.45
5/10/2017,5008.62
5/5/2017,4972.70
5/4/2017,4979.15
5/3/2017,4952.93
5/2/2017,4990.90
4/28/2017,4996.42
4/27/2017,4980.01
4/26/2017,5030.27
4/25/2017,4935.49
4/24/2017,4880.23
4/21/2017,4792.74
4/20/2017,4741.56
4/19/2017,4715.04
4/18/2017,4725.00
4/17/2017,4766.83
4/14/2017,4724.35
4/13/2017,4810.18
4/12/2017,4827.87
4/11/2017,4899.99
4/10/2017,4901.83
4/7/2017,5028.77
4/6/2017,5089.95
4/5/2017,5099.09
4/4/2017,5013.26
4/3/2017,4945.23
3/31/2017,4929.22
3/30/2017,4985.66
3/29/2017,4997.14
3/28/2017,5025.38
3/27/2017,4976.37
3/24/2017,5061.53
3/23/2017,5133.81
3/22/2017,5201.71
3/21/2017,5105.77
3/20/2017,5057.93
3/17/2017,5054.50
3/16/2017,4992.97
3/15/2017,4979.42
3/14/2017,4996.31
3/13/2017,4993.81
3/10/2017,4920.20
3/9/2017,4965.95
3/7/2017,5047.29
3/6/2017,5107.84
3/3/2017,5115.74
3/2/2017,5103.19
3/1/2017,5140.77
2/28/2017,5090.89
2/27/2017,5138.42
2/24/2017,5259.56
2/22/2017,5271.44
2/21/2017,5330.13
2/20/2017,5285.61
2/17/2017,5317.54
2/16/2017,5383.39
2/15/2017,5361.28
2/14/2017,5399.12
2/13/2017,5441.10
2/10/2017,5439.38
2/9/2017,5471.65
2/8/2017,5505.85
2/7/2017,5617.47
2/6/2017,5603.65
2/3/2017,5659.80
2/2/2017,5628.94
2/1/2017,5698.30
1/31/2017,5660.76
1/30/2017,5703.24
1/27/2017,5776.58
1/26/2017,5673.66
1/25/2017,5539.72
1/24/2017,5523.12
1/23/2017,5429.58
1/20/2017,5504.42
1/19/2017,5485.13
1/18/2017,5552.25
1/17/2017,5611.76
1/16/2017,5651.43
1/13/2017,5672.85
1/12/2017,5698.25
1/11/2017,5683.49
1/10/2017,5712.98
1/9/2017,5639.48
1/6/2017,5631.29
1/5/2017,5652.15
1/4/2017,5786.62
1/3/2017,5840.51
12/30/2016,5690.32
12/29/2016,5625.69
12/28/2016,5576.32
12/27/2016,5576.35
12/26/2016,5504.36
12/23/2016,5491.33
12/22/2016,5510.13
12/21/2016,5613.88
12/20/2016,5653.67
12/19/2016,5644.27
12/16/2016,5679.60
12/15/2016,5663.27
12/14/2016,5640.20
12/13/2016,5670.66
12/12/2016,5589.56
12/9/2016,5586.78
12/8/2016,5596.83
12/7/2016,5467.00
12/6/2016,5442.92
12/5/2016,5428.97
12/2/2016,5331.36
12/1/2016,5324.73
11/30/2016,5246.28
11/29/2016,5175.62
11/28/2016,5182.37
11/25/2016,5182.47
11/24/2016,5203.69
11/23/2016,5196.00
11/22/2016,5121.34
11/21/2016,5144.86
11/18/2016,5085.29
11/17/2016,5114.88
11/16/2016,5059.75
11/15/2016,4992.93
11/14/2016,5002.53
11/11/2016,5036.00
11/10/2016,5114.48
11/9/2016,5059.90
11/8/2016,4931.63
11/7/2016,4901.23
11/3/2016,4903.92
11/2/2016,4908.01
11/1/2016,4946.48
10/31/2016,4905.32
10/28/2016,4894.90
10/27/2016,4892.49
10/26/2016,4848.36
10/25/2016,4847.66
10/24/2016,4797.57
10/21/2016,4776.86
10/20/2016,4777.18
10/19/2016,4807.65
10/18/2016,4821.72
10/17/2016,4821.46
10/14/2016,4862.92
10/13/2016,4909.47
10/12/2016,4915.89
10/11/2016,4893.54
10/10/2016,4893.69
10/7/2016,4823.80
10/6/2016,4824.82
10/5/2016,4809.43
10/4/2016,4837.30
10/3/2016,4828.40
9/30/2016,4838.37
9/29/2016,4874.82
9/28/2016,4813.39
9/27/2016,4797.00
9/26/2016,4843.80
9/23/2016,4886.35
9/22/2016,4900.55
9/21/2016,4856.71
9/20/2016,4859.35
9/19/2016,4870.56
9/16/2016,4877.58
9/15/2016,4933.53
9/14/2016,4934.11
9/13/2016,4932.12
9/12/2016,4977.03
9/9/2016,4970.66
9/8/2016,5029.29
9/7/2016,5029.54
9/6/2016,5008.68
9/5/2016,4956.16
9/2/2016,4945.92
9/1/2016,4894.06
8/31/2016,4900.15
8/30/2016,4936.99
8/29/2016,4951.93
8/26/2016,4975.51
8/25/2016,4946.51
8/24/2016,4978.76
8/23/2016,4982.03
8/22/2016,4979.36
8/19/2016,4933.70
8/18/2016,4968.84
8/17/2016,4941.06
8/16/2016,4945.08
8/15/2016,4916.31
8/12/2016,4873.23
8/11/2016,4810.99
8/10/2016,4796.03
8/9/2016,4839.03
8/8/2016,4839.53
8/5/2016,4824.66
8/4/2016,4844.42
8/3/2016,4748.98
8/2/2016,4735.42
8/1/2016,4850.14
7/29/2016,4834.48
7/28/2016,4886.53
7/27/2016,4861.42
7/26/2016,4840.14
7/25/2016,4848.72
7/22/2016,4849.18
7/21/2016,4852.05
7/20/2016,4809.94
7/19/2016,4813.61
7/18/2016,4894.57
7/15/2016,4927.42
7/14/2016,4945.18
7/13/2016,4932.77
7/12/2016,4955.68
7/11/2016,4873.18
7/8/2016,4834.06
7/7/2016,4832.49
7/6/2016,4841.66
7/5/2016,4892.59
7/4/2016,4913.99
7/1/2016,4906.08
6/30/2016,4896.92
6/29/2016,4898.07
6/28/2016,4830.60
6/27/2016,4815.73
6/24/2016,4896.73
6/23/2016,4988.70
6/22/2016,4921.12
6/21/2016,4947.77
6/20/2016,4944.22
6/17/2016,4895.09
6/16/2016,4870.18
6/15/2016,4903.28
6/14/2016,4929.89
6/10/2016,4922.12
6/9/2016,5002.57
6/8/2016,5047.09
6/7/2016,5004.83
6/6/2016,4915.55
6/3/2016,4841.40
6/2/2016,4853.97
6/1/2016,4880.74
5/31/2016,4877.34
5/30/2016,4997.80
5/27/2016,4972.09
5/26/2016,4939.43
5/25/2016,4928.73
5/24/2016,4908.94
5/23/2016,4882.48
5/20/2016,4991.21
5/19/2016,5006.23
5/18/2016,5079.71
5/17/2016,5066.94
5/16/2016,5074.23
5/13/2016,5067.97
5/12/2016,5051.38
5/11/2016,5083.95
5/10/2016,5048.56
5/6/2016,5080.87
5/5/2016,5090.49
5/4/2016,5180.09
4/29/2016,5237.25
4/28/2016,5290.09
4/27/2016,5192.57
4/26/2016,5220.38
4/25/2016,5220.89
4/22/2016,5166.43
4/21/2016,5127.78
4/20/2016,5131.09
4/19/2016,5051.25
4/18/2016,4961.52
4/15/2016,5029.13
4/14/2016,5048.28
4/13/2016,5113.99
4/12/2016,5041.37
4/11/2016,5077.53
4/8/2016,5022.85
4/7/2016,4990.05
4/6/2016,4997.32
4/5/2016,5005.13
4/4/2016,5025.31
4/1/2016,4972.36
3/31/2016,5014.06
3/30/2016,5013.42
3/29/2016,4922.64
3/28/2016,4928.79
3/25/2016,4974.93
3/24/2016,4984.59
3/23/2016,5027.10
3/22/2016,5092.50
3/21/2016,5074.67
3/18/2016,5093.60
3/17/2016,5067.15
3/16/2016,5027.02
3/15/2016,4982.25
3/14/2016,4984.64
3/11/2016,5050.81
3/10/2016,5083.71
3/9/2016,5075.97
3/7/2016,5141.54
3/4/2016,5059.46
3/3/2016,5008.58
3/2/2016,4917.00
3/1/2016,4936.43
2/29/2016,4920.42
2/26/2016,4879.60
2/25/2016,4876.91
2/24/2016,4878.23
2/22/2016,4944.85
2/20/2016,4835.35
2/19/2016,4865.98
2/18/2016,4909.50
2/17/2016,4831.06
2/16/2016,4789.20
2/15/2016,4758.85
2/12/2016,4705.92
2/11/2016,4626.93
2/10/2016,4687.81
2/9/2016,4670.26
2/8/2016,4716.94
2/5/2016,4815.25
2/4/2016,4842.18
2/3/2016,4697.71
2/2/2016,4740.57
2/1/2016,4783.17
1/29/2016,4834.39
1/28/2016,4763.09
1/27/2016,4689.88
1/26/2016,4585.02
1/25/2016,4641.26
1/22/2016,4622.08
1/21/2016,4566.24
1/20/2016,4432.90
1/19/2016,4459.26
1/18/2016,4391.71
1/15/2016,4332.06
1/14/2016,4491.49
1/13/2016,4502.26
1/12/2016,4511.29
1/11/2016,4472.23
1/6/2016,4603.85
1/5/2016,4600.31
1/4/2016,4542.06
12/31/2015,4608.88
12/30/2015,4608.88
12/29/2015,4622.93
12/28/2015,4500.61
12/25/2015,4491.01
12/24/2015,4525.07
12/23/2015,4517.62
12/22/2015,4447.87
12/21/2015,4432.89
12/18/2015,4448.53
12/17/2015,4599.23
12/16/2015,4512.10
12/15/2015,4482.09
12/14/2015,4384.40
12/11/2015,4423.44
12/10/2015,4464.29
12/9/2015,4465.63
12/8/2015,4419.74
12/7/2015,4449.11
12/4/2015,4494.86
12/3/2015,4589.59
12/2/2015,4553.62
12/1/2015,4593.24
11/30/2015,4565.10
11/27/2015,4659.13
11/26/2015,4758.40
11/25/2015,4781.62
11/24/2015,4722.46
11/23/2015,4875.81
11/20/2015,4750.91
11/19/2015,4719.68
11/18/2015,4732.13
11/17/2015,4672.15
11/16/2015,4558.23
11/13/2015,4536.11
11/12/2015,4578.74
11/11/2015,4600.31
11/10/2015,4603.86
11/9/2015,4616.11
11/6/2015,4606.10
11/5/2015,4640.46
11/3/2015,4631.09
11/2/2015,4538.37
10/30/2015,4478.22
10/29/2015,4482.77
10/28/2015,4533.02
10/27/2015,4537.33
10/26/2015,4478.11
10/23/2015,4513.44
10/22/2015,4483.78
10/21/2015,4464.43
10/20/2015,4495.38
10/19/2015,4488.41
10/16/2015,4463.78
10/15/2015,4499.02
10/14/2015,4484.04
10/13/2015,4501.41
10/12/2015,4469.49
10/9/2015,4556.09
10/8/2015,4443.20
10/7/2015,4443.80
10/6/2015,4440.34
10/5/2015,4370.08
10/2/2015,4224.40
10/1/2015,4267.79
9/30/2015,4321.51
9/29/2015,4277.69
9/28/2015,4230.02
9/25/2015,4298.28
9/24/2015,4262.12
9/23/2015,4313.95
9/22/2015,4375.08
9/21/2015,4470.96
9/18/2015,4534.27
9/17/2015,4562.72
9/16/2015,4568.17
9/15/2015,4529.27
9/14/2015,4580.01
9/11/2015,4543.58
9/10/2015,4547.39
9/9/2015,4528.59
9/8/2015,4506.88
9/7/2015,4460.98
9/4/2015,4444.39
9/3/2015,4491.11
9/2/2015,4450.19
9/1/2015,4464.03
8/31/2015,4574.70
8/28/2015,4521.19
8/27/2015,4453.41
8/26/2015,4341.76
8/25/2015,4318.06
8/24/2015,4278.34
8/21/2015,4347.22
8/20/2015,4459.90
8/19/2015,4390.13
8/18/2015,4450.25
8/17/2015,4487.15
8/14/2015,4493.14
8/13/2015,4466.59
8/12/2015,4445.42
8/11/2015,4424.77
8/10/2015,4418.08
8/7/2015,4376.38
8/6/2015,4353.97
8/5/2015,4393.90
8/4/2015,4369.62
8/3/2015,4347.39
7/31/2015,4358.19
7/30/2015,4244.94
7/29/2015,4213.74
7/28/2015,4174.99
7/27/2015,4106.63
7/24/2015,4104.45
7/23/2015,4146.45
7/22/2015,4185.25
7/21/2015,4193.82
7/20/2015,4177.75
7/17/2015,4243.84
7/16/2015,4273.05
7/15/2015,4241.83
7/14/2015,4271.24
7/13/2015,4278.74
7/10/2015,4225.64
7/9/2015,4240.06
7/8/2015,4182.01
7/7/2015,4240.16
7/6/2015,4254.15
7/3/2015,4255.11
7/2/2015,4290.30
7/1/2015,4279.32
6/30/2015,4311.87
6/29/2015,4256.50
6/26/2015,4258.35
6/25/2015,4243.47
6/24/2015,4319.56
6/23/2015,4328.23
6/22/2015,4374.80
6/19/2015,4336.63
6/18/2015,4301.79
6/17/2015,4326.57
6/16/2015,4339.11
6/15/2015,4311.26
6/11/2015,4283.73
6/10/2015,4300.41
6/9/2015,4321.71
6/8/2015,4263.21
6/5/2015,4289.06
6/4/2015,4239.91
6/3/2015,4195.90
6/2/2015,4226.70
6/1/2015,4169.68
5/29/2015,4120.96
5/28/2015,4283.06
5/27/2015,4278.11
5/26/2015,4229.26
5/25/2015,4225.49
5/22/2015,4284.80
5/21/2015,4250.88
5/20/2015,4187.84
5/19/2015,4256.65
5/18/2015,4309.05
5/15/2015,4359.82
5/14/2015,4319.67
5/13/2015,4333.93
5/12/2015,4400.07
5/8/2015,4429.41
5/7/2015,4355.64
5/6/2015,4433.90
5/5/2015,4467.68
4/30/2015,4372.38
4/29/2015,4339.96
4/28/2015,4367.98
4/27/2015,4356.56
4/24/2015,4364.04
4/23/2015,4303.96
4/22/2015,4354.83
4/21/2015,4474.25
4/20/2015,4430.89
4/17/2015,4332.72
4/16/2015,4413.68
4/15/2015,4342.71
4/14/2015,4262.71
4/13/2015,4345.29
4/10/2015,4297.29
4/9/2015,4335.84
4/8/2015,4397.51
4/7/2015,4427.26
4/6/2015,4441.87
4/3/2015,4413.24
4/2/2015,4414.78
4/1/2015,4328.45
3/31/2015,4209.35
3/30/2015,4159.97
3/27/2015,4049.50
3/26/2015,4048.56
3/25/2015,4143.69
3/24/2015,4159.93
3/23/2015,4135.83
3/20/2015,4192.30
3/19/2015,4146.31
3/18/2015,4215.89
3/17/2015,4145.71
3/16/2015,4147.98
3/13/2015,4182.06
3/12/2015,4256.75
3/11/2015,4293.71
3/10/2015,4291.29
3/6/2015,4428.32
3/5/2015,4539.60
3/4/2015,4538.19
3/3/2015,4668.13
3/2/2015,4594.71
2/27/2015,4490.94
2/26/2015,4491.77
2/25/2015,4476.85
2/24/2015,4593.11
2/20/2015,4644.33
2/19/2015,4669.94
2/18/2015,4688.21
2/17/2015,4667.46
2/16/2015,4680.99
2/13/2015,4802.99
2/12/2015,4709.80
2/11/2015,4623.36
2/10/2015,4555.15
2/9/2015,4569.48
2/6/2015,4630.38
2/5/2015,4455.61
2/4/2015,4292.73
2/3/2015,4295.15
2/2/2015,4182.20
1/30/2015,4176.82
1/29/2015,4161.93
1/28/2015,4220.51
1/27/2015,4315.51
1/26/2015,4200.89
1/23/2015,4300.61
1/22/2015,4276.81
1/21/2015,4127.51
1/20/2015,3990.78
1/19/2015,4002.80
1/16/2015,4027.92
1/15/2015,3933.79
1/14/2015,3905.22
1/13/2015,3827.14
1/12/2015,3751.63
1/9/2015,3757.59
1/8/2015,3890.15
1/6/2015,3751.41
1/5/2015,3640.27
12/31/2014,3540.17
12/30/2014,3540.17
12/29/2014,3649.56
12/26/2014,3552.63
12/25/2014,3493.91
12/24/2014,3505.48
12/23/2014,3524.35
12/22/2014,3550.56
12/19/2014,3536.04
12/18/2014,3643.42
12/17/2014,3501.89
12/16/2014,3637.47
12/15/2014,3534.17
12/12/2014,3607.75
12/11/2014,3575.98
12/10/2014,3659.03
12/9/2014,3657.56
12/8/2014,3668.87
12/5/2014,3801.71
12/4/2014,3961.20
12/3/2014,4022.58
12/2/2014,3957.89
12/1/2014,3960.85
11/28/2014,3838.54
11/27/2014,3814.43
11/26/2014,3799.63
11/25/2014,3776.64
11/24/2014,3790.12
11/21/2014,3838.73
11/20/2014,3842.52
11/19/2014,3791.04
11/18/2014,3775.39
11/17/2014,3748.46
11/14/2014,3708.17
11/13/2014,3657.09
11/12/2014,3720.68
11/11/2014,3747.73
11/10/2014,3728.32
11/7/2014,3677.58
11/6/2014,3674.47
11/5/2014,3685.24
11/3/2014,3672.82
10/31/2014,3672.01
10/30/2014,3533.72
10/29/2014,3533.03
10/28/2014,3461.01
10/27/2014,3424.41
10/24/2014,3369.04
10/23/2014,3349.74
10/22/2014,3347.72
10/21/2014,3381.42
10/20/2014,3386.06
10/17/2014,3413.25
10/16/2014,3352.21
10/15/2014,3388.23
10/14/2014,3434.78
10/13/2014,3401.77
10/10/2014,3339.54
10/9/2014,3401.16
10/8/2014,3391.61
10/7/2014,3442.22
10/6/2014,3466.28
10/3/2014,3388.37
10/2/2014,3356.31
10/1/2014,3411.09
9/30/2014,3443.36
9/29/2014,3426.94
9/26/2014,3490.09
9/25/2014,3488.02
9/24/2014,3500.27
9/23/2014,3474.30
9/22/2014,3419.90
9/19/2014,3465.84
9/18/2014,3510.17
9/17/2014,3522.10
9/16/2014,3592.58
9/15/2014,3534.25
9/12/2014,3532.30
9/11/2014,3498.74
9/10/2014,3559.15
9/9/2014,3550.84
9/8/2014,3542.95
9/5/2014,3564.86
9/4/2014,3532.75
9/3/2014,3509.82
9/2/2014,3401.57
9/1/2014,3374.39
8/29/2014,3382.60
8/28/2014,3431.20
8/27/2014,3471.99
8/26/2014,3463.61
8/25/2014,3489.06
8/22/2014,3475.51
8/21/2014,3523.36
8/20/2014,3484.37
8/19/2014,3449.81
8/18/2014,3432.34
8/15/2014,3417.18
8/14/2014,3394.61
8/13/2014,3357.44
8/12/2014,3295.80
8/11/2014,3282.52
8/8/2014,3239.85
8/7/2014,3223.85
8/6/2014,3208.77
8/5/2014,3242.59
8/4/2014,3297.56
8/1/2014,3290.54
7/31/2014,3295.69
7/30/2014,3301.07
7/29/2014,3263.14
7/28/2014,3237.95
7/25/2014,3301.23
7/24/2014,3332.54
7/23/2014,3328.92
7/22/2014,3350.41
7/21/2014,3294.89
7/18/2014,3372.94
7/17/2014,3418.97
7/16/2014,3518.24
7/15/2014,3519.28
7/14/2014,3547.33
7/11/2014,3594.86
7/10/2014,3584.60
7/9/2014,3623.02
7/8/2014,3643.69
7/7/2014,3632.29
7/4/2014,3592.75
7/3/2014,3643.66
7/2/2014,3656.47
7/1/2014,3578.44
6/30/2014,3573.22
6/27/2014,3573.18
6/26/2014,3559.64
6/25/2014,3584.10
6/24/2014,3682.22
6/23/2014,3601.56
6/20/2014,3590.82
6/19/2014,3614.26
6/18/2014,3641.40
6/17/2014,3609.75
6/16/2014,3609.24
6/11/2014,3574.55
6/10/2014,3537.69
6/9/2014,3517.90
6/6/2014,3510.43
6/5/2014,3463.90
6/4/2014,3459.05
6/3/2014,3463.14
6/2/2014,3451.48
5/30/2014,3362.69
5/29/2014,3422.48
5/28/2014,3381.69
5/27/2014,3384.10
5/26/2014,3480.24
5/23/2014,3461.77
5/22/2014,3458.92
5/21/2014,3481.42
5/20/2014,3438.00
5/19/2014,3409.73
5/16/2014,3365.69
5/15/2014,3335.76
5/14/2014,3356.07
5/13/2014,3337.98
5/12/2014,3333.42
5/8/2014,3323.45
5/7/2014,3333.28
5/6/2014,3238.02
5/5/2014,3195.85
5/2/2014,3210.32
4/30/2014,3216.82
4/29/2014,3226.39
4/28/2014,3202.21
4/25/2014,3171.32
4/24/2014,3202.25
4/23/2014,3250.28
4/22/2014,3262.46
4/21/2014,3276.98
4/18/2014,3305.41
4/17/2014,3232.87
4/16/2014,3225.36
4/15/2014,3204.09
4/14/2014,3273.04
4/11/2014,3296.98
4/10/2014,3320.48
4/9/2014,3271.09
4/8/2014,3265.48
4/7/2014,3246.90
4/4/2014,3305.57
4/3/2014,3266.16
4/2/2014,3277.65
4/1/2014,3285.20
3/31/2014,3280.62
3/28/2014,3224.60
3/27/2014,3209.41
3/26/2014,3244.28
3/25/2014,3175.10
3/24/2014,3120.90
3/21/2014,3167.35
3/20/2014,3205.15
3/19/2014,3192.81
3/18/2014,3228.73
3/17/2014,3141.80
3/14/2014,3066.65
3/13/2014,3116.27
3/12/2014,3161.80
3/11/2014,3216.48
3/7/2014,3277.18
3/6/2014,3262.55
3/5/2014,3296.94
3/4/2014,3309.01
3/3/2014,3178.27
2/28/2014,3458.02
2/27/2014,3474.11
2/26/2014,3513.76
2/25/2014,3510.93
2/24/2014,3525.55
2/21/2014,3519.20
2/20/2014,3510.83
2/19/2014,3518.55
2/18/2014,3545.12
2/17/2014,3546.67
2/14/2014,3530.11
2/13/2014,3492.11
2/12/2014,3525.97
2/11/2014,3491.52
2/10/2014,3471.37
2/7/2014,3457.61
2/6/2014,3424.60
2/5/2014,3395.17
2/4/2014,3369.38
2/3/2014,3369.71
1/31/2014,3422.94
1/30/2014,3457.20
1/29/2014,3437.41
1/28/2014,3446.77
1/27/2014,3490.20
1/24/2014,3496.45
1/23/2014,3506.95
1/22/2014,3496.11
1/21/2014,3500.02
1/20/2014,3471.80
1/17/2014,3447.27
1/16/2014,3425.17
1/15/2014,3451.44
1/14/2014,3425.47
1/13/2014,3434.46
1/10/2014,3413.57
1/9/2014,3397.30
1/8/2014,3382.57
1/6/2014,3402.53
12/31/2013,3491.14
12/30/2013,3491.14
12/27/2013,3468.01
12/26/2013,3490.49
12/25/2013,3487.78
12/24/2013,3493.15
12/23/2013,3498.06
12/20/2013,3470.02
12/19/2013,3478.32
12/18/2013,3458.42
12/17/2013,3437.81
12/16/2013,3415.72
12/13/2013,3373.27
12/12/2013,3368.27
12/11/2013,3397.20
12/10/2013,3407.39
12/9/2013,3406.03
12/6/2013,3354.10
12/5/2013,3319.51
12/4/2013,3352.16
12/3/2013,3354.76
12/2/2013,3409.40
11/29/2013,3425.91
11/28/2013,3432.72
11/27/2013,3422.58
11/26/2013,3452.81
11/25/2013,3491.72
11/22/2013,3508.01
11/21/2013,3480.84
11/20/2013,3502.19
11/19/2013,3505.11
11/18/2013,3504.84
11/15/2013,3479.86
11/14/2013,3492.35
11/13/2013,3443.30
11/12/2013,3502.11
11/11/2013,3461.16
11/8/2013,3479.81
11/7/2013,3528.91
11/6/2013,3517.72
11/5/2013,3528.31
11/1/2013,3547.89
10/31/2013,3555.37
10/30/2013,3553.26
10/29/2013,3560.30
10/28/2013,3547.81
10/25/2013,3537.50
10/24/2013,3527.39
10/23/2013,3547.70
10/22/2013,3602.87
10/21/2013,3620.70
10/18/2013,3623.62
10/17/2013,3567.65
10/16/2013,3619.44
10/15/2013,3626.98
10/14/2013,3582.83
10/11/2013,3592.33
10/10/2013,3599.85
10/9/2013,3544.59
10/8/2013,3550.16
10/7/2013,3483.97
10/4/2013,3468.13
10/3/2013,3435.94
10/2/2013,3426.59
10/1/2013,3480.16
9/30/2013,3480.07
9/27/2013,3492.30
9/26/2013,3488.97
9/25/2013,3476.54
9/24/2013,3441.56
9/23/2013,3445.60
9/20/2013,3462.32
9/19/2013,3486.51
9/18/2013,3445.27
9/17/2013,3476.26
9/16/2013,3461.53
9/13/2013,3414.89
9/12/2013,3433.83
9/11/2013,3444.39
9/10/2013,3433.64
9/9/2013,3459.67
9/6/2013,3422.21
9/5/2013,3409.13
9/4/2013,3283.23
9/3/2013,3268.29
9/2/2013,3249.11
8/30/2013,3248.69
8/29/2013,3243.37
8/28/2013,3231.80
8/27/2013,3222.99
8/26/2013,3237.97
8/23/2013,3240.88
8/22/2013,3250.83
8/21/2013,3205.91
8/20/2013,3190.55
8/19/2013,3181.13
8/16/2013,3186.92
8/15/2013,3210.54
8/14/2013,3271.64
8/13/2013,3227.99
8/12/2013,3183.98
8/9/2013,3170.46
8/8/2013,3131.53
8/7/2013,3134.03
8/6/2013,3140.74
8/5/2013,3216.39
8/2/2013,3214.48
8/1/2013,3232.74
7/31/2013,3190.08
7/30/2013,3216.77
7/29/2013,3229.32
7/26/2013,3227.37
7/25/2013,3226.24
7/24/2013,3227.95
7/23/2013,3251.65
7/22/2013,3248.15
7/19/2013,3262.05
7/18/2013,3272.85
7/17/2013,3312.37
7/16/2013,3264.71
7/15/2013,3246.93
7/12/2013,3227.06
7/11/2013,3151.48
7/10/2013,3075.25
7/9/2013,3091.78
7/8/2013,3091.12
7/5/2013,3071.19
7/4/2013,3077.99
7/3/2013,3059.93
7/2/2013,3069.48
7/1/2013,3034.96
6/28/2013,3022.03
6/27/2013,2972.89
6/26/2013,2996.87
6/25/2013,2972.83
6/24/2013,2959.08
6/21/2013,2952.89
6/20/2013,2936.11
6/19/2013,2960.53
6/18/2013,2979.44
6/17/2013,2959.48
6/14/2013,2881.91
6/13/2013,2841.58
6/11/2013,2877.17
6/10/2013,2954.62
6/7/2013,2956.53
6/6/2013,2877.25
6/5/2013,2895.10
6/4/2013,2926.39
6/3/2013,2916.11
5/31/2013,2944.58
5/30/2013,2982.87
5/29/2013,2977.30
5/28/2013,3050.25
5/27/2013,3011.09
