Дата,Индекс МосБиржи
6/2/2023,"2,719.48"
6/1/2023,"2,721.73"
5/31/2023,"2,717.64"
5/30/2023,"2,698.75"
5/29/2023,"2,732.00"
5/26/2023,"2,682.03"
5/25/2023,"2,649.98"
5/24/2023,"2,654.99"
5/23/2023,"2,641.66"
5/22/2023,"2,633.26"
5/19/2023,"2,626.16"
5/18/2023,"2,632.91"
5/17/2023,"2,634.48"
5/16/2023,"2,633.71"
5/15/2023,"2,611.07"
5/12/2023,"2,565.17"
5/11/2023,"2,595.12"
5/10/2023,"2,548.63"
5/8/2023,"2,527.59"
5/5/2023,"2,538.24"
5/4/2023,"2,524.51"
5/3/2023,"2,532.42"
5/2/2023,"2,580.51"
4/28/2023,"2,634.94"
4/27/2023,"2,646.18"
4/26/2023,"2,620.33"
4/25/2023,"2,626.86"
4/24/2023,"2,635.43"
4/21/2023,"2,639.95"
4/20/2023,"2,637.85"
4/19/2023,"2,606.55"
4/18/2023,"2,615.62"
4/17/2023,"2,596.11"
4/14/2023,"2,554.85"
4/13/2023,"2,544.28"
4/12/2023,"2,538.47"
4/11/2023,"2,533.69"
4/10/2023,"2,547.35"
4/7/2023,"2,508.39"
4/6/2023,"2,498.30"
4/5/2023,"2,500.80"
4/4/2023,"2,480.45"
4/3/2023,"2,473.32"
3/31/2023,"2,450.67"
3/30/2023,"2,465.93"
3/29/2023,"2,460.87"
3/28/2023,"2,442.19"
3/27/2023,"2,440.68"
3/24/2023,"2,391.53"
3/23/2023,"2,388.35"
3/22/2023,"2,393.88"
3/21/2023,"2,398.15"
3/20/2023,"2,397.16"
3/17/2023,"2,322.78"
3/16/2023,"2,258.22"
3/15/2023,"2,262.07"
3/14/2023,"2,290.32"
3/13/2023,"2,269.47"
3/10/2023,"2,276.25"
3/9/2023,"2,290.14"
3/7/2023,"2,295.60"
3/6/2023,"2,294.12"
3/3/2023,"2,272.20"
3/2/2023,"2,254.30"
3/1/2023,"2,279.65"
2/28/2023,"2,253.16"
2/27/2023,"2,241.10"
2/24/2023,"2,208.03"
2/22/2023,"2,212.40"
2/21/2023,"2,212.42"
2/20/2023,"2,183.57"
2/17/2023,"2,168.88"
2/16/2023,"2,153.96"
2/15/2023,"2,166.46"
2/14/2023,"2,232.23"
2/13/2023,"2,264.27"
2/10/2023,"2,261.58"
2/9/2023,"2,262.45"
2/8/2023,"2,251.97"
2/7/2023,"2,267.69"
2/6/2023,"2,272.37"
2/3/2023,"2,248.30"
2/2/2023,"2,243.54"
2/1/2023,"2,230.15"
1/31/2023,"2,225.60"
1/30/2023,"2,204.41"
1/27/2023,"2,189.35"
1/26/2023,"2,166.92"
1/25/2023,"2,170.15"
1/24/2023,"2,172.75"
1/23/2023,"2,185.31"
1/20/2023,"2,166.69"
1/19/2023,"2,168.83"
1/18/2023,"2,196.26"
1/17/2023,"2,196.84"
1/16/2023,"2,224.90"
1/13/2023,"2,199.94"
1/12/2023,"2,185.93"
1/11/2023,"2,186.98"
1/10/2023,"2,159.51"
1/9/2023,"2,163.50"
1/6/2023,"2,156.39"
1/5/2023,"2,156.67"
1/4/2023,"2,168.42"
1/3/2023,"2,172.68"
12/30/2022,"2,154.12"
12/29/2022,"2,147.06"
12/28/2022,"2,139.77"
12/27/2022,"2,150.92"
12/26/2022,"2,139.21"
12/23/2022,"2,124.02"
12/22/2022,"2,122.91"
12/21/2022,"2,116.13"
12/20/2022,"2,119.37"
12/19/2022,"2,129.98"
12/16/2022,"2,132.75"
12/15/2022,"2,126.80"
12/14/2022,"2,159.81"
12/13/2022,"2,174.38"
12/12/2022,"2,173.16"
12/9/2022,"2,177.85"
12/8/2022,"2,184.43"
12/7/2022,"2,192.88"
12/6/2022,"2,196.24"
12/5/2022,"2,208.28"
12/2/2022,"2,180.44"
12/1/2022,"2,187.29"
11/30/2022,"2,174.53"
11/29/2022,"2,185.32"
11/28/2022,"2,177.45"
11/25/2022,"2,195.17"
11/24/2022,"2,210.95"
11/23/2022,"2,211.89"
11/22/2022,"2,196.04"
11/21/2022,"2,166.31"
11/18/2022,"2,206.32"
11/17/2022,"2,212.93"
11/16/2022,"2,227.19"
11/15/2022,"2,223.26"
11/14/2022,"2,244.77"
11/11/2022,"2,217.44"
11/10/2022,"2,210.02"
11/9/2022,"2,166.56"
11/8/2022,"2,207.20"
11/7/2022,"2,208.78"
11/3/2022,"2,155.92"
11/2/2022,"2,173.84"
11/1/2022,"2,174.35"
10/31/2022,"2,166.61"
10/28/2022,"2,167.70"
10/27/2022,"2,164.64"
10/26/2022,"2,120.58"
10/25/2022,"2,130.65"
10/24/2022,"2,063.95"
10/21/2022,"2,043.71"
10/20/2022,"2,025.51"
10/19/2022,"1,978.40"
10/18/2022,"2,032.40"
10/17/2022,"2,012.85"
10/14/2022,"1,950.98"
10/13/2022,"1,955.20"
10/12/2022,"1,951.65"
10/11/2022,"1,949.46"
10/10/2022,"1,916.97"
10/7/2022,"1,944.75"
10/6/2022,"2,020.63"
10/5/2022,"2,029.88"
10/4/2022,"2,046.42"
10/3/2022,"2,041.96"
9/30/2022,"1,957.31"
9/29/2022,"1,953.77"
9/28/2022,"1,963.86"
9/27/2022,"1,953.46"
9/26/2022,"1,933.35"
9/23/2022,"2,089.87"
9/22/2022,"2,190.87"
9/21/2022,"2,130.71"
9/20/2022,"2,215.67"
9/19/2022,"2,430.54"
9/16/2022,"2,435.18"
9/15/2022,"2,446.59"
9/14/2022,"2,435.89"
9/13/2022,"2,446.89"
9/12/2022,"2,449.65"
9/9/2022,"2,426.06"
9/8/2022,"2,390.27"
9/7/2022,"2,401.57"
9/6/2022,"2,425.33"
9/5/2022,"2,488.44"
9/2/2022,"2,471.45"
9/1/2022,"2,445.77"
8/31/2022,"2,400.08"
8/30/2022,"2,306.62"
8/29/2022,"2,296.33"
8/26/2022,"2,268.89"
8/25/2022,"2,246.34"
8/24/2022,"2,248.22"
8/23/2022,"2,260.08"
8/22/2022,"2,228.11"
8/19/2022,"2,195.16"
8/18/2022,"2,194.31"
8/17/2022,"2,188.56"
8/16/2022,"2,208.33"
8/15/2022,"2,165.12"
8/12/2022,"2,147.33"
8/11/2022,"2,133.11"
8/10/2022,"2,151.50"
8/9/2022,"2,136.80"
8/8/2022,"2,088.40"
8/5/2022,"2,054.29"
8/4/2022,"2,116.58"
8/3/2022,"2,123.92"
8/2/2022,"2,137.30"
8/1/2022,"2,180.09"
7/29/2022,"2,213.81"
7/28/2022,"2,189.16"
7/27/2022,"2,196.22"
7/26/2022,"2,192.42"
7/25/2022,"2,128.96"
7/22/2022,"2,096.75"
7/21/2022,"2,053.64"
7/20/2022,"2,075.24"
7/19/2022,"2,071.28"
7/18/2022,"2,096.42"
7/15/2022,"2,109.52"
7/14/2022,"2,063.30"
7/13/2022,"2,073.68"
7/12/2022,"2,133.77"
7/11/2022,"2,162.34"
7/8/2022,"2,222.51"
7/7/2022,"2,226.65"
7/6/2022,"2,221.88"
7/5/2022,"2,226.64"
7/4/2022,"2,204.66"
7/1/2022,"2,206.61"
6/30/2022,"2,204.85"
6/29/2022,"2,378.55"
6/28/2022,"2,408.75"
6/27/2022,"2,417.06"
6/24/2022,"2,391.51"
6/23/2022,"2,404.54"
6/22/2022,"2,373.52"
6/21/2022,"2,358.81"
6/20/2022,"2,404.40"
6/17/2022,"2,353.98"
6/16/2022,"2,369.75"
6/15/2022,"2,318.96"
6/14/2022,"2,289.75"
6/10/2022,"2,285.52"
6/9/2022,"2,293.99"
6/8/2022,"2,318.85"
6/7/2022,"2,291.62"
6/6/2022,"2,282.16"
6/3/2022,"2,308.03"
6/2/2022,"2,340.17"
6/1/2022,"2,374.60"
5/31/2022,"2,355.75"
5/30/2022,"2,400.39"
5/27/2022,"2,407.59"
5/26/2022,"2,413.06"
5/25/2022,"2,340.18"
5/24/2022,"2,293.62"
5/23/2022,"2,301.85"
5/20/2022,"2,373.26"
5/19/2022,"2,436.57"
5/18/2022,"2,445.30"
5/17/2022,"2,424.10"
5/16/2022,"2,364.60"
5/13/2022,"2,307.50"
5/12/2022,"2,297.89"
5/11/2022,"2,387.14"
5/6/2022,"2,393.03"
5/5/2022,"2,404.80"
5/4/2022,"2,373.16"
4/29/2022,"2,445.17"
4/28/2022,"2,383.66"
4/27/2022,"2,424.28"
4/26/2022,"2,318.46"
4/25/2022,"2,186.22"
4/22/2022,"2,232.23"
4/21/2022,"2,271.05"
4/20/2022,"2,330.73"
4/19/2022,"2,317.46"
4/18/2022,"2,342.63"
4/15/2022,"2,424.99"
4/14/2022,"2,404.73"
4/13/2022,"2,528.42"
4/12/2022,"2,540.99"
4/11/2022,"2,557.16"
4/8/2022,"2,592.72"
4/7/2022,"2,635.39"
4/6/2022,"2,611.43"
4/5/2022,"2,662.79"
4/4/2022,"2,787.69"
4/1/2022,"2,759.64"
3/31/2022,"2,703.51"
3/30/2022,"2,513.03"
3/29/2022,"2,408.49"
3/28/2022,"2,430.70"
3/25/2022,"2,484.13"
3/24/2022,"2,578.51"
2/28/2022,"2,470.48"
2/25/2022,"2,470.48"
2/24/2022,"2,058.12"
2/22/2022,"3,084.74"
2/21/2022,"3,036.88"
2/18/2022,"3,393.31"
2/17/2022,"3,511.08"
2/16/2022,"3,646.41"
2/15/2022,"3,600.29"
2/14/2022,"3,481.38"
2/11/2022,"3,546.62"
2/10/2022,"3,655.76"
2/9/2022,"3,638.93"
2/8/2022,"3,551.65"
2/7/2022,"3,470.78"
2/4/2022,"3,471.01"
2/3/2022,"3,471.18"
2/2/2022,"3,543.80"
2/1/2022,"3,548.17"
1/31/2022,"3,530.38"
1/28/2022,"3,488.60"
1/27/2022,"3,455.93"
1/26/2022,"3,357.66"
1/25/2022,"3,258.74"
1/24/2022,"3,235.28"
1/21/2022,"3,439.25"
1/20/2022,"3,516.02"
1/19/2022,"3,436.82"
1/18/2022,"3,328.94"
1/17/2022,"3,560.35"
1/14/2022,"3,596.98"
1/13/2022,"3,674.73"
1/12/2022,"3,829.95"
1/11/2022,"3,785.29"
1/10/2022,"3,738.68"
1/6/2022,"3,753.29"
1/5/2022,"3,815.05"
1/4/2022,"3,873.49"
1/3/2022,"3,852.50"
12/30/2021,"3,787.26"
12/29/2021,"3,741.07"
12/28/2021,"3,777.56"
12/27/2021,"3,740.63"
12/24/2021,"3,702.72"
12/23/2021,"3,704.60"
12/22/2021,"3,746.75"
12/21/2021,"3,693.02"
12/20/2021,"3,669.05"
12/17/2021,"3,723.27"
12/16/2021,"3,750.36"
12/15/2021,"3,621.82"
12/14/2021,"3,619.39"
12/13/2021,"3,618.31"
12/10/2021,"3,760.23"
12/9/2021,"3,813.29"
12/8/2021,"3,773.61"
12/7/2021,"3,873.20"
12/6/2021,"3,810.10"
12/3/2021,"3,913.06"
12/2/2021,"3,947.54"
12/1/2021,"3,959.29"
11/30/2021,"3,890.59"
11/29/2021,"3,879.54"
11/26/2021,"3,810.98"
11/25/2021,"3,947.82"
11/24/2021,"3,950.56"
11/23/2021,"3,960.33"
11/22/2021,"3,872.77"
11/19/2021,"4,016.47"
11/18/2021,"4,093.85"
11/17/2021,"4,149.02"
11/16/2021,"4,120.02"
11/15/2021,"4,135.14"
11/12/2021,"4,121.66"
11/11/2021,"4,189.35"
11/10/2021,"4,172.47"
11/9/2021,"4,187.33"
11/8/2021,"4,218.27"
11/5/2021,"4,174.76"
11/3/2021,"4,184.87"
11/2/2021,"4,207.53"
11/1/2021,"4,221.49"
10/29/2021,"4,150.00"
10/28/2021,"4,189.66"
10/27/2021,"4,229.53"
10/26/2021,"4,235.87"
10/25/2021,"4,254.98"
10/22/2021,"4,196.96"
10/21/2021,"4,218.63"
10/20/2021,"4,287.52"
10/19/2021,"4,276.26"
10/18/2021,"4,248.33"
10/15/2021,"4,261.82"
10/14/2021,"4,259.13"
10/13/2021,"4,243.92"
10/12/2021,"4,263.80"
10/11/2021,"4,279.87"
10/8/2021,"4,238.00"
10/7/2021,"4,228.02"
10/6/2021,"4,171.71"
10/5/2021,"4,223.85"
10/4/2021,"4,112.72"
10/1/2021,"4,086.99"
9/30/2021,"4,103.52"
9/29/2021,"4,058.37"
9/28/2021,"4,065.46"
9/27/2021,"4,081.22"
9/24/2021,"4,038.23"
9/23/2021,"4,052.14"
9/22/2021,"4,030.98"
9/21/2021,"3,970.48"
9/20/2021,"3,969.61"
9/17/2021,"4,035.17"
9/16/2021,"4,045.10"
9/15/2021,"4,065.53"
9/14/2021,"4,055.70"
9/13/2021,"4,041.16"
9/10/2021,"4,002.66"
9/9/2021,"3,993.56"
9/8/2021,"4,017.37"
9/7/2021,"4,010.16"
9/6/2021,"4,028.25"
9/3/2021,"4,001.70"
9/2/2021,"3,990.77"
9/1/2021,"3,971.02"
8/31/2021,"3,918.96"
8/30/2021,"3,928.50"
8/27/2021,"3,887.38"
8/26/2021,"3,851.57"
8/25/2021,"3,886.64"
8/24/2021,"3,888.87"
8/23/2021,"3,883.01"
8/20/2021,"3,832.70"
8/19/2021,"3,853.98"
8/18/2021,"3,925.17"
8/17/2021,"3,943.01"
8/16/2021,"3,895.31"
8/13/2021,"3,873.00"
8/12/2021,"3,888.86"
8/11/2021,"3,877.37"
8/10/2021,"3,862.32"
8/9/2021,"3,835.11"
8/6/2021,"3,805.36"
8/5/2021,"3,833.75"
8/4/2021,"3,810.62"
8/3/2021,"3,793.69"
8/2/2021,"3,788.10"
7/30/2021,"3,771.58"
7/29/2021,"3,804.33"
7/28/2021,"3,782.28"
7/27/2021,"3,733.10"
7/26/2021,"3,750.10"
7/23/2021,"3,734.54"
7/22/2021,"3,754.44"
7/21/2021,"3,722.96"
7/20/2021,"3,704.40"
7/19/2021,"3,693.42"
7/16/2021,"3,770.15"
7/15/2021,"3,799.97"
7/14/2021,"3,832.85"
7/13/2021,"3,877.03"
7/12/2021,"3,875.61"
7/9/2021,"3,855.31"
7/8/2021,"3,861.08"
7/7/2021,"3,895.10"
7/6/2021,"3,884.30"
7/5/2021,"3,882.59"
7/2/2021,"3,865.42"
7/1/2021,"3,858.32"
6/30/2021,"3,841.85"
6/29/2021,"3,790.85"
6/28/2021,"3,825.57"
6/25/2021,"3,831.84"
6/24/2021,"3,823.44"
6/23/2021,"3,837.15"
6/22/2021,"3,821.68"
6/21/2021,"3,813.45"
6/18/2021,"3,802.95"
6/17/2021,"3,819.07"
6/16/2021,"3,829.67"
6/15/2021,"3,822.40"
6/14/2021,"3,860.18"
6/11/2021,"3,841.53"
6/10/2021,"3,827.71"
6/9/2021,"3,843.28"
6/8/2021,"3,807.43"
6/7/2021,"3,822.21"
6/4/2021,"3,807.43"
6/3/2021,"3,805.45"
6/2/2021,"3,817.68"
6/1/2021,"3,764.59"
5/31/2021,"3,721.63"
5/28/2021,"3,730.55"
5/27/2021,"3,738.68"
5/26/2021,"3,711.05"
5/25/2021,"3,686.76"
5/24/2021,"3,662.51"
5/21/2021,"3,660.48"
5/20/2021,"3,636.16"
5/19/2021,"3,634.76"
5/18/2021,"3,687.96"
5/17/2021,"3,639.61"
5/14/2021,"3,637.60"
5/13/2021,"3,637.38"
5/12/2021,"3,654.14"
5/11/2021,"3,652.05"
5/10/2021,"3,694.78"
5/7/2021,"3,682.69"
5/6/2021,"3,658.27"
5/5/2021,"3,643.56"
5/4/2021,"3,577.21"
4/30/2021,"3,544.00"
4/29/2021,"3,571.05"
4/28/2021,"3,578.12"
4/27/2021,"3,600.60"
4/26/2021,"3,610.98"
4/23/2021,"3,597.17"
4/22/2021,"3,600.35"
4/21/2021,"3,561.72"
4/20/2021,"3,552.41"
4/19/2021,"3,574.08"
4/16/2021,"3,598.44"
4/15/2021,"3,568.51"
4/14/2021,"3,576.89"
4/13/2021,"3,526.30"
4/12/2021,"3,522.65"
4/9/2021,"3,486.03"
4/8/2021,"3,507.83"
4/7/2021,"3,500.34"
4/6/2021,"3,493.89"
4/5/2021,"3,524.93"
4/2/2021,"3,558.22"
4/1/2021,"3,527.54"
3/31/2021,"3,541.72"
3/30/2021,"3,525.23"
3/29/2021,"3,529.33"
3/26/2021,"3,489.83"
3/25/2021,"3,439.30"
3/24/2021,"3,485.33"
3/23/2021,"3,467.21"
3/22/2021,"3,489.07"
3/19/2021,"3,475.26"
3/18/2021,"3,504.85"
3/17/2021,"3,507.91"
3/16/2021,"3,589.83"
3/15/2021,"3,584.49"
3/12/2021,"3,539.50"
3/11/2021,"3,508.51"
3/10/2021,"3,463.06"
3/9/2021,"3,478.72"
3/5/2021,"3,414.13"
3/4/2021,"3,397.56"
3/3/2021,"3,416.04"
3/2/2021,"3,410.10"
3/1/2021,"3,386.16"
2/26/2021,"3,346.64"
2/25/2021,"3,409.76"
2/24/2021,"3,385.48"
2/22/2021,"3,433.93"
2/20/2021,"3,446.32"
2/19/2021,"3,457.68"
2/18/2021,"3,400.17"
2/17/2021,"3,436.80"
2/16/2021,"3,495.26"
2/15/2021,"3,481.90"
2/12/2021,"3,427.08"
2/11/2021,"3,414.32"
2/10/2021,"3,399.66"
2/9/2021,"3,426.86"
2/8/2021,"3,445.90"
2/5/2021,"3,392.73"
2/4/2021,"3,372.00"
2/3/2021,"3,343.46"
2/2/2021,"3,360.25"
2/1/2021,"3,291.14"
1/29/2021,"3,277.08"
1/28/2021,"3,342.01"
1/27/2021,"3,343.62"
1/26/2021,"3,390.76"
1/25/2021,"3,397.48"
1/22/2021,"3,382.92"
1/21/2021,"3,422.67"
1/20/2021,"3,466.80"
1/19/2021,"3,443.23"
1/18/2021,"3,471.92"
1/15/2021,"3,450.95"
1/14/2021,"3,490.85"
1/13/2021,"3,470.26"
1/12/2021,"3,471.65"
1/11/2021,"3,482.48"
1/8/2021,"3,454.82"
1/6/2021,"3,371.03"
1/5/2021,"3,359.15"
1/4/2021,"3,350.51"
12/31/2020,"3,289.02"
12/30/2020,"3,289.02"
12/29/2020,"3,274.67"
12/28/2020,"3,258.95"
12/25/2020,"3,246.35"
12/24/2020,"3,236.88"
12/23/2020,"3,252.10"
12/22/2020,"3,236.46"
12/21/2020,"3,186.38"
12/18/2020,"3,273.75"
12/17/2020,"3,282.67"
12/16/2020,"3,269.95"
12/15/2020,"3,248.11"
12/14/2020,"3,254.83"
12/11/2020,"3,276.58"
12/10/2020,"3,258.31"
12/9/2020,"3,211.66"
12/8/2020,"3,179.61"
12/7/2020,"3,195.08"
12/4/2020,"3,184.72"
12/3/2020,"3,162.67"
12/2/2020,"3,189.61"
12/1/2020,"3,147.79"
11/30/2020,"3,107.58"
11/27/2020,"3,142.68"
11/26/2020,"3,138.62"
11/25/2020,"3,134.52"
11/24/2020,"3,095.84"
11/23/2020,"3,047.06"
11/20/2020,"3,051.04"
11/19/2020,"3,046.49"
11/18/2020,"3,080.68"
11/17/2020,"3,052.22"
11/16/2020,"3,079.74"
11/13/2020,"3,025.22"
11/12/2020,"3,025.83"
11/11/2020,"3,015.03"
11/10/2020,"2,998.61"
11/9/2020,"2,987.75"
11/6/2020,"2,895.62"
11/5/2020,"2,861.39"
11/3/2020,"2,786.42"
11/2/2020,"2,737.54"
10/30/2020,"2,690.59"
10/29/2020,"2,709.04"
10/28/2020,"2,693.46"
10/27/2020,"2,763.03"
10/26/2020,"2,785.59"
10/23/2020,"2,816.70"
10/22/2020,"2,803.17"
10/21/2020,"2,786.23"
10/20/2020,"2,803.06"
10/19/2020,"2,794.27"
10/16/2020,"2,799.54"
10/15/2020,"2,817.29"
10/14/2020,"2,856.08"
10/13/2020,"2,829.23"
10/12/2020,"2,846.14"
10/9/2020,"2,834.09"
10/8/2020,"2,846.39"
10/7/2020,"2,842.58"
10/6/2020,"2,892.99"
10/5/2020,"2,881.98"
10/2/2020,"2,852.42"
10/1/2020,"2,889.80"
9/30/2020,"2,905.81"
9/29/2020,"2,910.12"
9/28/2020,"2,927.17"
9/25/2020,"2,896.83"
9/24/2020,"2,912.76"
9/23/2020,"2,916.39"
9/22/2020,"2,884.66"
9/21/2020,"2,863.67"
9/18/2020,"2,951.79"
9/17/2020,"2,971.74"
9/16/2020,"2,975.01"
9/15/2020,"2,980.58"
9/14/2020,"2,928.38"
9/11/2020,"2,910.51"
9/10/2020,"2,897.55"
9/9/2020,"2,876.07"
9/8/2020,"2,888.79"
9/7/2020,"2,932.29"
9/4/2020,"2,921.55"
9/3/2020,"2,931.92"
9/2/2020,"2,956.50"
9/1/2020,"2,975.00"
8/31/2020,"2,966.20"
8/28/2020,"2,980.17"
8/27/2020,"3,012.01"
8/26/2020,"3,051.97"
8/25/2020,"3,029.05"
8/24/2020,"3,029.42"
8/21/2020,"2,995.61"
8/20/2020,"2,993.69"
8/19/2020,"3,056.54"
8/18/2020,"3,050.70"
8/17/2020,"3,052.46"
8/14/2020,"3,061.99"
8/13/2020,"3,080.44"
8/12/2020,"3,053.99"
8/11/2020,"3,005.63"
8/10/2020,"2,960.78"
8/7/2020,"2,972.35"
8/6/2020,"2,988.50"
8/5/2020,"2,992.78"
8/4/2020,"2,940.46"
8/3/2020,"2,929.97"
7/31/2020,"2,911.57"
7/30/2020,"2,882.63"
7/29/2020,"2,918.42"
7/28/2020,"2,895.45"
7/27/2020,"2,884.88"
7/24/2020,"2,863.12"
7/23/2020,"2,851.79"
7/22/2020,"2,834.65"
7/21/2020,"2,825.71"
7/20/2020,"2,802.24"
7/17/2020,"2,774.79"
7/16/2020,"2,760.01"
7/15/2020,"2,747.91"
7/14/2020,"2,744.54"
7/13/2020,"2,766.79"
7/10/2020,"2,800.94"
7/9/2020,"2,782.43"
7/8/2020,"2,815.83"
7/7/2020,"2,825.21"
7/6/2020,"2,835.18"
7/3/2020,"2,801.66"
7/2/2020,"2,788.79"
6/30/2020,"2,743.20"
6/29/2020,"2,767.95"
6/26/2020,"2,761.74"
6/25/2020,"2,760.75"
6/23/2020,"2,791.97"
6/22/2020,"2,763.29"
6/19/2020,"2,758.67"
6/18/2020,"2,724.33"
6/17/2020,"2,740.10"
6/16/2020,"2,748.30"
6/15/2020,"2,719.06"
6/11/2020,"2,743.80"
6/10/2020,"2,785.18"
6/9/2020,"2,795.90"
6/8/2020,"2,796.30"
6/5/2020,"2,792.74"
6/4/2020,"2,766.26"
6/3/2020,"2,831.08"
6/2/2020,"2,796.51"
6/1/2020,"2,750.24"
5/29/2020,"2,734.83"
5/28/2020,"2,779.98"
5/27/2020,"2,741.02"
5/26/2020,"2,754.04"
5/25/2020,"2,757.93"
5/22/2020,"2,709.38"
5/21/2020,"2,718.67"
5/20/2020,"2,770.79"
5/19/2020,"2,711.72"
5/18/2020,"2,694.25"
5/15/2020,"2,593.91"
5/14/2020,"2,590.31"
5/13/2020,"2,604.98"
5/12/2020,"2,642.04"
5/8/2020,"2,641.55"
5/7/2020,"2,634.00"
5/6/2020,"2,632.10"
5/5/2020,"2,653.51"
5/4/2020,"2,624.64"
4/30/2020,"2,650.56"
4/29/2020,"2,663.14"
4/28/2020,"2,612.24"
4/27/2020,"2,570.91"
4/24/2020,"2,562.03"
4/23/2020,"2,599.41"
4/22/2020,"2,573.41"
4/21/2020,"2,488.02"
4/20/2020,"2,525.97"
4/17/2020,"2,534.97"
4/16/2020,"2,515.05"
4/15/2020,"2,498.94"
4/14/2020,"2,631.83"
4/13/2020,"2,628.85"
4/10/2020,"2,677.86"
4/9/2020,"2,701.77"
4/8/2020,"2,670.12"
4/7/2020,"2,634.74"
4/6/2020,"2,622.59"
4/3/2020,"2,572.23"
4/2/2020,"2,545.95"
4/1/2020,"2,473.61"
3/31/2020,"2,508.81"
3/30/2020,"2,433.35"
3/27/2020,"2,401.11"
3/26/2020,"2,489.97"
3/25/2020,"2,452.69"
3/24/2020,"2,415.97"
3/23/2020,"2,253.35"
3/20/2020,"2,331.61"
3/19/2020,"2,275.70"
3/18/2020,"2,112.64"
3/17/2020,"2,224.74"
3/16/2020,"2,266.90"
3/13/2020,"2,316.38"
3/12/2020,"2,286.40"
3/11/2020,"2,492.88"
3/10/2020,"2,498.94"
3/6/2020,"2,719.51"
3/5/2020,"2,816.70"
3/4/2020,"2,828.01"
3/3/2020,"2,821.37"
3/2/2020,"2,765.77"
2/28/2020,"2,785.08"
2/27/2020,"2,915.84"
2/26/2020,"3,017.42"
2/25/2020,"3,002.68"
2/21/2020,"3,106.03"
2/20/2020,"3,125.10"
2/19/2020,"3,114.57"
2/18/2020,"3,074.05"
2/17/2020,"3,110.06"
2/14/2020,"3,096.88"
2/13/2020,"3,110.05"
2/12/2020,"3,122.27"
2/11/2020,"3,097.58"
2/10/2020,"3,062.41"
2/7/2020,"3,087.63"
2/6/2020,"3,096.68"
2/5/2020,"3,114.25"
2/4/2020,"3,097.60"
2/3/2020,"3,070.84"
1/31/2020,"3,076.65"
1/30/2020,"3,108.58"
1/29/2020,"3,128.80"
1/28/2020,"3,113.10"
1/27/2020,"3,085.16"
1/24/2020,"3,146.20"
1/23/2020,"3,141.20"
1/22/2020,"3,174.62"
1/21/2020,"3,209.22"
1/20/2020,"3,219.92"
1/17/2020,"3,196.88"
1/16/2020,"3,157.23"
1/15/2020,"3,132.63"
1/14/2020,"3,129.77"
1/13/2020,"3,151.69"
1/10/2020,"3,123.66"
1/9/2020,"3,118.08"
1/8/2020,"3,110.06"
1/6/2020,"3,078.87"
1/3/2020,"3,076.37"
12/31/2019,"3,045.87"
12/30/2019,"3,045.87"
12/27/2019,"3,050.47"
12/26/2019,"3,031.67"
12/25/2019,"3,030.84"
12/24/2019,"3,030.59"
12/23/2019,"3,033.81"
12/20/2019,"3,015.93"
12/19/2019,"3,008.39"
12/18/2019,"3,023.92"
12/17/2019,"3,013.29"
12/16/2019,"3,006.16"
12/13/2019,"2,996.63"
12/12/2019,"2,982.86"
12/11/2019,"2,954.40"
12/10/2019,"2,932.40"
12/9/2019,"2,945.03"
12/6/2019,"2,928.76"
12/5/2019,"2,899.29"
12/4/2019,"2,900.66"
12/3/2019,"2,883.48"
12/2/2019,"2,921.18"
11/29/2019,"2,935.37"
11/28/2019,"2,927.57"
11/27/2019,"2,929.05"
11/26/2019,"2,930.62"
11/25/2019,"2,955.32"
11/22/2019,"2,947.68"
11/21/2019,"2,942.60"
11/20/2019,"2,936.47"
11/19/2019,"2,941.69"
11/18/2019,"2,924.48"
11/15/2019,"2,934.82"
11/14/2019,"2,922.45"
11/13/2019,"2,933.89"
11/12/2019,"2,951.16"
11/11/2019,"2,961.46"
11/8/2019,"2,973.19"
11/7/2019,"3,008.54"
11/6/2019,"2,980.84"
11/5/2019,"2,949.55"
11/1/2019,"2,930.40"
10/31/2019,"2,893.98"
10/30/2019,"2,911.15"
10/29/2019,"2,886.48"
10/28/2019,"2,856.91"
10/25/2019,"2,873.41"
10/24/2019,"2,877.05"
10/23/2019,"2,821.58"
10/22/2019,"2,802.23"
10/21/2019,"2,761.15"
10/18/2019,"2,752.91"
10/17/2019,"2,748.64"
10/16/2019,"2,744.35"
10/15/2019,"2,715.26"
10/14/2019,"2,697.46"
10/11/2019,"2,708.07"
10/10/2019,"2,721.51"
10/9/2019,"2,713.02"
10/8/2019,"2,707.89"
10/7/2019,"2,719.22"
10/4/2019,"2,692.55"
10/3/2019,"2,707.47"
10/2/2019,"2,719.39"
10/1/2019,"2,758.83"
9/30/2019,"2,747.18"
9/27/2019,"2,757.98"
9/26/2019,"2,772.70"
9/25/2019,"2,760.29"
9/24/2019,"2,754.53"
9/23/2019,"2,785.46"
9/20/2019,"2,796.41"
9/19/2019,"2,794.77"
9/18/2019,"2,818.60"
9/17/2019,"2,820.86"
9/16/2019,"2,834.32"
9/13/2019,"2,791.74"
9/12/2019,"2,799.99"
9/11/2019,"2,817.05"
9/10/2019,"2,787.52"
9/9/2019,"2,786.63"
9/6/2019,"2,797.55"
9/5/2019,"2,807.06"
9/4/2019,"2,793.36"
9/3/2019,"2,774.20"
9/2/2019,"2,773.01"
8/30/2019,"2,740.04"
8/29/2019,"2,714.25"
8/28/2019,"2,677.31"
8/27/2019,"2,659.35"
8/26/2019,"2,658.24"
8/23/2019,"2,660.74"
8/22/2019,"2,675.13"
8/21/2019,"2,673.95"
8/20/2019,"2,672.84"
8/19/2019,"2,648.09"
8/16/2019,"2,615.20"
8/15/2019,"2,625.58"
8/14/2019,"2,637.04"
8/13/2019,"2,680.12"
8/12/2019,"2,689.93"
8/9/2019,"2,679.71"
8/8/2019,"2,696.69"
8/7/2019,"2,674.98"
8/6/2019,"2,683.35"
8/5/2019,"2,649.16"
8/2/2019,"2,674.90"
8/1/2019,"2,729.42"
7/31/2019,"2,739.50"
7/30/2019,"2,734.68"
7/29/2019,"2,728.27"
7/26/2019,"2,715.68"
7/25/2019,"2,701.02"
7/24/2019,"2,682.91"
7/23/2019,"2,701.06"
7/22/2019,"2,684.25"
7/19/2019,"2,700.57"
7/18/2019,"2,702.59"
7/17/2019,"2,713.17"
7/16/2019,"2,755.88"
7/15/2019,"2,756.44"
7/12/2019,"2,777.58"
7/11/2019,"2,789.66"
7/10/2019,"2,822.75"
7/9/2019,"2,822.66"
7/8/2019,"2,822.55"
7/5/2019,"2,835.35"
7/4/2019,"2,842.78"
7/3/2019,"2,823.95"
7/2/2019,"2,809.81"
7/1/2019,"2,801.47"
6/28/2019,"2,765.85"
6/27/2019,"2,779.66"
6/26/2019,"2,775.14"
6/25/2019,"2,753.96"
6/24/2019,"2,762.65"
6/21/2019,"2,761.23"
6/20/2019,"2,780.20"
6/19/2019,"2,759.12"
6/18/2019,"2,761.69"
6/17/2019,"2,734.31"
6/14/2019,"2,739.28"
6/13/2019,"2,758.36"
6/11/2019,"2,751.75"
6/10/2019,"2,742.59"
6/7/2019,"2,729.61"
6/6/2019,"2,728.25"
6/5/2019,"2,701.84"
6/4/2019,"2,706.29"
6/3/2019,"2,729.93"
5/31/2019,"2,665.33"
5/30/2019,"2,659.52"
5/29/2019,"2,641.15"
5/28/2019,"2,609.78"
5/27/2019,"2,632.95"
5/24/2019,"2,619.24"
5/23/2019,"2,618.61"
5/22/2019,"2,638.71"
5/21/2019,"2,616.53"
5/20/2019,"2,571.65"
5/17/2019,"2,577.48"
5/16/2019,"2,581.11"
5/15/2019,"2,554.49"
5/14/2019,"2,562.33"
5/13/2019,"2,508.87"
5/10/2019,"2,514.87"
5/8/2019,"2,544.43"
5/7/2019,"2,565.10"
5/6/2019,"2,579.75"
5/3/2019,"2,580.95"
5/2/2019,"2,575.22"
4/30/2019,"2,559.32"
4/29/2019,"2,569.83"
4/26/2019,"2,563.72"
4/25/2019,"2,560.94"
4/24/2019,"2,579.05"
4/23/2019,"2,587.48"
4/22/2019,"2,584.74"
4/19/2019,"2,563.90"
4/18/2019,"2,560.80"
4/17/2019,"2,568.26"
4/16/2019,"2,559.84"
4/15/2019,"2,545.12"
4/12/2019,"2,559.72"
4/11/2019,"2,551.45"
4/10/2019,"2,578.58"
4/9/2019,"2,570.28"
4/8/2019,"2,560.07"
4/5/2019,"2,540.99"
4/4/2019,"2,535.50"
4/3/2019,"2,532.32"
4/2/2019,"2,527.77"
4/1/2019,"2,521.25"
3/29/2019,"2,497.10"
3/28/2019,"2,492.40"
3/27/2019,"2,487.48"
3/26/2019,"2,512.63"
3/25/2019,"2,497.59"
3/22/2019,"2,492.70"
3/21/2019,"2,507.81"
3/20/2019,"2,504.23"
3/19/2019,"2,493.28"
3/18/2019,"2,483.70"
3/15/2019,"2,476.73"
3/14/2019,"2,457.79"
3/13/2019,"2,470.61"
3/12/2019,"2,468.25"
3/11/2019,"2,465.94"
3/7/2019,"2,476.64"
3/6/2019,"2,494.04"
3/5/2019,"2,466.23"
3/4/2019,"2,473.79"
3/1/2019,"2,478.01"
2/28/2019,"2,485.27"
2/27/2019,"2,490.65"
2/26/2019,"2,494.02"
2/25/2019,"2,494.63"
2/22/2019,"2,488.63"
2/21/2019,"2,470.23"
2/20/2019,"2,487.82"
2/19/2019,"2,458.55"
2/18/2019,"2,472.41"
2/15/2019,"2,490.16"
2/14/2019,"2,460.82"
2/13/2019,"2,485.76"
2/12/2019,"2,533.32"
2/11/2019,"2,510.22"
2/8/2019,"2,502.82"
2/7/2019,"2,509.89"
2/6/2019,"2,539.73"
2/5/2019,"2,547.27"
2/4/2019,"2,523.52"
2/1/2019,"2,521.70"
1/31/2019,"2,521.10"
1/30/2019,"2,511.86"
1/29/2019,"2,498.35"
1/28/2019,"2,476.81"
1/25/2019,"2,498.23"
1/24/2019,"2,482.71"
1/23/2019,"2,491.49"
1/22/2019,"2,468.73"
1/21/2019,"2,468.25"
1/18/2019,"2,473.61"
1/17/2019,"2,447.64"
1/16/2019,"2,434.60"
1/15/2019,"2,439.55"
1/14/2019,"2,440.15"
1/11/2019,"2,444.45"
1/10/2019,"2,434.15"
1/9/2019,"2,414.13"
1/8/2019,"2,389.69"
1/4/2019,"2,406.50"
1/3/2019,"2,375.60"
12/29/2018,"2,369.33"
12/28/2018,"2,358.50"
12/27/2018,"2,327.81"
12/26/2018,"2,308.85"
12/25/2018,"2,290.86"
12/24/2018,"2,322.27"
12/21/2018,"2,347.17"
12/20/2018,"2,352.88"
12/19/2018,"2,358.58"
12/18/2018,"2,350.29"
12/17/2018,"2,359.13"
12/14/2018,"2,365.69"
12/13/2018,"2,378.50"
12/12/2018,"2,370.35"
12/11/2018,"2,394.26"
12/10/2018,"2,396.84"
12/7/2018,"2,431.29"
12/6/2018,"2,412.31"
12/5/2018,"2,445.55"
12/4/2018,"2,443.38"
12/3/2018,"2,441.19"
11/30/2018,"2,392.50"
11/29/2018,"2,398.56"
11/28/2018,"2,381.12"
11/27/2018,"2,338.71"
11/26/2018,"2,308.50"
11/23/2018,"2,342.97"
11/22/2018,"2,369.53"
11/21/2018,"2,357.97"
11/20/2018,"2,341.60"
11/19/2018,"2,373.78"
11/16/2018,"2,372.67"
11/15/2018,"2,381.45"
11/14/2018,"2,378.59"
11/13/2018,"2,374.94"
11/12/2018,"2,393.81"
11/9/2018,"2,403.47"
11/8/2018,"2,438.62"
11/7/2018,"2,445.34"
11/6/2018,"2,412.31"
11/2/2018,"2,377.95"
11/1/2018,"2,359.33"
10/31/2018,"2,352.71"
10/30/2018,"2,299.98"
10/29/2018,"2,317.06"
10/26/2018,"2,293.22"
10/25/2018,"2,331.59"
10/24/2018,"2,336.49"
10/23/2018,"2,305.58"
10/22/2018,"2,308.56"
10/19/2018,"2,344.79"
10/18/2018,"2,378.62"
10/17/2018,"2,411.42"
10/16/2018,"2,417.26"
10/15/2018,"2,389.05"
10/12/2018,"2,403.02"
10/11/2018,"2,366.47"
10/10/2018,"2,417.69"
10/9/2018,"2,443.83"
10/8/2018,"2,454.28"
10/5/2018,"2,450.90"
10/4/2018,"2,465.03"
10/3/2018,"2,493.91"
10/2/2018,"2,449.70"
10/1/2018,"2,472.22"
9/28/2018,"2,475.36"
9/27/2018,"2,474.57"
9/26/2018,"2,427.29"
9/25/2018,"2,444.22"
9/24/2018,"2,430.01"
9/21/2018,"2,426.80"
9/20/2018,"2,400.89"
9/19/2018,"2,404.42"
9/18/2018,"2,402.58"
9/17/2018,"2,373.75"
9/14/2018,"2,360.26"
9/13/2018,"2,357.32"
9/12/2018,"2,340.63"
9/11/2018,"2,335.19"
9/10/2018,"2,335.85"
9/7/2018,"2,321.82"
9/6/2018,"2,320.65"
9/5/2018,"2,321.33"
9/4/2018,"2,336.38"
9/3/2018,"2,346.08"
8/31/2018,"2,345.85"
8/30/2018,"2,330.92"
8/29/2018,"2,348.44"
8/28/2018,"2,316.28"
8/27/2018,"2,312.93"
8/24/2018,"2,279.76"
8/23/2018,"2,260.04"
8/22/2018,"2,297.06"
8/21/2018,"2,291.76"
8/20/2018,"2,272.49"
8/17/2018,"2,255.12"
8/16/2018,"2,261.09"
8/15/2018,"2,267.13"
8/14/2018,"2,282.88"
8/13/2018,"2,285.61"
8/10/2018,"2,275.05"
8/9/2018,"2,309.58"
8/8/2018,"2,293.01"
8/7/2018,"2,312.19"
8/6/2018,"2,299.88"
8/3/2018,"2,297.99"
8/2/2018,"2,295.15"
8/1/2018,"2,315.18"
7/31/2018,"2,321.11"
7/30/2018,"2,295.72"
7/27/2018,"2,292.72"
7/26/2018,"2,293.07"
7/25/2018,"2,282.84"
7/24/2018,"2,278.30"
7/23/2018,"2,261.25"
7/20/2018,"2,247.82"
7/19/2018,"2,269.45"
7/18/2018,"2,294.78"
7/17/2018,"2,310.92"
7/16/2018,"2,334.18"
7/13/2018,"2,346.43"
7/12/2018,"2,322.06"
7/11/2018,"2,336.15"
7/10/2018,"2,365.17"
7/9/2018,"2,373.17"
7/6/2018,"2,345.38"
7/5/2018,"2,346.86"
7/4/2018,"2,304.06"
7/3/2018,"2,301.65"
7/2/2018,"2,319.31"
6/29/2018,"2,295.95"
6/28/2018,"2,250.26"
6/27/2018,"2,253.60"
6/26/2018,"2,231.03"
6/25/2018,"2,236.65"
6/22/2018,"2,249.68"
6/21/2018,"2,245.94"
6/20/2018,"2,256.27"
6/19/2018,"2,221.42"
6/18/2018,"2,222.56"
6/15/2018,"2,237.53"
6/14/2018,"2,253.48"
6/13/2018,"2,270.73"
6/9/2018,"2,281.51"
6/8/2018,"2,267.92"
6/7/2018,"2,316.07"
6/6/2018,"2,315.45"
6/5/2018,"2,318.23"
6/4/2018,"2,323.64"
6/1/2018,"2,295.34"
5/31/2018,"2,302.88"
5/30/2018,"2,297.60"
5/29/2018,"2,298.00"
5/28/2018,"2,311.28"
5/25/2018,"2,306.57"
5/24/2018,"2,294.01"
5/23/2018,"2,295.57"
5/22/2018,"2,326.87"
5/21/2018,"2,332.63"
5/18/2018,"2,326.94"
5/17/2018,"2,323.51"
5/16/2018,"2,338.39"
5/15/2018,"2,337.03"
5/14/2018,"2,357.62"
5/11/2018,"2,345.26"
5/10/2018,"2,312.92"
5/8/2018,"2,301.99"
5/7/2018,"2,297.12"
5/4/2018,"2,289.47"
5/3/2018,"2,274.07"
5/2/2018,"2,306.42"
4/30/2018,"2,307.02"
4/28/2018,"2,297.30"
4/27/2018,"2,301.49"
4/26/2018,"2,286.02"
4/25/2018,"2,253.50"
4/24/2018,"2,253.77"
4/23/2018,"2,250.99"
4/20/2018,"2,232.66"
4/19/2018,"2,230.55"
4/18/2018,"2,241.49"
4/17/2018,"2,191.19"
4/16/2018,"2,143.67"
4/13/2018,"2,175.16"
4/12/2018,"2,210.05"
4/11/2018,"2,192.15"
4/10/2018,"2,173.76"
4/9/2018,"2,090.88"
4/6/2018,"2,281.23"
4/5/2018,"2,296.25"
4/4/2018,"2,265.60"
4/3/2018,"2,263.85"
4/2/2018,"2,256.64"
3/30/2018,"2,270.98"
3/29/2018,"2,274.62"
3/28/2018,"2,249.23"
3/27/2018,"2,262.50"
3/26/2018,"2,240.85"
3/23/2018,"2,285.53"
3/22/2018,"2,285.76"
3/21/2018,"2,309.36"
3/20/2018,"2,291.18"
3/19/2018,"2,281.72"
3/16/2018,"2,294.60"
3/15/2018,"2,272.49"
3/14/2018,"2,275.24"
3/13/2018,"2,319.38"
3/12/2018,"2,318.01"
3/7/2018,"2,291.23"
3/6/2018,"2,303.32"
3/5/2018,"2,309.53"
3/2/2018,"2,288.84"
3/1/2018,"2,297.90"
2/28/2018,"2,296.80"
2/27/2018,"2,341.89"
2/26/2018,"2,353.16"
2/22/2018,"2,336.82"
2/21/2018,"2,320.32"
2/20/2018,"2,270.12"
2/19/2018,"2,254.92"
2/16/2018,"2,255.27"
2/15/2018,"2,265.45"
2/14/2018,"2,257.95"
2/13/2018,"2,250.63"
2/12/2018,"2,220.12"
2/9/2018,"2,197.12"
2/8/2018,"2,227.24"
2/7/2018,"2,254.64"
2/6/2018,"2,238.24"
2/5/2018,"2,276.85"
2/2/2018,"2,281.84"
2/1/2018,"2,302.57"
1/31/2018,"2,289.99"
1/30/2018,"2,280.36"
1/29/2018,"2,284.27"
1/26/2018,"2,295.26"
1/25/2018,"2,320.03"
1/24/2018,"2,306.99"
1/23/2018,"2,298.95"
1/22/2018,"2,308.61"
1/19/2018,"2,286.33"
1/18/2018,"2,297.47"
1/17/2018,"2,277.89"
1/16/2018,"2,257.89"
1/15/2018,"2,261.53"
1/12/2018,"2,262.38"
1/11/2018,"2,246.45"
1/10/2018,"2,232.27"
1/9/2018,"2,225.39"
1/5/2018,"2,207.41"
1/4/2018,"2,197.60"
1/3/2018,"2,152.97"
12/29/2017,"2,109.74"
12/28/2017,"2,102.89"
12/27/2017,"2,106.17"
12/26/2017,"2,097.03"
12/25/2017,"2,105.06"
12/22/2017,"2,102.94"
12/21/2017,"2,093.38"
12/20/2017,"2,102.97"
12/19/2017,"2,118.16"
12/18/2017,"2,134.58"
12/15/2017,"2,143.99"
12/14/2017,"2,152.41"
12/13/2017,"2,131.94"
12/12/2017,"2,160.75"
12/11/2017,"2,148.60"
12/8/2017,"2,104.99"
12/7/2017,"2,103.15"
12/6/2017,"2,124.12"
12/5/2017,"2,113.69"
12/4/2017,"2,119.42"
12/1/2017,"2,105.99"
11/30/2017,"2,100.62"
11/29/2017,"2,124.08"
11/28/2017,"2,143.93"
11/27/2017,"2,142.47"
11/24/2017,"2,161.17"
11/23/2017,"2,148.56"
11/22/2017,"2,160.16"
11/21/2017,"2,155.82"
11/20/2017,"2,130.39"
11/17/2017,"2,131.91"
11/16/2017,"2,132.65"
11/15/2017,"2,131.75"
11/14/2017,"2,166.83"
11/13/2017,"2,167.63"
11/10/2017,"2,169.26"
11/9/2017,"2,183.61"
11/8/2017,"2,163.01"
11/7/2017,"2,155.55"
11/3/2017,"2,081.15"
11/2/2017,"2,073.04"
11/1/2017,"2,082.73"
10/31/2017,"2,064.31"
10/30/2017,"2,065.25"
10/27/2017,"2,068.76"
10/26/2017,"2,046.69"
10/25/2017,"2,049.48"
10/24/2017,"2,061.79"
10/23/2017,"2,063.81"
10/20/2017,"2,071.83"
10/19/2017,"2,072.73"
10/18/2017,"2,094.40"
10/17/2017,"2,092.57"
10/16/2017,"2,106.39"
10/13/2017,"2,098.77"
10/12/2017,"2,094.96"
10/11/2017,"2,101.07"
10/10/2017,"2,086.91"
10/9/2017,"2,096.29"
10/6/2017,"2,093.86"
10/5/2017,"2,088.32"
10/4/2017,"2,077.09"
10/3/2017,"2,076.81"
10/2/2017,"2,075.72"
9/29/2017,"2,077.19"
9/28/2017,"2,071.64"
9/27/2017,"2,081.12"
9/26/2017,"2,071.13"
9/25/2017,"2,069.11"
9/22/2017,"2,051.63"
9/21/2017,"2,060.24"
9/20/2017,"2,057.53"
9/19/2017,"2,048.99"
9/18/2017,"2,059.08"
9/15/2017,"2,053.81"
9/14/2017,"2,052.25"
9/13/2017,"2,054.19"
9/12/2017,"2,058.80"
9/11/2017,"2,044.13"
9/8/2017,"2,032.75"
9/7/2017,"2,010.17"
9/6/2017,"2,014.60"
9/5/2017,"2,004.02"
9/4/2017,"2,003.32"
9/1/2017,"2,010.98"
8/31/2017,"2,022.22"
8/30/2017,"2,008.88"
8/29/2017,"1,989.12"
8/28/2017,"1,987.15"
8/25/2017,"1,979.14"
8/24/2017,"1,973.50"
8/23/2017,"1,958.52"
8/22/2017,"1,947.40"
8/21/2017,"1,937.66"
8/18/2017,"1,930.71"
8/17/2017,"1,941.52"
8/16/2017,"1,942.88"
8/15/2017,"1,950.28"
8/14/2017,"1,951.75"
8/11/2017,"1,944.83"
8/10/2017,"1,960.23"
8/9/2017,"1,975.91"
8/8/2017,"1,989.61"
8/7/2017,"1,970.37"
8/4/2017,"1,953.49"
8/3/2017,"1,965.29"
8/2/2017,"1,965.48"
8/1/2017,"1,940.14"
7/31/2017,"1,919.53"
7/28/2017,"1,916.75"
7/27/2017,"1,945.12"
7/26/2017,"1,933.10"
7/25/2017,"1,923.73"
7/24/2017,"1,931.75"
7/21/2017,"1,925.13"
7/20/2017,"1,946.51"
7/19/2017,"1,951.89"
7/18/2017,"1,947.71"
7/17/2017,"1,959.11"
7/14/2017,"1,960.69"
7/13/2017,"1,959.91"
7/12/2017,"1,954.39"
7/11/2017,"1,937.64"
7/10/2017,"1,925.74"
7/7/2017,"1,912.48"
7/6/2017,"1,923.22"
7/5/2017,"1,921.38"
7/4/2017,"1,917.40"
7/3/2017,"1,902.59"
6/30/2017,"1,879.50"
6/29/2017,"1,881.04"
6/28/2017,"1,891.98"
6/27/2017,"1,878.94"
6/26/2017,"1,860.39"
6/23/2017,"1,867.46"
6/22/2017,"1,860.05"
6/21/2017,"1,850.81"
6/20/2017,"1,857.96"
6/19/2017,"1,849.78"
6/16/2017,"1,822.91"
6/15/2017,"1,817.82"
6/14/2017,"1,838.32"
6/13/2017,"1,861.27"
6/9/2017,"1,883.34"
6/8/2017,"1,874.21"
6/7/2017,"1,868.42"
6/6/2017,"1,870.04"
6/5/2017,"1,877.69"
6/2/2017,"1,881.87"
6/1/2017,"1,869.66"
5/31/2017,"1,900.38"
5/30/2017,"1,932.91"
5/29/2017,"1,940.77"
5/26/2017,"1,934.25"
5/25/2017,"1,947.26"
5/24/2017,"1,951.98"
5/23/2017,"1,960.16"
5/22/2017,"1,950.51"
5/19/2017,"1,962.40"
5/18/2017,"1,967.66"
5/17/2017,"1,994.35"
5/16/2017,"1,992.94"
5/15/2017,"2,003.12"
5/12/2017,"1,994.58"
5/11/2017,"2,002.54"
5/10/2017,"2,028.21"
5/5/2017,"2,002.41"
5/4/2017,"1,998.87"
5/3/2017,"1,993.66"
5/2/2017,"2,026.85"
4/28/2017,"2,016.71"
4/27/2017,"2,011.67"
4/26/2017,"2,026.92"
4/25/2017,"1,998.41"
4/24/2017,"1,979.57"
4/21/2017,"1,944.72"
4/20/2017,"1,932.17"
4/19/2017,"1,916.50"
4/18/2017,"1,920.29"
4/17/2017,"1,942.72"
4/14/2017,"1,916.29"
4/13/2017,"1,944.70"
4/12/2017,"1,947.88"
4/11/2017,"1,977.95"
4/10/2017,"1,971.23"
4/7/2017,"2,020.23"
4/6/2017,"2,054.69"
4/5/2017,"2,056.32"
4/4/2017,"2,025.69"
4/3/2017,"2,008.61"
3/31/2017,"1,995.90"
3/30/2017,"2,021.88"
3/29/2017,"2,023.71"
3/28/2017,"2,032.54"
3/27/2017,"2,013.16"
3/24/2017,"2,039.77"
3/23/2017,"2,051.04"
3/22/2017,"2,061.53"
3/21/2017,"2,048.07"
3/20/2017,"2,042.72"
3/17/2017,"2,036.96"
3/16/2017,"2,014.37"
3/15/2017,"1,992.59"
3/14/2017,"2,001.25"
3/13/2017,"2,000.14"
3/10/2017,"1,973.96"
3/9/2017,"1,974.24"
3/7/2017,"2,024.84"
3/6/2017,"2,047.42"
3/3/2017,"2,056.89"
3/2/2017,"2,049.00"
3/1/2017,"2,059.87"
2/28/2017,"2,035.77"
2/27/2017,"2,056.46"
2/24/2017,"2,093.09"
2/22/2017,"2,106.30"
2/21/2017,"2,127.72"
2/20/2017,"2,119.09"
2/17/2017,"2,128.21"
2/16/2017,"2,148.48"
2/15/2017,"2,137.08"
2/14/2017,"2,141.50"
2/13/2017,"2,161.49"
2/10/2017,"2,162.19"
2/9/2017,"2,173.98"
2/8/2017,"2,189.61"
2/7/2017,"2,218.77"
2/6/2017,"2,210.51"
2/3/2017,"2,226.61"
2/2/2017,"2,217.56"
2/1/2017,"2,231.68"
1/31/2017,"2,217.39"
1/30/2017,"2,234.14"
1/27/2017,"2,266.05"
1/26/2017,"2,229.20"
1/25/2017,"2,176.00"
1/24/2017,"2,174.59"
1/23/2017,"2,146.09"
1/20/2017,"2,159.96"
1/19/2017,"2,162.25"
1/18/2017,"2,170.09"
1/17/2017,"2,178.73"
1/16/2017,"2,189.07"
1/13/2017,"2,195.19"
1/12/2017,"2,212.00"
1/11/2017,"2,218.61"
1/10/2017,"2,237.49"
1/9/2017,"2,211.25"
1/6/2017,"2,213.93"
1/5/2017,"2,220.35"
1/4/2017,"2,263.90"
1/3/2017,"2,285.43"
12/30/2016,"2,232.72"
12/29/2016,"2,206.33"
12/28/2016,"2,182.98"
12/27/2016,"2,189.43"
12/26/2016,"2,177.86"
12/23/2016,"2,173.18"
12/22/2016,"2,174.64"
12/21/2016,"2,212.33"
12/20/2016,"2,226.36"
12/19/2016,"2,215.69"
12/16/2016,"2,231.41"
12/15/2016,"2,237.23"
12/14/2016,"2,229.05"
12/13/2016,"2,247.02"
12/12/2016,"2,226.89"
12/9/2016,"2,208.53"
12/8/2016,"2,207.02"
12/7/2016,"2,160.51"
12/6/2016,"2,152.35"
12/5/2016,"2,158.33"
12/2/2016,"2,128.99"
12/1/2016,"2,121.87"
11/30/2016,"2,104.91"
11/29/2016,"2,086.84"
11/28/2016,"2,094.65"
11/25/2016,"2,098.15"
11/24/2016,"2,102.97"
11/23/2016,"2,085.75"
11/22/2016,"2,066.18"
11/21/2016,"2,058.77"
11/18/2016,"2,038.29"
11/17/2016,"2,042.76"
11/16/2016,"2,028.92"
11/15/2016,"2,017.06"
11/14/2016,"2,021.99"
11/11/2016,"2,031.92"
11/10/2016,"2,044.03"
11/9/2016,"2,011.58"
11/8/2016,"1,967.93"
11/7/2016,"1,952.69"
11/3/2016,"1,962.71"
11/2/2016,"1,968.77"
11/1/2016,"1,996.87"
10/31/2016,"1,989.64"
10/28/2016,"1,981.76"
10/27/2016,"1,979.80"
10/26/2016,"1,974.81"
10/25/2016,"1,977.19"
10/24/2016,"1,962.79"
10/21/2016,"1,957.70"
10/20/2016,"1,957.09"
10/19/2016,"1,967.50"
10/18/2016,"1,969.11"
10/17/2016,"1,956.95"
10/14/2016,"1,966.39"
10/13/2016,"1,976.37"
10/12/2016,"1,993.35"
10/11/2016,"2,001.42"
10/10/2016,"2,001.10"
10/7/2016,"1,980.02"
10/6/2016,"1,983.88"
10/5/2016,"1,975.85"
10/4/2016,"1,985.02"
10/3/2016,"1,986.80"
9/30/2016,"1,978.00"
9/29/2016,"1,996.12"
9/28/2016,"1,980.68"
9/27/2016,"1,975.52"
9/26/2016,"1,997.94"
9/23/2016,"2,011.83"
9/22/2016,"2,025.30"
9/21/2016,"1,997.67"
9/20/2016,"1,991.78"
9/19/2016,"1,986.97"
9/16/2016,"1,981.96"
9/15/2016,"1,996.58"
9/14/2016,"2,004.48"
9/13/2016,"2,004.50"
9/12/2016,"2,019.90"
9/9/2016,"2,028.25"
9/8/2016,"2,050.77"
9/7/2016,"2,053.75"
9/6/2016,"2,039.53"
9/5/2016,"2,017.38"
9/2/2016,"2,003.77"
9/1/2016,"1,976.91"
8/31/2016,"1,971.59"
8/30/2016,"1,985.69"
8/29/2016,"1,986.72"
8/26/2016,"1,993.35"
8/25/2016,"1,985.56"
8/24/2016,"1,983.59"
8/23/2016,"1,989.51"
8/22/2016,"1,979.09"
8/19/2016,"1,959.72"
8/18/2016,"1,970.07"
8/17/2016,"1,969.19"
8/16/2016,"1,975.80"
8/15/2016,"1,977.28"
8/12/2016,"1,967.18"
8/11/2016,"1,952.18"
8/10/2016,"1,942.67"
8/9/2016,"1,956.42"
8/8/2016,"1,956.99"
8/5/2016,"1,944.31"
8/4/2016,"1,944.94"
8/3/2016,"1,919.15"
8/2/2016,"1,912.69"
8/1/2016,"1,947.36"
7/29/2016,"1,944.62"
7/28/2016,"1,954.45"
7/27/2016,"1,938.65"
7/26/2016,"1,938.52"
7/25/2016,"1,931.78"
7/22/2016,"1,926.90"
7/21/2016,"1,927.70"
7/20/2016,"1,915.09"
7/19/2016,"1,915.89"
7/18/2016,"1,936.07"
7/15/2016,"1,940.85"
7/14/2016,"1,942.46"
7/13/2016,"1,935.88"
7/12/2016,"1,938.36"
7/11/2016,"1,913.12"
7/8/2016,"1,894.35"
7/7/2016,"1,882.41"
7/6/2016,"1,879.42"
7/5/2016,"1,895.64"
7/4/2016,"1,907.48"
7/1/2016,"1,896.62"
6/30/2016,"1,891.09"
6/29/2016,"1,888.15"
6/28/2016,"1,857.23"
6/27/2016,"1,841.73"
6/24/2016,"1,884.41"
6/23/2016,"1,919.27"
6/22/2016,"1,896.70"
6/21/2016,"1,904.02"
6/20/2016,"1,902.70"
6/17/2016,"1,877.07"
6/16/2016,"1,869.78"
6/15/2016,"1,889.75"
6/14/2016,"1,885.92"
6/10/2016,"1,903.61"
6/9/2016,"1,934.92"
6/8/2016,"1,951.55"
6/7/2016,"1,951.26"
6/6/2016,"1,915.54"
6/3/2016,"1,886.84"
6/2/2016,"1,890.78"
6/1/2016,"1,893.18"
5/31/2016,"1,899.01"
5/30/2016,"1,935.54"
5/27/2016,"1,927.58"
5/26/2016,"1,914.31"
5/25/2016,"1,898.75"
5/24/2016,"1,884.12"
5/23/2016,"1,868.43"
5/20/2016,"1,891.33"
5/19/2016,"1,891.52"
5/18/2016,"1,917.24"
5/17/2016,"1,909.00"
5/16/2016,"1,915.33"
5/13/2016,"1,907.19"
5/12/2016,"1,901.90"
5/11/2016,"1,909.05"
5/10/2016,"1,885.34"
5/6/2016,"1,901.56"
5/5/2016,"1,906.48"
5/4/2016,"1,925.58"
4/29/2016,"1,953.05"
4/28/2016,"1,969.89"
4/27/2016,"1,934.77"
4/26/2016,"1,946.55"
4/25/2016,"1,955.47"
4/22/2016,"1,967.26"
4/21/2016,"1,950.08"
4/20/2016,"1,960.18"
4/19/2016,"1,930.14"
4/18/2016,"1,892.64"
4/15/2016,"1,907.78"
4/14/2016,"1,915.85"
4/13/2016,"1,932.80"
4/12/2016,"1,899.26"
4/11/2016,"1,906.90"
4/8/2016,"1,877.27"
4/7/2016,"1,858.85"
4/6/2016,"1,860.17"
4/5/2016,"1,857.09"
4/4/2016,"1,866.64"
4/1/2016,"1,856.77"
3/31/2016,"1,871.15"
3/30/2016,"1,868.10"
3/29/2016,"1,845.20"
3/28/2016,"1,849.31"
3/25/2016,"1,866.23"
3/24/2016,"1,866.67"
3/23/2016,"1,879.89"
3/22/2016,"1,903.47"
3/21/2016,"1,904.50"
3/18/2016,"1,914.02"
3/17/2016,"1,890.79"
3/16/2016,"1,871.20"
3/15/2016,"1,855.06"
3/14/2016,"1,865.31"
3/11/2016,"1,876.54"
3/10/2016,"1,884.63"
3/9/2016,"1,883.00"
3/7/2016,"1,909.57"
3/4/2016,"1,878.29"
3/3/2016,"1,858.69"
3/2/2016,"1,832.84"
3/1/2016,"1,844.17"
2/29/2016,"1,840.17"
2/26/2016,"1,816.73"
2/25/2016,"1,803.89"
2/24/2016,"1,797.27"
2/22/2016,"1,822.38"
2/20/2016,"1,790.15"
2/19/2016,"1,793.37"
2/18/2016,"1,807.21"
2/17/2016,"1,770.31"
2/16/2016,"1,753.86"
2/15/2016,"1,738.54"
2/12/2016,"1,726.04"
2/11/2016,"1,711.58"
2/10/2016,"1,730.83"
2/9/2016,"1,723.36"
2/8/2016,"1,744.27"
2/5/2016,"1,780.59"
2/4/2016,"1,787.93"
2/3/2016,"1,746.35"
2/2/2016,"1,758.26"
2/1/2016,"1,773.21"
1/29/2016,"1,784.92"
1/28/2016,"1,771.93"
1/27/2016,"1,747.57"
1/26/2016,"1,705.01"
1/25/2016,"1,716.56"
1/22/2016,"1,717.98"
1/21/2016,"1,677.19"
1/20/2016,"1,630.39"
1/19/2016,"1,645.56"
1/18/2016,"1,622.43"
1/15/2016,"1,608.36"
1/14/2016,"1,680.77"
1/13/2016,"1,684.78"
1/12/2016,"1,690.30"
1/11/2016,"1,682.54"
1/6/2016,"1,748.57"
1/5/2016,"1,754.13"
1/4/2016,"1,734.56"
12/31/2015,"1,761.36"
12/30/2015,"1,761.36"
12/29/2015,"1,763.38"
12/28/2015,"1,731.20"
12/25/2015,"1,734.21"
12/24/2015,"1,742.71"
12/23/2015,"1,747.85"
12/22/2015,"1,723.35"
12/21/2015,"1,716.91"
12/18/2015,"1,719.16"
12/17/2015,"1,780.97"
12/16/2015,"1,754.71"
12/15/2015,"1,742.46"
12/14/2015,"1,708.70"
12/11/2015,"1,720.31"
12/10/2015,"1,732.89"
12/9/2015,"1,733.09"
12/8/2015,"1,718.77"
12/7/2015,"1,741.14"
12/4/2015,"1,755.22"
12/3/2015,"1,787.23"
12/2/2015,"1,770.13"
12/1/2015,"1,772.97"
11/30/2015,"1,771.05"
11/27/2015,"1,795.70"
11/26/2015,"1,828.30"
11/25/2015,"1,833.53"
11/24/2015,"1,810.05"
11/23/2015,"1,868.07"
11/20/2015,"1,826.72"
11/19/2015,"1,811.20"
11/18/2015,"1,810.48"
11/17/2015,"1,787.23"
11/16/2015,"1,739.80"
11/13/2015,"1,728.17"
11/12/2015,"1,739.96"
11/11/2015,"1,740.56"
11/10/2015,"1,746.94"
11/9/2015,"1,751.44"
11/6/2015,"1,754.36"
11/5/2015,"1,766.28"
11/3/2015,"1,763.60"
11/2/2015,"1,735.75"
10/30/2015,"1,711.53"
10/29/2015,"1,708.60"
10/28/2015,"1,726.61"
10/27/2015,"1,725.89"
10/26/2015,"1,712.13"
10/23/2015,"1,725.45"
10/22/2015,"1,712.10"
10/21/2015,"1,709.94"
10/20/2015,"1,722.62"
10/19/2015,"1,716.08"
10/16/2015,"1,717.00"
10/15/2015,"1,731.91"
10/14/2015,"1,723.01"
10/13/2015,"1,720.81"
10/12/2015,"1,710.60"
10/9/2015,"1,728.44"
10/8/2015,"1,689.32"
10/7/2015,"1,679.49"
10/6/2015,"1,670.69"
10/5/2015,"1,652.47"
10/2/2015,"1,612.56"
10/1/2015,"1,626.97"
9/30/2015,"1,642.97"
9/29/2015,"1,630.51"
9/28/2015,"1,616.36"
9/25/2015,"1,639.64"
9/24/2015,"1,621.43"
9/23/2015,"1,640.70"
9/22/2015,"1,664.25"
9/21/2015,"1,699.72"
9/18/2015,"1,710.84"
9/17/2015,"1,729.20"
9/16/2015,"1,731.81"
9/15/2015,"1,716.26"
9/14/2015,"1,729.75"
9/11/2015,"1,718.06"
9/10/2015,"1,718.90"
9/9/2015,"1,722.43"
9/8/2015,"1,714.18"
9/7/2015,"1,701.18"
9/4/2015,"1,698.16"
9/3/2015,"1,710.57"
9/2/2015,"1,690.82"
9/1/2015,"1,697.99"
8/31/2015,"1,733.17"
8/28/2015,"1,719.16"
8/27/2015,"1,695.22"
8/26/2015,"1,660.95"
8/25/2015,"1,658.13"
8/24/2015,"1,634.14"
8/21/2015,"1,663.31"
8/20/2015,"1,695.57"
8/19/2015,"1,673.86"
8/18/2015,"1,691.24"
8/17/2015,"1,707.95"
8/14/2015,"1,712.47"
8/13/2015,"1,704.11"
8/12/2015,"1,697.65"
8/11/2015,"1,697.87"
8/10/2015,"1,702.02"
8/7/2015,"1,690.44"
8/6/2015,"1,675.71"
8/5/2015,"1,693.07"
8/4/2015,"1,674.46"
8/3/2015,"1,663.74"
7/31/2015,"1,669.00"
7/30/2015,"1,636.72"
7/29/2015,"1,622.32"
7/28/2015,"1,604.50"
7/27/2015,"1,584.92"
7/24/2015,"1,595.61"
7/23/2015,"1,616.14"
7/22/2015,"1,635.63"
7/21/2015,"1,635.69"
7/20/2015,"1,626.76"
7/17/2015,"1,650.08"
7/16/2015,"1,652.59"
7/15/2015,"1,641.22"
7/14/2015,"1,647.01"
7/13/2015,"1,642.97"
7/10/2015,"1,623.99"
7/9/2015,"1,614.59"
7/8/2015,"1,595.00"
7/7/2015,"1,614.14"
7/6/2015,"1,621.27"
7/3/2015,"1,631.65"
7/2/2015,"1,641.05"
7/1/2015,"1,639.70"
6/30/2015,"1,654.55"
6/29/2015,"1,634.93"
6/26/2015,"1,644.45"
6/25/2015,"1,631.99"
6/24/2015,"1,651.85"
6/23/2015,"1,657.23"
6/22/2015,"1,671.80"
6/19/2015,"1,663.03"
6/18/2015,"1,660.14"
6/17/2015,"1,664.66"
6/16/2015,"1,668.82"
6/15/2015,"1,657.29"
6/11/2015,"1,652.24"
6/10/2015,"1,653.09"
6/9/2015,"1,664.01"
6/8/2015,"1,646.89"
6/5/2015,"1,652.07"
6/4/2015,"1,638.07"
6/3/2015,"1,628.87"
6/2/2015,"1,643.41"
6/1/2015,"1,616.94"
5/29/2015,"1,609.19"
5/28/2015,"1,657.62"
5/27/2015,"1,660.98"
5/26/2015,"1,651.66"
5/25/2015,"1,655.40"
5/22/2015,"1,665.66"
5/21/2015,"1,659.33"
5/20/2015,"1,636.86"
5/19/2015,"1,659.36"
5/18/2015,"1,678.55"
5/15/2015,"1,691.46"
5/14/2015,"1,677.57"
5/13/2015,"1,682.26"
5/12/2015,"1,704.62"
5/8/2015,"1,708.52"
5/7/2015,"1,686.98"
5/6/2015,"1,714.31"
5/5/2015,"1,721.80"
4/30/2015,"1,688.34"
4/29/2015,"1,670.99"
4/28/2015,"1,677.89"
4/27/2015,"1,677.22"
4/24/2015,"1,682.70"
4/23/2015,"1,662.64"
4/22/2015,"1,677.56"
4/21/2015,"1,710.24"
4/20/2015,"1,683.24"
4/17/2015,"1,656.59"
4/16/2015,"1,686.79"
4/15/2015,"1,677.70"
4/14/2015,"1,647.39"
4/13/2015,"1,678.19"
4/10/2015,"1,657.02"
4/9/2015,"1,667.60"
4/8/2015,"1,683.63"
4/7/2015,"1,695.64"
4/6/2015,"1,700.64"
4/3/2015,"1,681.47"
4/2/2015,"1,679.24"
4/1/2015,"1,661.90"
3/31/2015,"1,626.18"
3/30/2015,"1,612.84"
3/27/2015,"1,571.55"
3/26/2015,"1,581.84"
3/25/2015,"1,615.50"
3/24/2015,"1,618.62"
3/23/2015,"1,602.85"
3/20/2015,"1,628.64"
3/19/2015,"1,607.97"
3/18/2015,"1,632.12"
3/17/2015,"1,611.69"
3/16/2015,"1,609.85"
3/13/2015,"1,627.88"
3/12/2015,"1,664.70"
3/11/2015,"1,671.47"
3/10/2015,"1,665.38"
3/6/2015,"1,728.55"
3/5/2015,"1,760.55"
3/4/2015,"1,759.35"
3/3/2015,"1,807.70"
3/2/2015,"1,783.34"
2/27/2015,"1,758.97"
2/26/2015,"1,760.66"
2/25/2015,"1,746.23"
2/24/2015,"1,772.16"
2/20/2015,"1,792.70"
2/19/2015,"1,797.87"
2/18/2015,"1,809.67"
2/17/2015,"1,793.82"
2/16/2015,"1,800.59"
2/13/2015,"1,838.18"
2/12/2015,"1,802.80"
2/11/2015,"1,763.60"
2/10/2015,"1,742.35"
2/9/2015,"1,748.55"
2/6/2015,"1,755.45"
2/5/2015,"1,696.06"
2/4/2015,"1,656.02"
2/3/2015,"1,654.36"
2/2/2015,"1,625.31"
1/30/2015,"1,647.69"
1/29/2015,"1,639.65"
1/28/2015,"1,647.71"
1/27/2015,"1,673.92"
1/26/2015,"1,642.37"
1/23/2015,"1,671.80"
1/22/2015,"1,666.56"
1/21/2015,"1,618.17"
1/20/2015,"1,570.97"
1/19/2015,"1,576.40"
1/16/2015,"1,591.43"
1/15/2015,"1,563.21"
1/14/2015,"1,554.46"
1/13/2015,"1,533.09"
1/12/2015,"1,513.22"
1/9/2015,"1,515.37"
1/8/2015,"1,547.39"
1/6/2015,"1,480.73"
1/5/2015,"1,435.66"
12/31/2014,"1,396.61"
12/30/2014,"1,396.61"
12/29/2014,"1,432.94"
12/26/2014,"1,417.80"
12/25/2014,"1,408.54"
12/24/2014,"1,401.50"
12/23/2014,"1,398.20"
12/22/2014,"1,437.08"
12/19/2014,"1,449.13"
12/18/2014,"1,477.27"
12/17/2014,"1,413.79"
12/16/2014,"1,444.32"
12/15/2014,"1,424.99"
12/12/2014,"1,459.68"
12/11/2014,"1,455.04"
12/10/2014,"1,486.85"
12/9/2014,"1,475.22"
12/8/2014,"1,481.27"
12/5/2014,"1,529.20"
12/4/2014,"1,582.08"
12/3/2014,"1,606.84"
12/2/2014,"1,583.12"
12/1/2014,"1,578.38"
11/28/2014,"1,533.68"
11/27/2014,"1,531.69"
11/26/2014,"1,537.43"
11/25/2014,"1,529.57"
11/24/2014,"1,529.54"
11/21/2014,"1,538.93"
11/20/2014,"1,530.40"
11/19/2014,"1,517.97"
11/18/2014,"1,519.61"
11/17/2014,"1,507.10"
11/14/2014,"1,500.76"
11/13/2014,"1,492.27"
11/12/2014,"1,513.83"
11/11/2014,"1,514.78"
11/10/2014,"1,515.36"
11/7/2014,"1,497.11"
11/6/2014,"1,497.46"
11/5/2014,"1,495.26"
11/3/2014,"1,491.19"
10/31/2014,"1,488.47"
10/30/2014,"1,440.20"
10/29/2014,"1,439.58"
10/28/2014,"1,415.51"
10/27/2014,"1,394.27"
10/24/2014,"1,380.39"
10/23/2014,"1,372.92"
10/22/2014,"1,374.19"
10/21/2014,"1,383.35"
10/20/2014,"1,376.36"
10/17/2014,"1,384.72"
10/16/2014,"1,360.33"
10/15/2014,"1,377.09"
10/14/2014,"1,394.16"
10/13/2014,"1,383.93"
10/10/2014,"1,364.24"
10/9/2014,"1,384.33"
10/8/2014,"1,379.76"
10/7/2014,"1,403.48"
10/6/2014,"1,418.15"
10/3/2014,"1,384.66"
10/2/2014,"1,376.35"
10/1/2014,"1,399.99"
9/30/2014,"1,411.07"
9/29/2014,"1,408.28"
9/26/2014,"1,434.20"
9/25/2014,"1,436.05"
9/24/2014,"1,441.83"
9/23/2014,"1,429.45"
9/22/2014,"1,412.83"
9/19/2014,"1,431.58"
9/18/2014,"1,448.63"
9/17/2014,"1,449.37"
9/16/2014,"1,477.31"
9/15/2014,"1,454.19"
9/12/2014,"1,458.52"
9/11/2014,"1,449.63"
9/10/2014,"1,468.55"
9/9/2014,"1,468.17"
9/8/2014,"1,464.76"
9/5/2014,"1,474.71"
9/4/2014,"1,457.34"
9/3/2014,"1,449.29"
9/2/2014,"1,400.35"
9/1/2014,"1,392.40"
8/29/2014,"1,400.71"
8/28/2014,"1,423.78"
8/27/2014,"1,447.91"
8/26/2014,"1,443.32"
8/25/2014,"1,454.67"
8/22/2014,"1,446.60"
8/21/2014,"1,461.75"
8/20/2014,"1,447.50"
8/19/2014,"1,437.60"
8/18/2014,"1,425.18"
8/15/2014,"1,417.82"
8/14/2014,"1,407.53"
8/13/2014,"1,398.85"
8/12/2014,"1,374.19"
8/11/2014,"1,372.45"
8/8/2014,"1,348.21"
8/7/2014,"1,333.53"
8/6/2014,"1,334.66"
8/5/2014,"1,357.89"
8/4/2014,"1,378.98"
8/1/2014,"1,374.83"
7/31/2014,"1,379.61"
7/30/2014,"1,382.14"
7/29/2014,"1,369.83"
7/28/2014,"1,361.94"
7/25/2014,"1,388.41"
7/24/2014,"1,408.80"
7/23/2014,"1,406.58"
7/22/2014,"1,405.97"
7/21/2014,"1,384.50"
7/18/2014,"1,422.53"
7/17/2014,"1,440.63"
7/16/2014,"1,474.72"
7/15/2014,"1,475.77"
7/14/2014,"1,483.41"
7/11/2014,"1,499.82"
7/10/2014,"1,494.92"
7/9/2014,"1,513.38"
7/8/2014,"1,516.75"
7/7/2014,"1,513.72"
7/4/2014,"1,489.53"
7/3/2014,"1,514.47"
7/2/2014,"1,514.33"
7/1/2014,"1,482.92"
6/30/2014,"1,476.38"
6/27/2014,"1,477.32"
6/26/2014,"1,473.18"
6/25/2014,"1,481.95"
6/24/2014,"1,518.83"
6/23/2014,"1,486.30"
6/20/2014,"1,486.30"
6/19/2014,"1,495.09"
6/18/2014,"1,494.28"
6/17/2014,"1,486.38"
6/16/2014,"1,493.93"
6/11/2014,"1,501.18"
6/10/2014,"1,490.81"
6/9/2014,"1,485.39"
6/6/2014,"1,484.94"
6/5/2014,"1,470.70"
6/4/2014,"1,475.79"
6/3/2014,"1,472.83"
6/2/2014,"1,464.47"
5/30/2014,"1,432.03"
5/29/2014,"1,447.39"
5/28/2014,"1,425.95"
5/27/2014,"1,417.32"
5/26/2014,"1,449.36"
5/23/2014,"1,438.98"
5/22/2014,"1,430.54"
5/21/2014,"1,439.90"
5/20/2014,"1,425.58"
5/19/2014,"1,413.85"
5/16/2014,"1,392.30"
5/15/2014,"1,381.99"
5/14/2014,"1,389.11"
5/13/2014,"1,385.29"
5/12/2014,"1,375.31"
5/8/2014,"1,371.42"
5/7/2014,"1,363.48"
5/6/2014,"1,318.57"
5/5/2014,"1,298.29"
5/2/2014,"1,304.84"
4/30/2014,"1,306.01"
4/29/2014,"1,304.78"
4/28/2014,"1,299.13"
4/25/2014,"1,280.12"
4/24/2014,"1,300.54"
4/23/2014,"1,329.11"
4/22/2014,"1,335.62"
4/21/2014,"1,345.04"
4/18/2014,"1,357.89"
4/17/2014,"1,329.67"
4/16/2014,"1,322.60"
4/15/2014,"1,311.01"
4/14/2014,"1,344.86"
4/11/2014,"1,362.40"
4/10/2014,"1,367.71"
4/9/2014,"1,348.85"
4/8/2014,"1,352.33"
4/7/2014,"1,349.79"
4/4/2014,"1,382.41"
4/3/2014,"1,366.04"
4/2/2014,"1,373.33"
4/1/2014,"1,375.73"
3/31/2014,"1,369.29"
3/28/2014,"1,344.12"
3/27/2014,"1,331.93"
3/26/2014,"1,349.39"
3/25/2014,"1,324.44"
3/24/2014,"1,297.91"
3/21/2014,"1,307.34"
3/20/2014,"1,320.50"
3/19/2014,"1,319.02"
3/18/2014,"1,335.86"
3/17/2014,"1,283.70"
3/14/2014,"1,237.43"
3/13/2014,"1,248.56"
3/12/2014,"1,274.21"
3/11/2014,"1,308.70"
3/7/2014,"1,339.36"
3/6/2014,"1,337.98"
3/5/2014,"1,351.11"
3/4/2014,"1,356.54"
3/3/2014,"1,288.81"
2/28/2014,"1,444.71"
2/27/2014,"1,448.70"
2/26/2014,"1,469.51"
2/25/2014,"1,478.64"
2/24/2014,"1,489.01"
2/21/2014,"1,487.64"
2/20/2014,"1,480.99"
2/19/2014,"1,485.60"
2/18/2014,"1,504.24"
2/17/2014,"1,507.49"
2/14/2014,"1,494.32"
2/13/2014,"1,478.77"
2/12/2014,"1,496.03"
2/11/2014,"1,483.57"
2/10/2014,"1,476.28"
2/7/2014,"1,478.48"
2/6/2014,"1,465.18"
2/5/2014,"1,456.00"
2/4/2014,"1,442.02"
2/3/2014,"1,442.52"
1/31/2014,"1,453.55"
1/30/2014,"1,463.60"
1/29/2014,"1,463.03"
1/28/2014,"1,468.34"
1/27/2014,"1,478.87"
1/24/2014,"1,492.86"
1/23/2014,"1,494.68"
1/22/2014,"1,498.73"
1/21/2014,"1,504.68"
1/20/2014,"1,495.94"
1/17/2014,"1,486.88"
1/16/2014,"1,480.73"
1/15/2014,"1,486.51"
1/14/2014,"1,470.65"
1/13/2014,"1,477.56"
1/10/2014,"1,469.19"
1/9/2014,"1,465.74"
1/8/2014,"1,462.67"
1/6/2014,"1,466.15"
12/31/2013,"1,504.08"
12/30/2013,"1,504.08"
12/27/2013,"1,494.83"
12/26/2013,"1,501.47"
12/25/2013,"1,501.12"
12/24/2013,"1,507.87"
12/23/2013,"1,507.83"
12/20/2013,"1,497.31"
12/19/2013,"1,499.42"
12/18/2013,"1,488.17"
12/17/2013,"1,479.39"
12/16/2013,"1,470.22"
12/13/2013,"1,452.76"
12/12/2013,"1,449.74"
12/11/2013,"1,464.67"
12/10/2013,"1,464.14"
12/9/2013,"1,465.70"
12/6/2013,"1,448.67"
12/5/2013,"1,429.25"
12/4/2013,"1,439.26"
12/3/2013,"1,448.84"
12/2/2013,"1,473.26"
11/29/2013,"1,479.35"
11/28/2013,"1,479.46"
11/27/2013,"1,475.42"
11/26/2013,"1,484.37"
11/25/2013,"1,502.41"
11/22/2013,"1,504.10"
11/21/2013,"1,494.07"
11/20/2013,"1,508.52"
11/19/2013,"1,511.19"
11/18/2013,"1,510.61"
11/15/2013,"1,493.79"
11/14/2013,"1,490.89"
11/13/2013,"1,466.82"
11/12/2013,"1,500.41"
11/11/2013,"1,483.46"
11/8/2013,"1,489.55"
11/7/2013,"1,509.25"
11/6/2013,"1,499.95"
11/5/2013,"1,505.94"
11/1/2013,"1,515.15"
10/31/2013,"1,510.21"
10/30/2013,"1,516.00"
10/29/2013,"1,516.17"
10/28/2013,"1,511.51"
10/25/2013,"1,504.48"
10/24/2013,"1,502.46"
10/23/2013,"1,507.26"
10/22/2013,"1,528.76"
10/21/2013,"1,533.61"
10/18/2013,"1,533.35"
10/17/2013,"1,512.32"
10/16/2013,"1,531.57"
10/15/2013,"1,531.67"
10/14/2013,"1,510.20"
10/11/2013,"1,513.03"
10/10/2013,"1,516.73"
10/9/2013,"1,501.01"
10/8/2013,"1,505.14"
10/7/2013,"1,480.20"
10/4/2013,"1,474.21"
10/3/2013,"1,456.49"
10/2/2013,"1,454.29"
10/1/2013,"1,471.73"
9/30/2013,"1,462.82"
9/27/2013,"1,471.89"
9/26/2013,"1,485.14"
9/25/2013,"1,479.59"
9/24/2013,"1,464.72"
9/23/2013,"1,467.62"
9/20/2013,"1,476.73"
9/19/2013,"1,487.19"
9/18/2013,"1,464.95"
9/17/2013,"1,473.03"
9/16/2013,"1,470.48"
9/13/2013,"1,440.74"
9/12/2013,"1,450.23"
9/11/2013,"1,454.12"
9/10/2013,"1,453.57"
9/9/2013,"1,451.54"
9/6/2013,"1,423.40"
9/5/2013,"1,422.40"
9/4/2013,"1,375.66"
9/3/2013,"1,373.82"
9/2/2013,"1,367.53"
8/30/2013,"1,364.65"
8/29/2013,"1,371.89"
8/28/2013,"1,369.64"
8/27/2013,"1,374.21"
8/26/2013,"1,387.06"
8/23/2013,"1,393.21"
8/22/2013,"1,396.65"
8/21/2013,"1,376.60"
8/20/2013,"1,377.28"
8/19/2013,"1,382.32"
8/16/2013,"1,380.31"
8/15/2013,"1,391.37"
8/14/2013,"1,423.87"
8/13/2013,"1,407.86"
8/12/2013,"1,388.36"
8/9/2013,"1,382.72"
8/8/2013,"1,362.38"
8/7/2013,"1,362.91"
8/6/2013,"1,364.65"
8/5/2013,"1,391.75"
8/2/2013,"1,392.15"
8/1/2013,"1,398.46"
7/31/2013,"1,375.79"
7/30/2013,"1,387.31"
7/29/2013,"1,398.30"
7/26/2013,"1,403.14"
7/25/2013,"1,401.88"
7/24/2013,"1,407.41"
7/23/2013,"1,417.34"
7/22/2013,"1,415.52"
7/19/2013,"1,421.67"
7/18/2013,"1,416.63"
7/17/2013,"1,431.80"
7/16/2013,"1,410.10"
7/15/2013,"1,403.56"
7/12/2013,"1,398.22"
7/11/2013,"1,368.11"
7/10/2013,"1,333.71"
7/9/2013,"1,345.73"
7/8/2013,"1,348.88"
7/5/2013,"1,342.72"
7/4/2013,"1,349.21"
7/3/2013,"1,333.35"
7/2/2013,"1,337.92"
7/1/2013,"1,336.17"
6/28/2013,"1,330.46"
6/27/2013,"1,313.23"
6/26/2013,"1,320.39"
6/25/2013,"1,297.59"
6/24/2013,"1,290.26"
6/21/2013,"1,298.89"
6/20/2013,"1,297.01"
6/19/2013,"1,323.57"
6/18/2013,"1,335.14"
6/17/2013,"1,325.27"
6/14/2013,"1,299.61"
6/13/2013,"1,281.89"
6/11/2013,"1,301.31"
6/10/2013,"1,335.25"
6/7/2013,"1,343.90"
6/6/2013,"1,316.92"
6/5/2013,"1,326.78"
6/4/2013,"1,341.62"
6/3/2013,"1,337.40"
