Дата,Серебро (Банк России)
6/1/2023,60.56
5/31/2023,60.04
5/30/2023,59.57
5/29/2023,59.15
5/27/2023,59.15
5/26/2023,60.21
5/25/2023,59.54
5/24/2023,61.47
5/23/2023,60.81
5/22/2023,60.43
5/20/2023,60.43
5/19/2023,60.95
5/18/2023,61.76
5/17/2023,61.43
5/16/2023,60.67
5/15/2023,61.77
5/13/2023,61.77
5/12/2023,62.26
5/11/2023,63.04
5/10/2023,63.29
5/9/2023,63.29
5/8/2023,63.29
5/6/2023,63.29
5/5/2023,63.82
5/4/2023,63.16
5/3/2023,63.67
5/2/2023,65.09
5/1/2023,65.09
4/29/2023,65.09
4/28/2023,65.16
4/27/2023,65.33
4/26/2023,65.63
4/25/2023,65.73
4/24/2023,66.54
4/22/2023,66.54
4/21/2023,64.95
4/20/2023,65.87
4/19/2023,66.61
4/18/2023,68.30
4/17/2023,67.14
4/15/2023,67.14
4/14/2023,66.03
4/13/2023,66.13
4/12/2023,65.88
4/11/2023,65.53
4/10/2023,66.06
4/8/2023,66.06
4/7/2023,64.17
4/6/2023,61.38
4/5/2023,61.04
4/4/2023,59.86
4/3/2023,58.94
4/1/2023,58.94
3/31/2023,57.63
3/30/2023,57.03
3/29/2023,56.37
3/28/2023,57.04
3/27/2023,56.28
3/25/2023,56.28
3/24/2023,54.82
3/23/2023,55.58
3/22/2023,55.57
3/21/2023,54.35
3/20/2023,54.21
3/18/2023,54.21
3/17/2023,54.28
3/16/2023,52.70
3/15/2023,51.00
3/14/2023,48.74
3/13/2023,49.12
3/11/2023,49.12
3/10/2023,49.06
3/8/2023,51.15
3/7/2023,51.17
3/6/2023,50.46
3/4/2023,50.46
3/3/2023,50.94
3/2/2023,49.66
3/1/2023,49.92
2/28/2023,51.15
2/23/2023,52.30
2/22/2023,52.25
2/21/2023,50.50
2/20/2023,51.83
2/18/2023,51.83
2/17/2023,51.61
2/16/2023,51.80
2/15/2023,52.21
2/14/2023,52.35
2/13/2023,52.58
2/11/2023,52.58
2/10/2023,52.61
2/9/2023,51.10
2/8/2023,51.01
2/7/2023,53.32
2/6/2023,55.29
2/4/2023,55.29
2/3/2023,52.91
2/2/2023,51.84
2/1/2023,53.58
1/31/2023,53.08
1/30/2023,52.86
1/28/2023,52.86
1/27/2023,52.07
1/26/2023,52.57
1/25/2023,52.33
1/24/2023,52.67
1/23/2023,51.76
1/21/2023,51.76
1/20/2023,53.53
1/19/2023,53.36
1/18/2023,53.36
1/17/2023,51.98
1/16/2023,51.49
1/14/2023,51.49
1/13/2023,52.02
1/12/2023,52.18
1/11/2023,53.38
1/10/2023,53.01
1/2/2023,53.95
12/31/2022,53.95
12/30/2022,55.20
12/29/2022,54.43
12/28/2022,53.37
12/27/2022,52.23
12/26/2022,52.41
12/24/2022,52.41
12/23/2022,55.40
12/22/2022,53.83
12/21/2022,51.56
12/20/2022,48.70
12/19/2022,48.12
12/17/2022,48.12
12/16/2022,48.81
12/15/2022,47.66
12/14/2022,47.54
12/13/2022,46.64
12/12/2022,45.52
12/10/2022,45.52
12/9/2022,45.03
12/8/2022,45.61
12/7/2022,46.49
12/6/2022,45.19
12/5/2022,43.96
12/3/2022,43.96
12/2/2022,42.39
12/1/2022,41.82
11/30/2022,42.17
11/29/2022,41.67
11/28/2022,41.92
11/26/2022,41.92
11/25/2022,41.29
11/24/2022,41.38
11/23/2022,40.25
11/22/2022,41.19
11/21/2022,40.91
11/19/2022,40.91
11/18/2022,42.62
11/17/2022,42.57
11/16/2022,41.63
11/15/2022,41.71
11/14/2022,40.83
11/12/2022,40.83
11/11/2022,41.98
11/10/2022,40.74
11/9/2022,40.52
11/8/2022,39.31
11/7/2022,39.49
11/4/2022,39.49
11/3/2022,39.62
11/2/2022,37.85
11/1/2022,38.09
10/31/2022,38.32
10/29/2022,38.32
10/28/2022,38.65
10/27/2022,37.29
10/26/2022,37.89
10/25/2022,36.15
10/24/2022,36.96
10/22/2022,36.96
10/21/2022,36.45
10/20/2022,37.02
10/19/2022,37.23
10/18/2022,37.26
10/17/2022,38.87
10/15/2022,38.87
10/14/2022,39.16
10/13/2022,39.76
10/12/2022,40.59
10/11/2022,41.32
10/10/2022,40.45
10/8/2022,40.45
10/7/2022,39.59
10/6/2022,39.96
10/5/2022,36.70
10/4/2022,35.20
10/3/2022,33.19
10/1/2022,33.19
9/30/2022,33.70
9/29/2022,35.10
9/28/2022,34.85
9/27/2022,35.43
9/26/2022,36.58
9/24/2022,36.58
9/23/2022,37.53
9/22/2022,37.80
9/21/2022,36.65
9/20/2022,36.74
9/19/2022,37.39
9/17/2022,37.39
9/16/2022,37.42
9/15/2022,38.29
9/14/2022,37.11
9/13/2022,36.47
9/12/2022,36.21
9/10/2022,36.21
9/9/2022,35.52
9/8/2022,36.18
9/7/2022,35.67
9/6/2022,35.08
9/5/2022,34.49
9/3/2022,34.49
9/2/2022,34.75
9/1/2022,36.21
8/31/2022,37.29
8/30/2022,37.29
8/29/2022,37.34
8/27/2022,37.34
8/26/2022,36.51
8/25/2022,36.63
8/24/2022,36.39
8/23/2022,36.94
8/22/2022,37.69
8/20/2022,37.69
8/19/2022,38.37
8/18/2022,39.31
8/17/2022,40.15
8/16/2022,39.99
8/15/2022,40.22
8/13/2022,40.22
8/12/2022,39.83
8/11/2022,40.04
8/10/2022,39.20
8/9/2022,38.90
8/8/2022,39.33
8/6/2022,39.33
8/5/2022,38.59
8/4/2022,39.38
8/3/2022,39.47
8/2/2022,40.03
8/1/2022,38.09
7/30/2022,38.09
7/29/2022,36.32
7/28/2022,35.90
7/27/2022,35.37
7/26/2022,34.94
7/25/2022,33.70
7/23/2022,33.70
7/22/2022,34.10
7/21/2022,33.33
7/20/2022,33.65
7/19/2022,33.57
7/18/2022,34.88
7/16/2022,34.88
7/15/2022,35.50
7/14/2022,35.50
7/13/2022,36.35
7/12/2022,37.84
7/11/2022,38.26
7/9/2022,38.26
7/8/2022,39.02
7/7/2022,40.13
7/6/2022,37.35
7/5/2022,34.93
7/4/2022,35.29
7/2/2022,35.29
7/1/2022,35.41
6/30/2022,34.93
6/29/2022,36.55
6/28/2022,35.79
6/27/2022,36.32
6/25/2022,36.32
6/24/2022,36.75
6/23/2022,37.12
6/22/2022,38.09
6/21/2022,39.45
6/20/2022,39.08
6/18/2022,39.08
6/17/2022,39.24
6/16/2022,38.68
6/15/2022,39.57
6/13/2022,40.74
6/11/2022,40.74
6/10/2022,41.15
6/9/2022,42.77
6/8/2022,43.62
6/7/2022,42.46
6/6/2022,43.05
6/4/2022,43.05
6/3/2022,42.78
6/2/2022,43.03
6/1/2022,43.64
5/31/2022,45.19
5/30/2022,46.72
5/28/2022,46.72
5/27/2022,43.55
5/26/2022,39.69
5/25/2022,40.45
5/24/2022,41.23
5/23/2022,40.82
5/21/2022,40.82
5/20/2022,43.47
5/19/2022,44.51
5/18/2022,43.25
5/17/2022,42.51
5/16/2022,43.03
5/14/2022,43.03
5/13/2022,46.08
5/12/2022,48.39
5/9/2022,49.64
5/7/2022,49.64
5/6/2022,48.12
5/5/2022,50.51
5/2/2022,52.89
4/30/2022,52.89
4/29/2022,54.94
4/28/2022,55.69
4/27/2022,54.97
4/26/2022,57.42
4/25/2022,58.24
4/23/2022,58.24
4/22/2022,60.76
4/21/2022,64.22
4/20/2022,65.18
4/19/2022,65.53
4/18/2022,66.02
4/16/2022,66.02
4/15/2022,67.01
4/14/2022,64.19
4/13/2022,64.13
4/12/2022,62.67
4/11/2022,58.67
4/9/2022,58.67
4/8/2022,59.49
4/7/2022,65.53
4/6/2022,66.10
4/5/2022,66.36
4/4/2022,66.23
4/2/2022,66.23
4/1/2022,66.55
3/31/2022,66.92
3/30/2022,68.35
3/29/2022,75.04
3/28/2022,77.86
3/26/2022,77.86
3/25/2022,77.24
3/24/2022,83.20
3/23/2022,83.77
3/22/2022,84.93
3/21/2022,84.69
3/19/2022,84.69
3/18/2022,84.05
3/17/2022,85.58
3/16/2022,90.95
3/15/2022,95.02
3/14/2022,97.39
3/12/2022,97.39
3/11/2022,101.30
3/10/2022,97.49
3/7/2022,86.10
3/6/2022,85.56
3/5/2022,86.10
3/4/2022,90.10
3/3/2022,81.79
3/2/2022,71.82
3/1/2022,72.82
2/28/2022,68.00
2/26/2022,68.00
2/25/2022,67.37
2/23/2022,61.37
2/22/2022,58.67
2/21/2022,57.45
2/19/2022,57.45
2/18/2022,57.23
2/17/2022,56.16
2/16/2022,58.01
2/15/2022,56.37
2/14/2022,56.31
2/12/2022,56.31
2/11/2022,55.86
2/10/2022,54.98
2/9/2022,55.35
2/8/2022,54.76
2/7/2022,54.67
2/5/2022,54.67
2/4/2022,56.14
2/3/2022,56.26
2/2/2022,55.78
2/1/2022,56.04
1/31/2022,57.97
1/29/2022,57.97
1/28/2022,60.56
1/27/2022,60.06
1/26/2022,60.85
1/25/2022,60.49
1/24/2022,59.73
1/22/2022,59.73
1/21/2022,58.43
1/20/2022,56.63
1/19/2022,56.48
1/18/2022,56.47
1/17/2022,56.62
1/15/2022,56.62
1/14/2022,54.53
1/13/2022,54.13
1/12/2022,54.03
1/11/2022,53.72
12/31/2021,54.54
12/30/2021,53.67
12/29/2021,53.56
12/28/2021,53.36
12/27/2021,53.69
12/25/2021,53.69
12/24/2021,53.44
12/23/2021,53.96
12/22/2021,52.91
12/21/2021,54.09
12/20/2021,52.57
12/18/2021,52.57
12/17/2021,51.58
12/16/2021,52.64
12/15/2021,52.49
12/14/2021,51.68
12/13/2021,52.65
12/11/2021,52.65
12/10/2021,53.06
12/9/2021,53.26
12/8/2021,53.25
12/7/2021,52.94
12/6/2021,53.10
12/4/2021,53.10
12/3/2021,54.43
12/2/2021,54.38
12/1/2021,55.95
11/30/2021,56.97
11/29/2021,57.57
11/27/2021,57.57
11/26/2021,56.35
11/25/2021,56.94
11/24/2021,59.40
11/23/2021,58.53
11/22/2021,58.41
11/20/2021,58.41
11/19/2021,58.45
11/18/2021,59.16
11/17/2021,58.81
11/16/2021,57.99
11/15/2021,57.67
11/13/2021,57.67
11/12/2021,55.34
11/11/2021,55.40
11/10/2021,55.65
11/9/2021,54.68
11/4/2021,54.85
11/3/2021,54.84
11/2/2021,54.87
11/1/2021,54.44
10/30/2021,54.44
10/29/2021,54.59
10/28/2021,53.77
10/27/2021,54.37
10/26/2021,54.96
10/25/2021,55.38
10/23/2021,55.38
10/22/2021,55.30
10/21/2021,54.72
10/20/2021,54.14
10/19/2021,53.13
10/18/2021,53.23
10/16/2021,53.23
10/15/2021,53.87
10/14/2021,52.87
10/13/2021,52.32
10/12/2021,51.87
10/11/2021,52.19
10/9/2021,52.19
10/8/2021,52.73
10/7/2021,52.02
10/6/2021,52.46
10/5/2021,52.31
10/4/2021,51.80
10/2/2021,51.80
10/1/2021,50.29
9/30/2021,52.23
9/29/2021,51.75
9/28/2021,52.69
9/27/2021,53.19
9/25/2021,53.19
9/24/2021,53.17
9/23/2021,53.27
9/22/2021,53.09
9/21/2021,52.80
9/20/2021,53.68
9/18/2021,53.68
9/17/2021,54.66
9/16/2021,55.83
9/15/2021,55.17
9/14/2021,55.41
9/13/2021,56.20
9/11/2021,56.20
9/10/2021,56.77
9/9/2021,57.41
9/8/2021,57.05
9/7/2021,57.95
9/6/2021,56.34
9/4/2021,56.34
9/3/2021,56.60
9/2/2021,56.29
9/1/2021,56.65
8/31/2021,55.85
8/30/2021,56.16
8/28/2021,56.16
8/27/2021,56.32
8/26/2021,56.32
8/25/2021,56.49
8/24/2021,55.79
8/23/2021,55.48
8/21/2021,55.48
8/20/2021,55.64
8/19/2021,55.91
8/18/2021,56.46
8/17/2021,55.55
8/16/2021,55.24
8/14/2021,55.24
8/13/2021,55.38
8/12/2021,55.68
8/11/2021,55.34
8/10/2021,56.34
8/9/2021,58.72
8/7/2021,58.72
8/6/2021,59.87
8/5/2021,60.07
8/4/2021,59.65
8/3/2021,59.64
8/2/2021,59.94
7/31/2021,59.94
7/30/2021,59.89
7/29/2021,58.68
7/28/2021,59.63
7/27/2021,60.43
7/26/2021,59.68
7/24/2021,59.68
7/23/2021,59.40
7/22/2021,60.13
7/21/2021,60.10
7/20/2021,60.53
7/19/2021,62.25
7/17/2021,62.25
7/16/2021,62.53
7/15/2021,62.37
7/14/2021,62.16
7/13/2021,62.21
7/12/2021,62.27
7/10/2021,62.27
7/9/2021,63.11
7/8/2021,62.82
7/7/2021,62.68
7/6/2021,62.60
7/5/2021,61.94
7/3/2021,61.94
7/2/2021,61.56
7/1/2021,60.24
6/30/2021,60.39
6/29/2021,60.54
6/28/2021,60.63
6/26/2021,60.63
6/25/2021,60.44
6/24/2021,60.62
6/23/2021,61.09
6/22/2021,61.08
6/21/2021,61.27
6/19/2021,61.27
6/18/2021,62.00
6/17/2021,64.17
6/16/2021,63.80
6/14/2021,64.85
6/12/2021,64.85
6/11/2021,64.20
6/10/2021,63.92
6/9/2021,64.89
6/8/2021,64.67
6/7/2021,64.47
6/5/2021,64.47
6/4/2021,65.38
6/3/2021,65.56
6/2/2021,66.43
6/1/2021,65.11
5/31/2021,65.37
5/29/2021,65.37
5/28/2021,65.31
5/27/2021,66.43
5/26/2021,65.02
5/25/2021,65.35
5/24/2021,65.77
5/22/2021,65.77
5/21/2021,65.64
5/20/2021,65.56
5/19/2021,67.47
5/18/2021,65.56
5/17/2021,64.78
5/15/2021,64.78
5/14/2021,64.12
5/13/2021,65.25
5/12/2021,65.52
5/10/2021,65.25
5/8/2021,65.25
5/7/2021,64.08
5/6/2021,63.29
5/5/2021,64.90
5/3/2021,62.26
5/1/2021,62.26
4/30/2021,62.86
4/29/2021,62.33
4/28/2021,63.35
4/27/2021,62.76
4/26/2021,63.07
4/24/2021,63.07
4/23/2021,64.62
4/22/2021,63.99
4/21/2021,63.25
4/20/2021,64.00
4/19/2021,63.50
4/17/2021,63.50
4/16/2021,63.32
4/15/2021,61.63
4/14/2021,61.97
4/13/2021,62.70
4/12/2021,62.58
4/10/2021,62.58
4/9/2021,62.79
4/8/2021,62.47
4/7/2021,61.49
4/6/2021,59.89
4/5/2021,59.47
4/3/2021,59.47
4/2/2021,59.26
4/1/2021,58.36
3/31/2021,59.24
3/30/2021,60.53
3/29/2021,60.09
3/27/2021,60.09
3/26/2021,61.70
3/25/2021,62.73
3/24/2021,62.36
3/23/2021,62.79
3/22/2021,62.28
3/20/2021,62.28
3/19/2021,61.22
3/18/2021,61.30
3/17/2021,61.22
3/16/2021,59.98
3/15/2021,62.04
3/13/2021,62.04
3/12/2021,60.60
3/11/2021,61.31
3/10/2021,60.06
3/8/2021,62.11
3/6/2021,62.11
3/5/2021,63.07
3/4/2021,62.07
3/3/2021,64.47
3/2/2021,63.53
3/1/2021,66.83
2/27/2021,66.83
2/26/2021,65.54
2/25/2021,66.31
2/22/2021,64.60
2/21/2021,64.10
2/20/2021,64.60
2/19/2021,64.32
2/18/2021,65.40
2/17/2021,64.96
2/16/2021,63.80
2/15/2021,64.48
2/13/2021,64.48
2/12/2021,64.57
2/11/2021,65.62
2/10/2021,64.77
2/9/2021,63.34
2/8/2021,63.75
2/6/2021,63.75
2/5/2021,65.25
2/4/2021,66.84
2/3/2021,72.20
2/2/2021,66.55
2/1/2021,61.79
1/30/2021,61.79
1/29/2021,61.69
1/28/2021,61.28
1/27/2021,62.34
1/26/2021,60.94
1/25/2021,61.84
1/23/2021,61.84
1/22/2021,59.67
1/21/2021,59.66
1/20/2021,58.94
1/19/2021,60.04
1/18/2021,59.70
1/16/2021,59.70
1/15/2021,60.11
1/14/2021,60.34
1/13/2021,59.74
1/12/2021,63.83
1/1/2021,62.48
12/31/2020,62.11
12/30/2020,61.05
12/29/2020,61.10
12/28/2020,61.08
12/26/2020,61.08
12/25/2020,60.91
12/24/2020,62.52
12/23/2020,63.36
12/22/2020,61.98
12/21/2020,60.67
12/19/2020,60.67
12/18/2020,58.96
12/17/2020,57.16
12/16/2020,56.33
12/15/2020,55.84
12/14/2020,56.15
12/12/2020,56.15
12/11/2020,57.08
12/10/2020,57.68
12/9/2020,56.25
12/8/2020,57.83
12/7/2020,57.70
12/5/2020,57.70
12/4/2020,57.98
12/3/2020,57.22
12/2/2020,54.35
12/1/2020,56.68
11/30/2020,56.97
11/28/2020,56.97
11/27/2020,56.79
11/26/2020,56.19
11/25/2020,58.27
11/24/2020,58.86
11/23/2020,58.60
11/21/2020,58.60
11/20/2020,59.62
11/19/2020,60.12
11/18/2020,59.49
11/17/2020,59.96
11/16/2020,60.20
11/14/2020,60.20
11/13/2020,60.02
11/12/2020,59.28
11/11/2020,61.66
11/10/2020,63.78
11/9/2020,60.97
11/7/2020,60.97
11/6/2020,60.47
11/4/2020,61.67
11/3/2020,61.20
11/2/2020,58.70
10/31/2020,58.70
10/30/2020,60.67
10/29/2020,60.93
10/28/2020,59.68
10/27/2020,60.85
10/26/2020,60.87
10/24/2020,60.87
10/23/2020,61.74
10/22/2020,61.97
10/21/2020,61.59
10/20/2020,62.23
10/19/2020,61.06
10/17/2020,61.06
10/16/2020,59.98
10/15/2020,60.06
10/14/2020,61.96
10/13/2020,62.06
10/12/2020,60.22
10/10/2020,60.22
10/9/2020,60.02
10/8/2020,59.08
10/7/2020,61.34
10/6/2020,60.07
10/5/2020,59.92
10/3/2020,59.92
10/2/2020,58.68
10/1/2020,60.10
9/30/2020,61.06
9/29/2020,57.90
9/28/2020,55.89
9/26/2020,55.89
9/25/2020,55.14
9/24/2020,57.92
9/23/2020,59.59
9/22/2020,64.44
9/21/2020,65.28
9/19/2020,65.28
9/18/2020,64.66
9/17/2020,65.96
9/16/2020,66.59
9/15/2020,64.58
9/14/2020,64.71
9/12/2020,64.71
9/11/2020,65.82
9/10/2020,64.90
9/9/2020,65.15
9/8/2020,65.21
9/7/2020,64.82
9/5/2020,64.82
9/4/2020,65.27
9/3/2020,65.79
9/2/2020,68.34
9/1/2020,64.90
8/31/2020,65.63
8/29/2020,65.63
8/28/2020,65.90
8/27/2020,64.10
8/26/2020,63.47
8/25/2020,64.33
8/24/2020,63.97
8/22/2020,63.97
8/21/2020,63.84
8/20/2020,64.61
8/19/2020,66.87
8/18/2020,63.14
8/17/2020,62.86
8/15/2020,62.86
8/14/2020,62.12
8/13/2020,60.77
8/12/2020,66.51
8/11/2020,67.05
8/10/2020,67.07
8/8/2020,67.07
8/7/2020,65.48
8/6/2020,63.48
8/5/2020,57.40
8/4/2020,57.77
8/3/2020,56.82
8/1/2020,56.82
7/31/2020,54.63
7/30/2020,56.52
7/29/2020,54.44
7/28/2020,56.10
7/27/2020,51.74
7/25/2020,51.74
7/24/2020,52.16
7/23/2020,50.63
7/22/2020,46.90
7/21/2020,44.98
7/20/2020,44.18
7/18/2020,44.18
7/17/2020,44.07
7/16/2020,44.00
7/15/2020,43.21
7/14/2020,43.43
7/13/2020,42.98
7/11/2020,42.98
7/10/2020,42.92
7/9/2020,42.34
7/8/2020,41.81
7/7/2020,41.87
7/6/2020,40.84
7/4/2020,40.84
7/3/2020,40.64
7/2/2020,41.26
7/1/2020,40.41
6/30/2020,40.27
6/29/2020,39.63
6/27/2020,39.63
6/26/2020,39.15
6/25/2020,39.52
6/24/2020,39.42
6/23/2020,39.90
6/22/2020,39.20
6/20/2020,39.20
6/19/2020,39.43
6/18/2020,39.03
6/17/2020,39.04
6/16/2020,38.67
6/12/2020,39.72
6/11/2020,39.08
6/10/2020,38.93
6/9/2020,38.72
6/8/2020,38.79
6/6/2020,38.79
6/5/2020,39.39
6/4/2020,39.24
6/3/2020,40.52
6/2/2020,40.70
6/1/2020,40.01
5/30/2020,40.01
5/29/2020,39.64
5/28/2020,39.27
5/27/2020,39.57
5/26/2020,39.13
5/25/2020,39.29
5/23/2020,39.29
5/22/2020,39.23
5/21/2020,40.63
5/20/2020,39.85
5/19/2020,40.71
5/18/2020,38.25
5/16/2020,38.25
5/15/2020,36.91
5/14/2020,36.81
5/13/2020,36.56
5/11/2020,35.58
5/9/2020,35.58
5/8/2020,35.70
5/7/2020,35.85
5/1/2020,35.86
4/30/2020,35.93
4/29/2020,36.31
4/28/2020,36.42
4/27/2020,36.79
4/25/2020,36.79
4/24/2020,36.97
4/23/2020,36.93
4/22/2020,36.70
4/21/2020,36.37
4/20/2020,36.04
4/18/2020,36.04
4/17/2020,37.23
4/16/2020,36.90
4/15/2020,36.56
4/14/2020,35.87
4/13/2020,35.98
4/11/2020,35.98
4/10/2020,36.40
4/9/2020,36.69
4/8/2020,36.57
4/7/2020,35.76
3/30/2020,36.03
3/28/2020,36.03
3/27/2020,35.35
3/26/2020,34.08
3/25/2020,31.71
3/24/2020,32.84
3/23/2020,30.12
3/21/2020,30.12
3/20/2020,32.01
3/19/2020,30.88
3/18/2020,30.80
3/17/2020,37.58
3/16/2020,38.88
3/14/2020,38.88
3/13/2020,40.51
3/12/2020,39.22
3/11/2020,39.10
3/9/2020,37.34
3/7/2020,37.34
3/6/2020,36.71
3/5/2020,35.71
3/4/2020,36.13
3/3/2020,36.65
3/2/2020,38.88
2/29/2020,38.88
2/28/2020,38.13
2/27/2020,38.61
2/26/2020,39.19
2/24/2020,38.01
2/22/2020,38.01
2/21/2020,37.59
2/20/2020,36.62
2/19/2020,36.49
2/18/2020,36.04
2/17/2020,35.99
2/15/2020,35.99
2/14/2020,35.91
2/13/2020,35.89
2/12/2020,36.57
2/11/2020,36.43
2/10/2020,36.25
2/8/2020,36.25
2/7/2020,35.57
2/6/2020,36.01
2/5/2020,36.24
2/4/2020,36.75
2/3/2020,35.98
2/1/2020,35.98
1/31/2020,35.41
1/30/2020,36.06
1/29/2020,36.96
1/28/2020,35.74
1/27/2020,34.97
1/25/2020,34.97
1/24/2020,35.39
1/23/2020,35.75
1/22/2020,35.91
1/21/2020,35.69
1/20/2020,35.63
1/18/2020,35.63
1/17/2020,35.33
1/16/2020,35.10
1/15/2020,35.51
1/14/2020,35.10
1/13/2020,35.28
1/11/2020,35.28
1/10/2020,36.26
1/1/2020,35.48
12/31/2019,35.48
12/30/2019,35.07
12/28/2019,35.07
12/27/2019,34.92
12/26/2019,34.89
12/25/2019,34.73
12/24/2019,34.09
12/23/2019,33.99
12/21/2019,33.99
12/20/2019,34.17
12/19/2019,34.33
12/18/2019,34.22
12/17/2019,34.18
12/16/2019,33.92
12/14/2019,33.92
12/13/2019,33.87
12/12/2019,34.08
12/11/2019,33.97
12/10/2019,34.71
12/9/2019,34.56
12/7/2019,34.56
12/6/2019,35.14
12/5/2019,35.11
12/4/2019,34.80
12/3/2019,35.13
12/2/2019,34.91
11/30/2019,34.91
11/29/2019,35.15
11/28/2019,34.83
11/27/2019,34.73
11/26/2019,35.21
11/25/2019,35.01
11/23/2019,35.01
11/22/2019,35.13
11/21/2019,35.25
11/20/2019,34.44
11/19/2019,34.58
11/18/2019,34.99
11/16/2019,34.99
11/15/2019,34.99
11/14/2019,34.54
11/13/2019,34.65
11/12/2019,34.54
11/11/2019,35.92
11/9/2019,35.92
11/8/2019,35.94
11/7/2019,36.89
11/6/2019,36.98
11/4/2019,37.17
11/2/2019,37.17
11/1/2019,36.82
10/31/2019,36.27
10/30/2019,37.05
10/29/2019,37.22
10/28/2019,37.29
10/26/2019,37.29
10/25/2019,35.99
10/24/2019,35.97
10/23/2019,36.06
10/22/2019,36.34
10/21/2019,35.85
10/19/2019,35.85
10/18/2019,35.91
10/17/2019,35.70
10/16/2019,36.50
10/15/2019,36.43
10/14/2019,36.34
10/12/2019,36.34
10/11/2019,36.95
10/10/2019,37.21
10/9/2019,36.61
10/8/2019,36.32
10/7/2019,36.81
10/5/2019,36.81
10/4/2019,36.85
10/3/2019,36.31
10/2/2019,35.79
10/1/2019,35.86
9/30/2019,36.28
9/28/2019,36.28
9/27/2019,37.14
9/26/2019,38.32
9/25/2019,38.01
9/24/2019,37.79
9/23/2019,36.70
9/21/2019,36.70
9/20/2019,36.66
9/19/2019,36.98
9/18/2019,36.78
9/17/2019,36.60
9/16/2019,37.61
9/14/2019,37.61
9/13/2019,38.13
9/12/2019,38.21
9/11/2019,37.85
9/10/2019,38.30
9/9/2019,38.50
9/7/2019,38.50
9/6/2019,40.82
9/5/2019,41.27
9/4/2019,39.74
9/3/2019,39.31
9/2/2019,39.30
8/31/2019,39.30
8/30/2019,39.66
8/29/2019,39.21
8/28/2019,37.76
8/27/2019,36.16
8/26/2019,35.96
8/24/2019,35.96
8/23/2019,35.78
8/22/2019,36.45
8/21/2019,36.54
8/20/2019,36.24
8/19/2019,36.41
8/17/2019,36.41
8/16/2019,36.63
8/15/2019,35.88
8/14/2019,36.79
8/13/2019,35.67
8/12/2019,35.67
8/10/2019,35.67
8/9/2019,35.64
8/8/2019,35.20
8/7/2019,34.35
8/6/2019,34.48
8/5/2019,33.66
8/3/2019,33.66
8/2/2019,32.85
8/1/2019,33.59
7/31/2019,33.53
7/30/2019,33.47
7/29/2019,33.37
7/27/2019,33.37
7/26/2019,33.58
7/25/2019,33.55
7/24/2019,33.35
7/23/2019,33.18
7/22/2019,32.98
7/20/2019,32.98
7/19/2019,32.38
7/18/2019,31.59
7/17/2019,31.09
7/16/2019,30.95
7/15/2019,30.68
7/13/2019,30.68
7/12/2019,30.92
7/11/2019,30.96
7/10/2019,30.80
7/9/2019,30.95
7/8/2019,31.09
7/6/2019,31.09
7/5/2019,31.15
7/4/2019,31.25
7/3/2019,30.84
7/2/2019,30.94
7/1/2019,30.87
6/29/2019,30.87
6/28/2019,30.91
6/27/2019,30.80
6/26/2019,30.96
6/25/2019,31.09
6/24/2019,31.03
6/22/2019,31.03
6/21/2019,31.24
6/20/2019,30.74
6/19/2019,30.81
6/18/2019,30.56
6/17/2019,31.13
6/15/2019,31.13
6/14/2019,30.74
6/12/2019,30.48
6/11/2019,30.72
6/10/2019,31.18
6/8/2019,31.18
6/7/2019,31.37
6/6/2019,31.07
6/5/2019,30.84
6/4/2019,30.99
6/3/2019,30.44
6/1/2019,30.44
5/31/2019,30.12
5/30/2019,30.00
5/29/2019,30.05
5/28/2019,30.16
5/27/2019,30.22
5/25/2019,30.22
5/24/2019,30.02
5/23/2019,29.90
5/22/2019,29.94
5/21/2019,29.89
5/20/2019,30.09
5/18/2019,30.09
5/17/2019,30.71
5/16/2019,30.89
5/15/2019,30.98
5/14/2019,30.86
5/9/2019,31.31
5/8/2019,31.09
5/7/2019,30.78
5/1/2019,31.14
4/30/2019,31.14
4/29/2019,31.20
4/27/2019,31.20
4/26/2019,30.91
4/25/2019,30.45
4/24/2019,30.71
4/23/2019,30.67
4/22/2019,30.75
4/20/2019,30.75
4/19/2019,30.81
4/18/2019,30.84
4/17/2019,30.87
4/16/2019,30.85
4/15/2019,31.25
4/13/2019,31.25
4/12/2019,31.39
4/11/2019,31.73
4/10/2019,31.77
4/9/2019,31.81
4/8/2019,31.95
4/6/2019,31.95
4/5/2019,31.68
4/4/2019,31.77
4/3/2019,31.63
4/2/2019,31.70
4/1/2019,31.62
3/30/2019,31.62
3/29/2019,32.08
3/28/2019,32.06
3/27/2019,32.03
3/26/2019,32.06
3/25/2019,31.86
3/23/2019,31.86
3/22/2019,31.40
3/21/2019,31.85
3/20/2019,31.80
3/19/2019,31.93
3/18/2019,32.04
3/16/2019,32.04
3/15/2019,32.63
3/14/2019,32.57
3/13/2019,32.34
3/12/2019,32.11
3/8/2019,32.01
3/7/2019,31.99
3/6/2019,32.07
3/5/2019,32.92
3/4/2019,33.46
3/2/2019,33.46
3/1/2019,33.60
2/28/2019,33.47
2/27/2019,33.66
2/26/2019,33.30
2/25/2019,33.51
2/23/2019,33.51
2/22/2019,33.79
2/21/2019,33.41
2/20/2019,33.55
2/19/2019,33.39
2/18/2019,33.41
2/16/2019,33.41
2/15/2019,33.58
2/14/2019,33.38
2/13/2019,33.18
2/12/2019,33.31
2/11/2019,33.37
2/9/2019,33.37
2/8/2019,33.39
2/7/2019,33.50
2/6/2019,33.19
2/5/2019,33.76
2/4/2019,33.93
2/2/2019,33.93
2/1/2019,33.44
1/31/2019,33.69
1/30/2019,33.45
1/29/2019,32.59
1/28/2019,32.42
1/26/2019,32.42
1/25/2019,32.65
1/24/2019,32.54
1/23/2019,32.65
1/22/2019,33.01
1/21/2019,33.22
1/19/2019,33.22
1/18/2019,33.20
1/17/2019,33.48
1/16/2019,33.68
1/15/2019,33.87
1/14/2019,33.79
1/12/2019,33.79
1/11/2019,33.58
1/10/2019,33.73
12/31/2018,33.65
12/30/2018,34.16
12/29/2018,33.65
12/28/2018,32.50
12/27/2018,32.50
12/26/2018,32.43
12/25/2018,32.31
12/24/2018,32.29
12/22/2018,32.29
12/21/2018,31.72
12/20/2018,31.62
12/19/2018,31.33
12/18/2018,31.23
12/17/2018,31.35
12/15/2018,31.35
12/14/2018,31.22
12/13/2018,31.26
12/12/2018,31.07
12/11/2018,30.85
12/10/2018,30.94
12/8/2018,30.94
12/7/2018,31.07
12/6/2018,31.25
12/5/2018,30.73
12/4/2018,30.34
12/3/2018,30.51
12/1/2018,30.51
11/30/2018,30.31
11/29/2018,30.72
11/28/2018,30.87
11/27/2018,30.48
11/26/2018,30.65
11/24/2018,30.65
11/23/2018,30.42
11/22/2018,30.62
11/21/2018,30.28
11/20/2018,30.32
11/19/2018,29.98
11/17/2018,29.98
11/16/2018,29.92
11/15/2018,30.65
11/14/2018,30.81
11/13/2018,31.13
11/12/2018,31.14
11/10/2018,31.14
11/9/2018,31.23
11/8/2018,31.24
11/7/2018,31.26
11/5/2018,30.47
11/3/2018,30.47
11/2/2018,30.27
11/1/2018,30.42
10/31/2018,30.98
10/30/2018,31.08
10/29/2018,31.00
10/27/2018,31.00
10/26/2018,31.16
10/25/2018,31.11
10/24/2018,30.90
10/23/2018,30.72
10/22/2018,30.91
10/20/2018,30.91
10/19/2018,30.67
10/18/2018,30.81
10/17/2018,31.09
10/16/2018,31.16
10/15/2018,30.97
10/13/2018,30.97
10/12/2018,30.91
10/11/2018,30.59
10/10/2018,30.58
10/9/2018,31.14
10/8/2018,31.35
10/6/2018,31.35
10/5/2018,31.14
10/4/2018,30.99
10/3/2018,30.42
10/2/2018,30.68
10/1/2018,30.17
9/29/2018,30.17
9/28/2018,30.52
9/27/2018,30.60
9/26/2018,30.24
9/25/2018,30.45
9/24/2018,30.52
9/22/2018,30.52
9/21/2018,30.41
9/20/2018,30.56
9/19/2018,30.95
9/18/2018,31.07
9/17/2018,31.21
9/15/2018,31.21
9/14/2018,31.39
9/13/2018,31.66
9/12/2018,31.78
9/11/2018,31.93
9/10/2018,31.48
9/8/2018,31.48
9/7/2018,31.30
9/6/2018,31.19
9/5/2018,31.28
9/4/2018,31.64
9/3/2018,32.06
9/1/2018,32.06
8/31/2018,32.10
8/30/2018,32.18
8/29/2018,32.28
8/28/2018,31.68
8/27/2018,31.86
8/25/2018,31.86
8/24/2018,32.22
8/23/2018,32.20
8/22/2018,31.93
8/21/2018,31.87
8/20/2018,31.52
8/18/2018,31.52
8/17/2018,31.41
8/16/2018,31.64
8/15/2018,32.27
8/14/2018,33.31
8/13/2018,33.07
8/11/2018,33.07
8/10/2018,32.99
8/9/2018,31.37
8/8/2018,31.59
8/7/2018,31.33
8/6/2018,31.34
8/4/2018,31.34
8/3/2018,31.36
8/2/2018,31.13
8/1/2018,30.93
7/31/2018,31.27
7/30/2018,31.09
7/28/2018,31.09
7/27/2018,31.44
7/26/2018,31.57
7/25/2018,31.38
7/24/2018,31.46
7/23/2018,31.37
7/21/2018,31.37
7/20/2018,31.04
7/19/2018,31.22
7/18/2018,31.66
7/17/2018,31.64
7/16/2018,31.66
7/14/2018,31.66
7/13/2018,31.68
7/12/2018,31.77
7/11/2018,31.98
7/10/2018,32.74
7/9/2018,32.46
7/7/2018,32.46
7/6/2018,32.44
7/5/2018,32.62
7/4/2018,32.38
7/3/2018,32.44
7/2/2018,32.34
6/30/2018,32.34
6/29/2018,32.78
6/28/2018,32.90
6/27/2018,32.75
6/26/2018,33.14
6/25/2018,33.40
6/23/2018,33.40
6/22/2018,33.32
6/21/2018,33.31
6/20/2018,33.69
6/19/2018,33.89
6/18/2018,34.71
6/16/2018,34.71
6/15/2018,34.27
6/14/2018,34.30
6/11/2018,33.69
6/10/2018,33.51
6/9/2018,33.69
6/8/2018,33.28
6/7/2018,32.98
6/6/2018,32.65
6/5/2018,32.73
6/4/2018,32.84
6/2/2018,32.84
6/1/2018,33.00
5/31/2018,32.94
5/30/2018,33.18
5/29/2018,33.37
5/28/2018,33.05
5/26/2018,33.05
5/25/2018,32.60
5/24/2018,32.73
5/23/2018,32.66
5/22/2018,32.85
5/21/2018,32.64
5/19/2018,32.64
5/18/2018,32.57
5/17/2018,32.56
5/16/2018,32.67
5/15/2018,33.06
5/14/2018,33.27
5/12/2018,33.27
5/11/2018,33.37
5/9/2018,33.31
5/8/2018,33.10
5/7/2018,33.35
5/5/2018,33.35
5/4/2018,33.61
4/30/2018,33.34
4/29/2018,32.95
4/28/2018,33.34
4/27/2018,33.36
4/26/2018,32.89
4/25/2018,32.90
4/24/2018,33.63
4/23/2018,33.73
4/19/2018,33.53
4/18/2018,32.68
4/17/2018,33.24
4/16/2018,32.60
4/14/2018,32.60
4/13/2018,33.23
4/12/2018,34.12
4/11/2018,33.07
4/10/2018,30.77
4/9/2018,30.26
4/7/2018,30.26
4/6/2018,30.18
4/5/2018,30.57
4/4/2018,30.56
4/3/2018,29.98
4/2/2018,29.97
3/31/2018,29.97
3/30/2018,30.23
3/29/2018,30.45
3/28/2018,30.59
3/27/2018,30.44
3/26/2018,30.33
3/24/2018,30.33
3/23/2018,29.69
3/22/2018,30.04
3/21/2018,30.21
3/20/2018,30.48
3/19/2018,30.54
3/17/2018,30.54
3/16/2018,30.44
3/15/2018,30.22
3/14/2018,30.12
3/13/2018,30.00
3/8/2018,30.35
3/7/2018,29.99
3/6/2018,30.19
3/5/2018,29.72
3/3/2018,29.72
3/2/2018,29.83
3/1/2018,30.11
2/28/2018,29.84
2/27/2018,29.86
2/23/2018,29.99
2/22/2018,30.18
2/21/2018,30.38
2/20/2018,30.50
2/19/2018,30.48
2/17/2018,30.48
2/16/2018,30.17
2/15/2018,30.75
2/14/2018,30.51
2/13/2018,30.51
2/12/2018,30.57
2/10/2018,30.57
2/9/2018,30.95
2/8/2018,30.77
2/7/2018,31.04
2/6/2018,31.20
2/5/2018,30.97
2/3/2018,30.97
2/2/2018,31.17
2/1/2018,31.24
1/31/2018,31.37
1/30/2018,31.49
1/29/2018,31.45
1/27/2018,31.45
1/26/2018,30.91
1/25/2018,30.78
1/24/2018,30.90
1/23/2018,31.02
1/22/2018,31.09
1/20/2018,31.09
1/19/2018,31.41
1/18/2018,31.10
1/17/2018,31.41
1/16/2018,31.02
1/15/2018,30.95
1/13/2018,30.95
1/12/2018,31.40
1/11/2018,31.19
1/10/2018,31.49
1/1/2018,31.00
12/30/2017,31.00
12/29/2017,30.57
12/28/2017,29.88
12/27/2017,30.02
12/26/2017,30.27
12/25/2017,30.27
12/23/2017,30.27
12/22/2017,30.47
12/21/2017,30.50
12/20/2017,30.32
12/19/2017,30.16
12/18/2017,30.32
12/16/2017,30.32
12/15/2017,29.64
12/14/2017,30.01
12/13/2017,29.95
12/12/2017,30.14
12/11/2017,30.32
12/9/2017,30.32
12/8/2017,30.72
12/7/2017,30.85
12/6/2017,30.81
12/5/2017,31.14
12/4/2017,31.17
12/2/2017,31.17
12/1/2017,31.82
11/30/2017,32.01
11/29/2017,32.11
11/28/2017,31.95
11/27/2017,32.17
11/25/2017,32.17
11/24/2017,31.89
11/23/2017,32.25
11/22/2017,32.78
11/21/2017,32.56
11/20/2017,32.67
11/18/2017,32.67
11/17/2017,33.01
11/16/2017,32.80
11/15/2017,32.44
11/14/2017,32.35
11/13/2017,32.59
11/11/2017,32.59
11/10/2017,32.38
11/9/2017,32.39
11/8/2017,31.79
11/6/2017,32.09
11/4/2017,32.09
11/3/2017,31.64
11/2/2017,31.45
11/1/2017,31.27
10/31/2017,31.11
10/30/2017,31.22
10/28/2017,31.22
10/27/2017,31.52
10/26/2017,31.29
10/25/2017,31.54
10/24/2017,31.40
10/23/2017,31.57
10/21/2017,31.57
10/20/2017,31.51
10/19/2017,31.21
10/18/2017,31.54
10/17/2017,31.95
10/16/2017,31.86
10/14/2017,31.86
10/13/2017,31.89
10/12/2017,31.94
10/11/2017,31.96
10/10/2017,31.72
10/9/2017,30.87
10/7/2017,30.87
10/6/2017,30.84
10/5/2017,31.26
10/4/2017,30.94
10/3/2017,30.82
10/2/2017,31.45
9/30/2017,31.45
9/29/2017,31.60
9/28/2017,31.50
9/27/2017,31.46
9/26/2017,31.37
9/25/2017,31.46
9/23/2017,31.46
9/22/2017,31.73
9/21/2017,32.48
9/20/2017,32.04
9/19/2017,32.48
9/18/2017,32.74
9/16/2017,32.74
9/15/2017,32.97
9/14/2017,33.21
9/13/2017,32.68
9/12/2017,32.81
9/11/2017,33.37
9/9/2017,33.37
9/8/2017,32.68
9/7/2017,32.76
9/6/2017,33.26
9/5/2017,33.07
9/4/2017,32.66
9/2/2017,32.66
9/1/2017,32.64
8/31/2017,32.93
8/30/2017,33.12
8/29/2017,32.04
8/28/2017,32.37
8/26/2017,32.37
8/25/2017,32.19
8/24/2017,32.43
8/23/2017,32.31
8/22/2017,32.36
8/21/2017,32.73
8/19/2017,32.73
8/18/2017,32.42
8/17/2017,31.99
8/16/2017,32.54
8/15/2017,32.63
8/14/2017,33.07
8/12/2017,33.07
8/11/2017,32.91
8/10/2017,31.98
8/9/2017,31.61
8/8/2017,31.15
8/7/2017,32.39
8/5/2017,32.39
8/4/2017,32.17
8/3/2017,32.47
8/2/2017,32.21
8/1/2017,32.36
7/31/2017,31.70
7/29/2017,31.70
7/28/2017,32.07
7/27/2017,31.53
7/26/2017,31.37
7/25/2017,31.65
7/24/2017,31.13
7/22/2017,31.13
7/21/2017,30.73
7/20/2017,30.91
7/19/2017,30.87
7/18/2017,30.52
7/17/2017,30.24
7/15/2017,30.24
7/14/2017,30.86
7/13/2017,30.85
7/12/2017,30.29
7/11/2017,29.51
7/10/2017,30.75
7/8/2017,30.75
7/7/2017,31.01
7/6/2017,30.55
7/5/2017,30.75
7/4/2017,31.24
7/3/2017,31.45
7/1/2017,31.45
6/30/2017,31.97
6/29/2017,32.12
6/28/2017,31.54
6/27/2017,31.36
6/26/2017,32.05
6/24/2017,32.05
6/23/2017,32.06
6/22/2017,31.85
6/21/2017,31.24
6/20/2017,31.06
6/19/2017,31.11
6/17/2017,31.11
6/16/2017,31.14
6/15/2017,31.10
6/14/2017,30.78
6/12/2017,31.80
6/10/2017,31.80
6/9/2017,32.25
6/8/2017,32.02
6/7/2017,32.00
6/6/2017,31.89
6/5/2017,31.33
6/3/2017,31.33
6/2/2017,31.14
6/1/2017,31.55
5/31/2017,31.38
5/30/2017,31.52
5/29/2017,31.55
5/27/2017,31.55
5/26/2017,30.92
5/25/2017,30.81
5/24/2017,31.17
5/23/2017,30.79
5/22/2017,30.82
5/20/2017,30.82
5/19/2017,31.06
5/18/2017,30.83
5/17/2017,30.24
5/16/2017,30.15
5/15/2017,29.96
5/13/2017,29.96
5/12/2017,30.06
5/11/2017,30.42
5/8/2017,30.62
5/6/2017,30.62
5/5/2017,30.54
5/4/2017,30.93
5/3/2017,31.04
5/1/2017,31.90
4/29/2017,31.90
4/28/2017,31.98
4/27/2017,31.85
4/26/2017,32.03
4/25/2017,32.11
4/24/2017,32.51
4/22/2017,32.51
4/21/2017,32.99
4/20/2017,32.91
4/19/2017,33.15
4/18/2017,33.57
4/17/2017,33.59
4/15/2017,33.59
4/14/2017,33.78
4/13/2017,33.41
4/12/2017,32.85
4/11/2017,33.10
4/10/2017,33.67
4/8/2017,33.67
4/7/2017,33.06
4/6/2017,32.81
4/5/2017,33.35
4/4/2017,32.78
4/3/2017,32.49
4/1/2017,32.49
3/31/2017,32.81
3/30/2017,33.24
3/29/2017,32.84
3/28/2017,32.89
3/27/2017,32.40
3/25/2017,32.40
3/24/2017,32.51
3/23/2017,32.08
3/22/2017,31.70
3/21/2017,32.05
3/20/2017,32.52
3/18/2017,32.52
3/17/2017,31.67
3/16/2017,32.31
3/15/2017,32.26
3/14/2017,32.11
3/13/2017,32.63
3/11/2017,32.63
3/10/2017,32.91
3/8/2017,33.36
3/7/2017,33.12
3/6/2017,34.72
3/4/2017,34.72
3/3/2017,34.42
3/2/2017,34.31
3/1/2017,34.18
2/28/2017,34.03
2/23/2017,33.06
2/22/2017,33.45
2/21/2017,33.63
2/20/2017,33.54
2/18/2017,33.54
2/17/2017,32.85
2/16/2017,32.68
2/15/2017,33.36
2/14/2017,32.89
2/13/2017,33.52
2/11/2017,33.52
2/10/2017,33.66
2/9/2017,33.68
2/8/2017,33.49
2/7/2017,32.62
2/6/2017,33.77
2/4/2017,33.77
2/3/2017,33.94
2/2/2017,33.53
2/1/2017,33.03
1/31/2017,32.30
1/30/2017,32.70
1/28/2017,32.70
1/27/2017,32.46
1/26/2017,32.53
1/25/2017,32.63
1/24/2017,32.31
1/23/2017,32.52
1/21/2017,32.52
1/20/2017,32.67
1/19/2017,32.35
1/18/2017,32.12
1/17/2017,32.12
1/16/2017,32.28
1/14/2017,32.28
1/13/2017,32.12
1/12/2017,32.23
1/11/2017,31.84
1/10/2017,31.68
1/2/2017,31.32
12/31/2016,31.32
12/30/2016,30.71
12/29/2016,30.70
12/28/2016,30.80
12/27/2016,30.82
12/26/2016,30.85
12/24/2016,30.85
12/23/2016,31.37
12/22/2016,31.04
12/21/2016,31.79
12/20/2016,31.89
12/19/2016,32.04
12/17/2016,32.04
12/16/2016,33.91
12/15/2016,33.25
12/14/2016,33.10
12/13/2016,33.56
12/12/2016,34.86
12/10/2016,34.86
12/9/2016,34.18
12/8/2016,34.50
12/7/2016,34.13
12/6/2016,33.60
12/5/2016,33.62
12/3/2016,33.62
12/2/2016,34.13
12/1/2016,34.69
11/30/2016,34.83
11/29/2016,34.36
11/28/2016,33.88
11/26/2016,33.88
11/25/2016,34.41
11/24/2016,34.49
11/23/2016,34.12
11/22/2016,34.16
11/21/2016,35.67
11/19/2016,35.67
11/18/2016,35.38
11/17/2016,35.28
11/16/2016,36.24
11/15/2016,39.36
11/14/2016,39.31
11/12/2016,39.31
11/11/2016,38.35
11/10/2016,37.51
11/9/2016,37.34
11/8/2016,37.60
11/4/2016,37.85
11/3/2016,37.19
11/2/2016,36.09
11/1/2016,35.79
10/31/2016,35.61
10/29/2016,35.61
10/28/2016,35.79
10/27/2016,35.35
10/26/2016,35.37
10/25/2016,35.30
10/24/2016,35.16
10/22/2016,35.16
10/21/2016,35.32
10/20/2016,35.59
10/19/2016,35.69
10/18/2016,35.33
10/17/2016,35.38
10/15/2016,35.38
10/14/2016,35.82
10/13/2016,35.09
10/12/2016,34.95
10/11/2016,35.66
10/10/2016,34.71
10/8/2016,34.71
10/7/2016,35.62
10/6/2016,35.74
10/5/2016,37.62
10/4/2016,38.57
10/3/2016,39.44
10/1/2016,39.44
9/30/2016,38.60
9/29/2016,39.31
9/28/2016,39.77
9/27/2016,40.09
9/26/2016,40.70
9/24/2016,40.70
9/23/2016,40.76
9/22/2016,40.26
9/21/2016,39.91
9/20/2016,39.91
9/19/2016,39.51
9/17/2016,39.51
9/16/2016,39.75
9/15/2016,39.77
9/14/2016,39.92
9/13/2016,39.15
9/12/2016,40.04
9/10/2016,40.04
9/9/2016,40.99
9/8/2016,41.23
9/7/2016,40.85
9/6/2016,40.52
9/5/2016,39.71
9/3/2016,39.71
9/2/2016,39.13
9/1/2016,39.32
8/31/2016,39.19
8/30/2016,39.07
8/29/2016,38.86
8/27/2016,38.86
8/26/2016,38.63
8/25/2016,39.26
8/24/2016,39.52
8/23/2016,39.04
8/22/2016,39.91
8/20/2016,39.91
8/19/2016,40.41
8/18/2016,40.26
8/17/2016,41.19
8/16/2016,41.08
8/15/2016,41.10
8/13/2016,41.10
8/12/2016,42.20
8/11/2016,42.37
8/10/2016,41.03
8/9/2016,41.14
8/8/2016,42.62
8/6/2016,42.62
8/5/2016,43.03
8/4/2016,44.18
8/3/2016,44.53
8/2/2016,43.49
8/1/2016,43.20
7/30/2016,43.20
7/29/2016,43.38
7/28/2016,41.51
7/27/2016,41.60
7/26/2016,40.51
7/25/2016,40.93
7/23/2016,40.93
7/22/2016,39.63
7/21/2016,40.17
7/20/2016,40.48
7/19/2016,40.02
7/18/2016,40.90
7/16/2016,40.90
7/15/2016,41.39
7/14/2016,41.65
7/13/2016,41.81
7/12/2016,42.25
7/11/2016,40.73
7/9/2016,40.73
7/8/2016,41.08
7/7/2016,42.45
7/6/2016,40.77
7/5/2016,41.69
7/4/2016,39.60
7/2/2016,39.60
7/1/2016,37.88
6/30/2016,37.62
6/29/2016,36.61
6/28/2016,37.02
6/27/2016,38.01
6/25/2016,38.01
6/24/2016,35.76
6/23/2016,35.23
6/22/2016,35.82
6/21/2016,35.75
6/20/2016,36.55
6/18/2016,36.55
6/17/2016,37.50
6/16/2016,36.90
6/15/2016,36.62
6/13/2016,36.03
6/11/2016,36.03
6/10/2016,34.94
6/9/2016,34.83
6/8/2016,34.19
6/7/2016,34.69
6/6/2016,34.60
6/4/2016,34.60
6/3/2016,34.29
6/2/2016,34.16
6/1/2016,34.08
5/31/2016,34.63
5/30/2016,34.61
5/28/2016,34.61
5/27/2016,34.51
5/26/2016,34.33
5/25/2016,35.07
5/24/2016,35.16
5/23/2016,35.34
5/21/2016,35.34
5/20/2016,35.34
5/19/2016,35.67
5/18/2016,35.43
5/17/2016,36.13
5/16/2016,35.68
5/14/2016,35.68
5/13/2016,35.99
5/12/2016,37.29
5/11/2016,36.34
5/9/2016,36.84
5/7/2016,36.84
5/6/2016,36.82
5/5/2016,36.55
5/2/2016,36.93
4/30/2016,36.93
4/29/2016,36.32
4/28/2016,36.33
4/27/2016,36.22
4/26/2016,36.12
4/25/2016,36.60
4/23/2016,36.60
4/22/2016,36.21
4/21/2016,36.03
4/20/2016,35.08
4/19/2016,35.56
4/18/2016,34.34
4/16/2016,34.34
4/15/2016,34.48
4/14/2016,33.79
4/13/2016,34.04
4/12/2016,33.58
4/11/2016,32.88
4/9/2016,32.88
4/8/2016,33.17
4/7/2016,33.20
4/6/2016,33.64
4/5/2016,33.03
4/4/2016,33.20
4/2/2016,33.20
4/1/2016,33.55
3/31/2016,33.43
3/30/2016,33.29
3/29/2016,33.30
3/28/2016,33.62
3/26/2016,33.62
3/25/2016,34.53
3/24/2016,34.56
3/23/2016,34.45
3/22/2016,35.26
3/21/2016,34.59
3/19/2016,34.59
3/18/2016,33.70
3/17/2016,34.98
3/16/2016,35.38
3/15/2016,34.96
3/14/2016,34.52
3/12/2016,34.52
3/11/2016,34.90
3/10/2016,36.44
3/7/2016,35.22
3/5/2016,35.22
3/4/2016,35.18
3/3/2016,35.48
3/2/2016,35.12
3/1/2016,37.02
2/29/2016,36.60
2/27/2016,36.60
2/26/2016,37.63
2/25/2016,37.36
2/22/2016,37.44
2/21/2016,38.12
2/20/2016,37.44
2/19/2016,37.00
2/18/2016,38.42
2/17/2016,37.41
2/16/2016,39.11
2/15/2016,40.00
2/13/2016,40.00
2/12/2016,38.46
2/11/2016,39.00
2/10/2016,37.79
2/9/2016,36.84
2/8/2016,36.65
2/6/2016,36.65
2/5/2016,35.42
2/4/2016,36.34
2/3/2016,35.90
2/2/2016,34.55
2/1/2016,32.82
1/30/2016,32.82
1/29/2016,35.77
1/28/2016,36.40
1/27/2016,37.42
1/26/2016,35.44
1/25/2016,36.29
1/23/2016,36.29
1/22/2016,37.76
1/21/2016,35.84
1/20/2016,35.02
1/19/2016,34.90
1/18/2016,34.51
1/16/2016,34.51
1/15/2016,34.03
1/14/2016,34.11
1/13/2016,34.41
1/12/2016,34.28
1/1/2016,32.40
12/31/2015,32.64
12/30/2015,33.10
12/29/2015,32.32
12/28/2015,32.08
12/26/2015,32.08
12/25/2015,32.03
12/24/2015,32.48
12/23/2015,32.47
12/22/2015,31.66
12/21/2015,32.29
12/19/2015,32.29
12/18/2015,31.18
12/17/2015,31.10
12/16/2015,31.22
12/15/2015,31.43
12/14/2015,31.51
12/12/2015,31.51
12/11/2015,31.76
12/10/2015,31.68
12/9/2015,32.29
12/8/2015,31.13
12/7/2015,30.31
12/5/2015,30.31
12/4/2015,30.81
12/3/2015,30.49
12/2/2015,29.99
12/1/2015,30.28
11/30/2015,30.43
11/28/2015,30.43
11/27/2015,29.71
11/26/2015,29.77
11/25/2015,29.49
11/24/2015,30.14
11/23/2015,29.64
11/21/2015,29.64
11/20/2015,29.57
11/19/2015,29.68
11/18/2015,30.23
11/17/2015,30.75
11/16/2015,30.83
11/14/2015,30.83
11/13/2015,30.39
11/12/2015,30.21
11/11/2015,30.60
11/10/2015,31.35
11/9/2015,30.75
11/7/2015,30.75
11/6/2015,31.10
11/4/2015,31.61
11/3/2015,32.06
11/2/2015,32.74
10/31/2015,32.74
10/30/2015,33.07
10/29/2015,33.18
10/28/2015,32.87
10/27/2015,32.11
10/26/2015,31.82
10/24/2015,31.82
10/23/2015,31.83
10/22/2015,31.71
10/21/2015,31.70
10/20/2015,31.33
10/19/2015,31.64
10/17/2015,31.64
10/16/2015,32.38
10/15/2015,32.15
10/14/2015,31.23
10/13/2015,31.38
10/12/2015,31.51
10/10/2015,31.51
10/9/2015,31.26
10/8/2015,31.89
10/7/2015,32.80
10/6/2015,32.18
10/5/2015,30.59
10/3/2015,30.59
10/2/2015,30.42
10/1/2015,30.96
9/30/2015,31.01
9/29/2015,30.98
9/28/2015,31.65
9/26/2015,31.65
9/25/2015,31.63
9/24/2015,31.42
9/23/2015,31.79
9/22/2015,32.28
9/21/2015,32.21
9/19/2015,32.21
9/18/2015,31.02
9/17/2015,30.76
9/16/2015,30.98
9/15/2015,31.53
9/14/2015,31.88
9/12/2015,31.88
9/11/2015,32.42
9/10/2015,32.11
9/9/2015,32.36
9/8/2015,32.02
9/7/2015,31.97
9/5/2015,31.97
9/4/2015,31.69
9/3/2015,31.21
9/2/2015,30.84
9/1/2015,30.97
8/31/2015,30.86
8/29/2015,30.86
8/28/2015,30.94
8/27/2015,32.11
8/26/2015,33.44
8/25/2015,33.98
8/24/2015,33.86
8/22/2015,33.86
8/21/2015,33.37
8/20/2015,31.36
8/19/2015,32.23
8/18/2015,32.07
8/17/2015,32.46
8/15/2015,32.46
8/14/2015,31.54
8/13/2015,32.11
8/12/2015,31.11
8/11/2015,30.86
8/10/2015,30.27
8/8/2015,30.27
8/7/2015,29.96
8/6/2015,29.28
8/5/2015,29.41
8/4/2015,29.58
8/3/2015,28.25
8/1/2015,28.25
7/31/2015,27.77
7/30/2015,28.07
7/29/2015,28.15
7/28/2015,27.76
7/27/2015,27.04
7/25/2015,27.04
7/24/2015,27.44
7/23/2015,27.10
7/22/2015,27.03
7/21/2015,27.12
7/20/2015,27.43
7/18/2015,27.43
7/17/2015,27.34
7/16/2015,27.89
7/15/2015,27.99
7/14/2015,28.12
7/13/2015,28.15
7/11/2015,28.15
7/10/2015,28.18
7/9/2015,27.58
7/8/2015,28.72
7/7/2015,28.27
7/6/2015,27.96
7/4/2015,27.96
7/3/2015,27.93
7/2/2015,27.88
7/1/2015,28.19
6/30/2015,28.26
6/29/2015,27.90
6/27/2015,27.90
6/26/2015,27.68
6/25/2015,27.63
6/24/2015,27.82
6/23/2015,27.88
6/22/2015,27.88
6/20/2015,27.88
6/19/2015,27.85
6/18/2015,27.69
6/17/2015,27.85
6/16/2015,28.31
6/12/2015,27.82
6/11/2015,28.43
6/10/2015,28.99
6/9/2015,28.94
6/8/2015,29.21
6/6/2015,29.21
6/5/2015,29.12
6/4/2015,28.32
6/3/2015,28.69
6/2/2015,28.21
6/1/2015,28.39
5/30/2015,28.39
5/29/2015,28.04
5/28/2015,27.33
5/27/2015,27.16
5/26/2015,27.65
5/25/2015,27.61
5/23/2015,27.61
5/22/2015,27.57
5/21/2015,27.33
5/20/2015,27.51
5/19/2015,28.01
5/18/2015,27.74
5/16/2015,27.74
5/15/2015,28.01
5/14/2015,26.52
5/13/2015,26.94
5/11/2015,26.61
5/9/2015,26.61
5/8/2015,26.47
5/7/2015,26.37
5/6/2015,27.32
5/1/2015,27.16
4/30/2015,27.39
4/29/2015,27.44
4/28/2015,26.21
4/27/2015,25.57
4/25/2015,25.57
4/24/2015,26.31
4/23/2015,27.69
4/22/2015,27.90
4/21/2015,26.65
4/20/2015,26.58
4/18/2015,26.58
4/17/2015,26.30
4/16/2015,26.27
4/15/2015,26.87
4/14/2015,27.42
4/13/2015,27.17
4/11/2015,27.17
4/10/2015,27.54
4/9/2015,29.25
4/8/2015,29.99
4/7/2015,30.60
4/6/2015,30.73
4/4/2015,30.73
4/3/2015,30.86
4/2/2015,31.07
4/1/2015,30.77
3/31/2015,31.30
3/30/2015,31.79
3/28/2015,31.79
3/27/2015,30.73
3/26/2015,31.31
3/25/2015,31.61
3/24/2015,30.90
3/23/2015,30.65
3/21/2015,30.65
3/20/2015,29.76
3/19/2015,30.69
3/18/2015,30.93
3/17/2015,30.97
3/16/2015,30.91
3/14/2015,30.91
3/13/2015,30.65
3/12/2015,31.80
3/11/2015,31.05
3/9/2015,31.23
3/7/2015,31.23
3/6/2015,32.45
3/5/2015,32.66
3/4/2015,33.34
3/3/2015,33.07
3/2/2015,33.13
2/28/2015,33.13
2/27/2015,32.23
2/26/2015,32.84
2/25/2015,33.08
2/23/2015,33.20
2/21/2015,33.20
2/20/2015,32.80
2/19/2015,33.74
2/18/2015,34.89
2/17/2015,33.97
2/16/2015,35.34
2/14/2015,35.34
2/13/2015,36.02
2/12/2015,35.68
2/11/2015,35.71
2/10/2015,36.42
2/9/2015,36.10
2/7/2015,36.10
2/6/2015,38.36
2/5/2015,37.01
2/4/2015,37.52
2/3/2015,37.90
2/2/2015,38.63
1/31/2015,38.63
1/30/2015,39.80
1/29/2015,38.58
1/28/2015,38.87
1/27/2015,38.44
1/26/2015,36.85
1/24/2015,36.85
1/23/2015,38.31
1/22/2015,37.52
1/21/2015,36.88
1/20/2015,35.34
1/19/2015,35.87
1/17/2015,35.87
1/16/2015,34.69
1/15/2015,36.13
1/14/2015,34.44
1/13/2015,32.76
1/1/2015,28.55
12/31/2014,28.94
12/30/2014,28.74
12/29/2014,26.38
12/27/2014,26.38
12/26/2014,26.68
12/25/2014,27.52
12/24/2014,28.23
12/23/2014,28.81
12/22/2014,31.37
12/20/2014,31.37
12/19/2014,30.56
12/18/2014,35.50
12/17/2014,33.13
12/16/2014,32.02
12/15/2014,31.06
12/13/2014,31.06
12/12/2014,30.05
12/11/2014,28.57
12/10/2014,28.34
12/9/2014,27.99
12/8/2014,28.04
12/6/2014,28.04
12/5/2014,27.61
12/4/2014,28.25
12/3/2014,25.67
12/2/2014,26.60
12/1/2014,26.04
11/29/2014,26.04
11/28/2014,25.45
11/27/2014,24.87
11/26/2014,23.61
11/25/2014,23.47
11/24/2014,23.85
11/22/2014,23.85
11/21/2014,24.42
11/20/2014,24.60
11/19/2014,24.47
11/18/2014,23.36
11/17/2014,23.98
11/15/2014,23.98
11/14/2014,23.16
11/13/2014,23.20
11/12/2014,23.15
11/11/2014,22.75
11/10/2014,23.52
11/8/2014,23.52
11/7/2014,22.26
11/6/2014,23.01
11/3/2014,22.64
11/1/2014,22.64
10/31/2014,24.00
10/30/2014,23.56
10/29/2014,23.42
10/28/2014,23.18
10/27/2014,22.95
10/25/2014,22.95
10/24/2014,23.16
10/23/2014,22.87
10/22/2014,22.94
10/21/2014,22.82
10/20/2014,23.04
10/18/2014,23.04
10/17/2014,22.28
10/16/2014,23.04
10/15/2014,22.69
10/14/2014,22.38
10/13/2014,22.81
10/11/2014,22.81
10/10/2014,22.30
10/9/2014,22.32
10/8/2014,21.75
10/7/2014,21.81
10/6/2014,21.81
10/4/2014,21.81
10/3/2014,21.67
10/2/2014,21.82
10/1/2014,22.26
9/30/2014,22.21
9/29/2014,21.81
9/27/2014,21.81
9/26/2014,21.87
9/25/2014,22.11
9/24/2014,22.05
9/23/2014,22.88
9/22/2014,22.85
9/20/2014,22.85
9/19/2014,23.01
9/18/2014,23.13
9/17/2014,23.20
9/16/2014,22.76
9/15/2014,22.64
9/13/2014,22.64
9/12/2014,22.84
9/11/2014,22.71
9/10/2014,22.84
9/9/2014,22.81
9/8/2014,22.80
9/6/2014,22.80
9/5/2014,22.60
9/4/2014,23.04
9/3/2014,23.40
9/2/2014,23.35
9/1/2014,23.45
8/30/2014,23.45
8/29/2014,22.55
8/28/2014,22.65
8/27/2014,22.64
8/26/2014,22.63
8/25/2014,22.46
8/23/2014,22.46
8/22/2014,22.68
8/21/2014,22.90
8/20/2014,22.74
8/19/2014,23.01
8/18/2014,22.99
8/16/2014,22.99
8/15/2014,23.06
8/14/2014,23.38
8/13/2014,23.03
8/12/2014,23.33
8/11/2014,23.52
8/9/2014,23.52
8/8/2014,23.05
8/7/2014,23.45
8/6/2014,23.42
8/5/2014,23.32
8/4/2014,23.77
8/2/2014,23.77
8/1/2014,23.41
7/31/2014,23.71
7/30/2014,23.63
7/29/2014,23.25
7/28/2014,23.49
7/26/2014,23.49
7/25/2014,23.60
7/24/2014,23.29
7/23/2014,23.58
7/22/2014,23.62
7/21/2014,23.49
7/19/2014,23.49
7/18/2014,23.16
7/17/2014,23.14
7/16/2014,23.35
7/15/2014,23.63
7/14/2014,23.54
7/12/2014,23.54
7/11/2014,22.99
7/10/2014,23.09
7/9/2014,23.19
7/8/2014,23.47
7/7/2014,23.17
7/5/2014,23.17
7/4/2014,23.13
7/3/2014,23.21
7/2/2014,22.97
7/1/2014,22.89
6/30/2014,22.52
6/28/2014,22.52
6/27/2014,22.55
6/26/2014,23.02
6/25/2014,22.67
6/24/2014,22.73
6/23/2014,22.07
6/21/2014,22.07
6/20/2014,21.76
6/19/2014,21.89
6/18/2014,22.01
6/17/2014,21.76
6/13/2014,20.97
6/12/2014,20.97
6/11/2014,21.12
6/10/2014,21.00
6/9/2014,20.96
6/7/2014,20.96
6/6/2014,21.05
6/5/2014,21.32
6/4/2014,21.17
6/3/2014,21.31
6/2/2014,21.05
5/31/2014,21.05
5/30/2014,21.30
5/29/2014,21.35
5/28/2014,21.39
5/27/2014,21.28
5/26/2014,21.58
5/24/2014,21.58
5/23/2014,21.28
5/22/2014,21.49
5/21/2014,21.75
5/20/2014,21.59
5/19/2014,21.98
5/17/2014,21.98
5/16/2014,22.17
5/15/2014,21.69
5/14/2014,21.82
5/13/2014,21.79
5/9/2014,22.12
5/8/2014,22.41
5/7/2014,21.98
5/6/2014,22.09
5/2/2014,22.20
5/1/2014,22.20
4/30/2014,22.50
4/29/2014,22.77
4/28/2014,22.02
4/26/2014,22.02
4/25/2014,22.33
4/24/2014,22.37
4/23/2014,22.51
4/22/2014,22.50
4/21/2014,22.42
4/19/2014,22.42
4/18/2014,22.64
4/17/2014,22.93
4/16/2014,22.82
4/15/2014,23.25
4/14/2014,23.18
4/12/2014,23.18
4/11/2014,22.74
4/10/2014,23.16
4/9/2014,22.64
4/8/2014,22.73
4/7/2014,22.63
4/5/2014,22.63
4/4/2014,22.63
4/3/2014,22.44
4/2/2014,22.49
4/1/2014,22.56
3/31/2014,22.58
3/29/2014,22.58
3/28/2014,22.91
3/27/2014,22.79
3/26/2014,23.34
3/25/2014,23.89
3/24/2014,23.61
3/22/2014,23.61
3/21/2014,24.09
3/20/2014,24.38
3/19/2014,24.87
3/18/2014,25.17
3/17/2014,25.02
3/15/2014,25.02
3/14/2014,24.58
3/13/2014,24.93
3/12/2014,24.57
3/10/2014,24.61
3/8/2014,24.61
3/7/2014,24.76
3/6/2014,24.54
3/5/2014,25.06
3/4/2014,24.88
3/3/2014,24.87
3/1/2014,24.87
2/28/2014,25.32
2/27/2014,25.00
2/26/2014,25.21
2/25/2014,24.82
2/24/2014,24.77
2/22/2014,24.77
2/21/2014,25.01
2/20/2014,24.45
2/19/2014,24.53
2/18/2014,23.80
2/17/2014,22.98
2/15/2014,22.98
2/14/2014,22.64
2/13/2014,22.54
2/12/2014,22.60
2/11/2014,22.21
2/10/2014,22.41
2/8/2014,22.41
2/7/2014,21.92
2/6/2014,21.74
2/5/2014,21.96
2/4/2014,21.87
2/3/2014,21.95
2/1/2014,21.95
1/31/2014,22.30
1/30/2014,21.91
1/29/2014,22.08
1/28/2014,22.53
1/27/2014,22.15
1/25/2014,22.15
1/24/2014,21.74
1/23/2014,21.81
1/22/2014,22.06
1/21/2014,21.64
1/20/2014,21.50
1/18/2014,21.50
1/17/2014,21.57
1/16/2014,21.74
1/15/2014,21.47
1/14/2014,21.08
1/13/2014,20.86
1/11/2014,20.86
1/10/2014,20.81
1/1/2014,20.63
12/31/2013,20.96
12/30/2013,20.35
12/28/2013,20.35
12/27/2013,20.38
12/26/2013,20.36
12/25/2013,20.32
12/24/2013,20.48
12/23/2013,20.51
12/21/2013,20.51
12/20/2013,21.13
12/19/2013,21.20
12/18/2013,20.60
12/17/2013,20.66
12/16/2013,20.92
12/14/2013,20.92
12/13/2013,21.47
12/12/2013,21.10
12/11/2013,20.55
12/10/2013,20.54
12/9/2013,20.62
12/7/2013,20.62
12/6/2013,20.28
12/5/2013,20.50
12/4/2013,21.11
12/3/2013,21.24
12/2/2013,21.09
11/30/2013,21.09
11/29/2013,21.28
11/28/2013,21.34
11/27/2013,20.90
11/26/2013,21.00
11/25/2013,21.13
11/23/2013,21.13
11/22/2013,21.49
11/21/2013,21.52
11/20/2013,21.64
11/19/2013,21.61
11/18/2013,21.83
11/16/2013,21.83
11/15/2013,21.75
11/14/2013,22.26
11/13/2013,22.57
11/12/2013,22.79
11/11/2013,22.76
11/9/2013,22.76
11/8/2013,22.84
11/7/2013,22.54
11/6/2013,22.73
11/4/2013,22.97
11/2/2013,22.97
11/1/2013,23.45
10/31/2013,23.00
10/30/2013,23.15
10/29/2013,22.86
10/28/2013,23.09
10/26/2013,23.09
10/25/2013,22.93
10/24/2013,22.51
10/23/2013,22.68
10/22/2013,22.43
10/21/2013,22.24
10/19/2013,22.24
10/18/2013,21.99
10/17/2013,21.25
10/16/2013,22.33
10/15/2013,22.32
10/14/2013,22.71
10/12/2013,22.71
10/11/2013,22.99
10/10/2013,23.20
10/9/2013,22.61
10/8/2013,22.48
10/7/2013,22.26
10/5/2013,22.26
10/4/2013,21.83
10/3/2013,22.53
10/2/2013,22.51
10/1/2013,22.57
9/30/2013,22.85
9/28/2013,22.85
9/27/2013,22.43
9/26/2013,22.01
9/25/2013,22.18
9/24/2013,23.33
9/23/2013,23.47
9/21/2013,23.47
9/20/2013,21.81
9/19/2013,22.78
9/18/2013,22.74
9/17/2013,22.55
9/16/2013,23.86
9/14/2013,23.86
9/13/2013,24.07
9/12/2013,24.71
9/11/2013,25.13
9/10/2013,24.70
9/9/2013,25.28
9/7/2013,25.28
9/6/2013,25.45
9/5/2013,26.05
9/4/2013,25.72
9/3/2013,25.27
9/2/2013,25.77
8/31/2013,25.77
8/30/2013,26.39
8/29/2013,25.91
8/28/2013,24.56
8/27/2013,24.43
8/26/2013,24.52
8/24/2013,24.52
8/23/2013,24.48
8/22/2013,24.25
8/21/2013,24.65
8/20/2013,24.17
8/19/2013,23.30
8/17/2013,23.30
8/16/2013,22.81
8/15/2013,22.88
8/14/2013,22.13
8/13/2013,21.48
8/12/2013,20.84
8/10/2013,20.84
8/9/2013,20.41
8/8/2013,20.98
8/7/2013,20.93
8/6/2013,20.57
8/5/2013,20.98
8/3/2013,20.98
8/2/2013,21.14
8/1/2013,20.90
7/31/2013,21.25
7/30/2013,21.15
7/29/2013,20.90
7/27/2013,20.90
7/26/2013,21.34
7/25/2013,20.99
7/24/2013,20.72
7/23/2013,20.18
7/22/2013,20.32
7/20/2013,20.32
7/19/2013,20.66
7/18/2013,20.82
7/17/2013,20.74
7/16/2013,20.62
7/15/2013,20.83
7/13/2013,20.83
7/12/2013,20.29
7/11/2013,20.21
7/10/2013,20.38
7/9/2013,20.70
7/8/2013,20.90
7/6/2013,20.90
7/5/2013,20.84
7/4/2013,20.96
7/3/2013,20.59
7/2/2013,19.92
7/1/2013,19.57
6/29/2013,19.57
6/28/2013,19.73
6/27/2013,20.90
6/26/2013,20.67
6/25/2013,21.02
6/24/2013,21.31
6/22/2013,21.31
6/21/2013,22.73
6/20/2013,22.51
6/19/2013,22.42
6/18/2013,22.09
6/17/2013,22.32
6/15/2013,22.32
6/14/2013,22.65
6/12/2013,22.72
6/11/2013,23.49
6/10/2013,23.45
6/8/2013,23.45
6/7/2013,23.11
6/6/2013,23.15
6/5/2013,22.96
6/4/2013,23.26
6/3/2013,23.19
