Дата,USD/RUB (Банк России)
5/26/2023,79.98
5/25/2023,79.97
5/24/2023,80.17
5/23/2023,79.94
5/22/2023,79.91
5/20/2023,79.91
5/19/2023,80.04
5/18/2023,80.76
5/17/2023,79.98
5/16/2023,79.10
5/15/2023,77.20
5/13/2023,77.20
5/12/2023,75.88
5/11/2023,76.69
5/10/2023,76.82
5/9/2023,76.82
5/8/2023,76.82
5/6/2023,76.82
5/5/2023,78.61
5/4/2023,79.31
5/3/2023,79.96
5/2/2023,80.51
5/1/2023,80.51
4/29/2023,80.51
4/28/2023,81.56
4/27/2023,81.63
4/26/2023,81.55
4/25/2023,81.27
4/24/2023,81.49
4/22/2023,81.49
4/21/2023,81.62
4/20/2023,81.65
4/19/2023,81.60
4/18/2023,81.63
4/17/2023,81.50
4/15/2023,81.50
4/14/2023,81.68
4/13/2023,82.09
4/12/2023,82.18
4/11/2023,81.74
4/10/2023,82.40
4/8/2023,82.40
4/7/2023,80.67
4/6/2023,79.50
4/5/2023,79.36
4/4/2023,77.95
4/3/2023,77.32
4/1/2023,77.32
3/31/2023,77.09
3/30/2023,76.98
3/29/2023,76.59
3/28/2023,76.57
3/27/2023,76.45
3/25/2023,76.45
3/24/2023,76.31
3/23/2023,76.96
3/22/2023,76.84
3/21/2023,77.24
3/20/2023,76.60
3/18/2023,76.60
3/17/2023,76.41
3/16/2023,75.75
3/15/2023,75.19
3/14/2023,75.46
3/13/2023,75.94
3/11/2023,75.94
3/10/2023,75.90
3/8/2023,75.46
3/7/2023,75.47
3/6/2023,75.46
3/4/2023,75.46
3/3/2023,75.47
3/2/2023,75.25
3/1/2023,74.89
2/28/2023,75.43
2/23/2023,74.71
2/22/2023,74.86
2/21/2023,74.04
2/20/2023,74.76
2/18/2023,74.76
2/17/2023,74.76
2/16/2023,74.21
2/15/2023,73.86
2/14/2023,73.63
2/13/2023,72.79
2/11/2023,72.79
2/10/2023,72.89
2/9/2023,71.58
2/8/2023,70.89
2/7/2023,70.60
2/6/2023,70.38
2/4/2023,70.38
2/3/2023,70.04
2/2/2023,70.12
2/1/2023,70.52
1/31/2023,69.59
1/30/2023,69.34
1/28/2023,69.34
1/27/2023,69.13
1/26/2023,68.96
1/25/2023,68.75
1/24/2023,68.63
1/23/2023,68.67
1/21/2023,68.67
1/20/2023,68.85
1/19/2023,68.87
1/18/2023,68.66
1/17/2023,68.29
1/16/2023,67.57
1/14/2023,67.57
1/13/2023,67.78
1/12/2023,69.02
1/11/2023,69.61
1/10/2023,70.30
1/2/2023,70.34
12/31/2022,70.34
12/30/2022,71.98
12/29/2022,71.33
12/28/2022,69.93
12/27/2022,68.45
12/26/2022,68.68
12/24/2022,68.68
12/23/2022,72.13
12/22/2022,70.53
12/21/2022,69.00
12/20/2022,66.35
12/19/2022,64.61
12/17/2022,64.61
12/16/2022,64.30
12/15/2022,63.36
12/14/2022,63.21
12/13/2022,62.77
12/12/2022,62.38
12/10/2022,62.38
12/9/2022,62.57
12/8/2022,62.94
12/7/2022,62.91
12/6/2022,62.18
12/5/2022,61.77
12/3/2022,61.77
12/2/2022,61.15
12/1/2022,60.88
11/30/2022,61.07
11/29/2022,60.75
11/28/2022,60.48
11/26/2022,60.48
11/25/2022,60.39
11/24/2022,60.50
11/23/2022,60.66
11/22/2022,60.74
11/21/2022,60.37
11/19/2022,60.37
11/18/2022,60.39
11/17/2022,60.35
11/16/2022,60.31
11/15/2022,60.40
11/14/2022,60.22
11/12/2022,60.22
11/11/2022,61.24
11/10/2022,61.06
11/9/2022,60.98
11/8/2022,61.24
11/4/2022,62.10
11/3/2022,61.62
11/2/2022,61.43
11/1/2022,61.62
10/31/2022,61.53
10/29/2022,61.53
10/28/2022,61.36
10/27/2022,61.43
10/26/2022,61.33
10/25/2022,61.16
10/24/2022,61.20
10/22/2022,61.20
10/21/2022,61.50
10/20/2022,61.59
10/19/2022,61.70
10/18/2022,61.76
10/17/2022,63.06
10/15/2022,63.06
10/14/2022,63.49
10/13/2022,63.76
10/12/2022,63.68
10/11/2022,62.31
10/10/2022,61.25
10/8/2022,61.25
10/7/2022,60.25
10/6/2022,59.40
10/5/2022,58.79
10/4/2022,57.57
10/3/2022,55.30
10/1/2022,55.30
9/30/2022,57.41
9/29/2022,58.45
9/28/2022,58.18
9/27/2022,58.00
9/26/2022,58.10
9/24/2022,58.10
9/23/2022,59.83
9/22/2022,60.87
9/21/2022,60.02
9/20/2022,60.17
9/19/2022,60.03
9/17/2022,60.03
9/16/2022,59.67
9/15/2022,59.78
9/14/2022,60.07
9/13/2022,60.46
9/12/2022,60.47
9/10/2022,60.47
9/9/2022,60.80
9/8/2022,61.18
9/7/2022,60.85
9/6/2022,60.90
9/5/2022,60.37
9/3/2022,60.37
9/2/2022,60.24
9/1/2022,60.24
8/31/2022,60.37
8/30/2022,60.36
8/29/2022,60.09
8/27/2022,60.09
8/26/2022,59.77
8/25/2022,60.00
8/24/2022,59.90
8/23/2022,59.74
8/22/2022,59.13
8/20/2022,59.13
8/19/2022,59.96
8/18/2022,60.76
8/17/2022,61.42
8/16/2022,61.37
8/15/2022,60.90
8/13/2022,60.90
8/12/2022,60.62
8/11/2022,60.45
8/10/2022,60.38
8/9/2022,60.32
8/8/2022,60.37
8/6/2022,60.37
8/5/2022,60.26
8/4/2022,60.24
8/3/2022,60.16
8/2/2022,62.05
8/1/2022,61.31
7/30/2022,61.31
7/29/2022,60.20
7/28/2022,60.22
7/27/2022,58.66
7/26/2022,57.78
7/25/2022,57.39
7/23/2022,57.39
7/22/2022,56.48
7/21/2022,54.85
7/20/2022,55.44
7/19/2022,56.56
7/18/2022,57.83
7/16/2022,57.83
7/15/2022,58.26
7/14/2022,58.53
7/13/2022,58.85
7/12/2022,61.30
7/11/2022,61.27
7/9/2022,61.27
7/8/2022,63.14
7/7/2022,62.91
7/6/2022,58.51
7/5/2022,55.09
7/4/2022,53.77
7/2/2022,53.77
7/1/2022,52.51
6/30/2022,51.16
6/29/2022,52.97
6/28/2022,53.36
6/27/2022,53.32
6/25/2022,53.32
6/24/2022,53.36
6/23/2022,53.28
6/22/2022,54.71
6/21/2022,56.17
6/20/2022,56.71
6/18/2022,56.71
6/17/2022,56.87
6/16/2022,56.66
6/15/2022,57.09
6/13/2022,57.78
6/11/2022,57.78
6/10/2022,58.39
6/9/2022,60.23
6/8/2022,60.96
6/7/2022,61.11
6/6/2022,61.97
6/4/2022,61.97
6/3/2022,61.58
6/2/2022,61.47
6/1/2022,61.61
5/31/2022,63.10
5/30/2022,66.40
5/28/2022,66.40
5/27/2022,62.05
5/26/2022,56.30
5/25/2022,56.97
5/24/2022,58.21
5/23/2022,58.89
5/21/2022,58.89
5/20/2022,62.40
5/19/2022,63.56
5/18/2022,63.54
5/17/2022,63.44
5/16/2022,63.78
5/14/2022,63.78
5/13/2022,65.79
5/12/2022,68.84
5/9/2022,67.38
5/7/2022,67.38
5/6/2022,66.24
5/5/2022,69.42
5/2/2022,71.02
4/30/2022,71.02
4/29/2022,72.30
4/28/2022,72.88
4/27/2022,72.71
4/26/2022,73.36
4/25/2022,73.51
4/23/2022,73.51
4/22/2022,75.00
4/21/2022,77.08
4/20/2022,79.03
4/19/2022,79.45
4/18/2022,80.04
4/16/2022,80.04
4/15/2022,81.29
4/14/2022,79.85
4/13/2022,79.63
4/12/2022,79.16
4/11/2022,74.85
4/9/2022,74.85
4/8/2022,76.25
4/7/2022,82.60
4/6/2022,83.35
4/5/2022,83.59
4/4/2022,83.43
4/2/2022,83.43
4/1/2022,83.41
3/31/2022,84.09
3/30/2022,86.28
3/29/2022,93.71
3/28/2022,95.66
3/26/2022,95.66
3/25/2022,96.05
3/24/2022,103.16
3/23/2022,104.07
3/22/2022,104.68
3/21/2022,103.95
3/19/2022,103.95
3/18/2022,104.80
3/17/2022,108.05
3/16/2022,111.48
3/15/2022,115.20
3/14/2022,116.75
3/12/2022,116.75
3/11/2022,120.38
3/10/2022,116.08
3/6/2022,105.81
3/5/2022,105.81
3/4/2022,111.76
3/3/2022,103.25
3/2/2022,91.75
3/1/2022,93.56
2/28/2022,83.55
2/26/2022,83.55
2/25/2022,86.93
2/23/2022,80.42
2/22/2022,76.77
2/21/2022,75.76
2/19/2022,75.76
2/18/2022,75.75
2/16/2022,76.17
2/15/2022,76.58
2/14/2022,74.99
2/12/2022,74.99
2/11/2022,74.72
2/10/2022,74.80
2/9/2022,75.30
2/8/2022,75.68
2/7/2022,76.05
2/5/2022,76.05
2/4/2022,76.65
2/3/2022,76.48
2/2/2022,77.13
2/1/2022,77.47
1/31/2022,77.82
1/29/2022,77.82
1/28/2022,78.95
1/27/2022,78.94
1/26/2022,78.64
1/25/2022,77.36
1/24/2022,76.69
1/22/2022,76.69
1/21/2022,76.44
1/20/2022,76.87
1/19/2022,76.33
1/18/2022,76.04
1/17/2022,75.77
1/15/2022,75.77
1/14/2022,74.57
1/13/2022,74.53
1/12/2022,74.84
1/11/2022,75.13
12/31/2021,74.29
12/30/2021,73.65
12/29/2021,73.50
12/28/2021,73.23
12/27/2021,73.19
12/25/2021,73.19
12/24/2021,73.36
12/23/2021,73.79
12/22/2021,73.82
12/21/2021,74.29
12/20/2021,73.73
12/18/2021,73.73
12/17/2021,73.57
12/16/2021,73.85
12/15/2021,73.47
12/14/2021,73.41
12/13/2021,73.61
12/11/2021,73.61
12/10/2021,73.60
12/9/2021,73.85
12/8/2021,74.14
12/7/2021,73.67
12/6/2021,73.74
12/4/2021,73.74
12/3/2021,74.06
12/2/2021,73.97
12/1/2021,74.89
11/30/2021,74.98
11/29/2021,75.59
11/27/2021,75.59
11/26/2021,74.60
11/25/2021,74.37
11/24/2021,74.83
11/23/2021,73.45
11/22/2021,72.76
11/20/2021,72.76
11/19/2021,72.60
11/18/2021,72.82
11/17/2021,72.56
11/16/2021,72.27
11/15/2021,71.81
11/13/2021,71.81
11/12/2021,71.20
11/11/2021,70.70
11/10/2021,71.29
11/9/2021,71.40
11/4/2021,71.49
11/3/2021,71.48
11/2/2021,71.09
11/1/2021,70.52
10/30/2021,70.52
10/29/2021,70.52
10/28/2021,69.81
10/27/2021,69.55
10/26/2021,70.13
10/25/2021,70.86
10/23/2021,70.86
10/22/2021,70.99
10/21/2021,71.06
10/20/2021,70.97
10/19/2021,71.17
10/18/2021,71.24
10/16/2021,71.24
10/15/2021,71.78
10/14/2021,71.86
10/13/2021,71.88
10/12/2021,71.64
10/11/2021,71.99
10/9/2021,71.99
10/8/2021,72.29
10/7/2021,72.57
10/6/2021,72.57
10/5/2021,72.92
10/4/2021,72.92
10/2/2021,72.92
10/1/2021,72.66
9/30/2021,72.76
9/29/2021,72.51
9/28/2021,72.66
9/27/2021,73.01
9/25/2021,73.01
9/24/2021,72.72
9/23/2021,72.88
9/22/2021,73.21
9/21/2021,73.33
9/20/2021,72.56
9/18/2021,72.56
9/17/2021,72.43
9/16/2021,72.85
9/15/2021,72.72
9/14/2021,73.08
9/13/2021,72.76
9/11/2021,72.76
9/10/2021,73.13
9/9/2021,73.44
9/8/2021,73.19
9/7/2021,72.95
9/6/2021,72.85
9/4/2021,72.85
9/3/2021,72.85
9/2/2021,73.19
9/1/2021,73.28
8/31/2021,73.57
8/30/2021,73.99
8/28/2021,73.99
8/27/2021,73.99
8/26/2021,73.74
8/25/2021,73.95
8/24/2021,74.07
8/23/2021,74.36
8/21/2021,74.36
8/20/2021,74.15
8/19/2021,73.46
8/18/2021,73.48
8/17/2021,73.39
8/16/2021,73.47
8/14/2021,73.47
8/13/2021,73.57
8/12/2021,73.97
8/11/2021,73.60
8/10/2021,73.51
8/9/2021,73.13
8/7/2021,73.13
8/6/2021,73.17
8/5/2021,72.79
8/4/2021,72.87
8/3/2021,73.02
8/2/2021,73.14
7/31/2021,73.14
7/30/2021,73.19
7/29/2021,73.61
7/28/2021,73.85
7/27/2021,74.10
7/26/2021,73.77
7/24/2021,73.77
7/23/2021,73.69
7/22/2021,74.49
7/21/2021,74.49
7/20/2021,74.35
7/19/2021,74.17
7/17/2021,74.17
7/16/2021,74.22
7/15/2021,74.12
7/14/2021,74.06
7/13/2021,74.63
7/12/2021,74.47
7/10/2021,74.47
7/9/2021,75.20
7/8/2021,74.06
7/7/2021,73.27
7/6/2021,73.35
7/5/2021,73.62
7/3/2021,73.62
7/2/2021,72.91
7/1/2021,72.72
6/30/2021,72.37
6/29/2021,72.18
6/28/2021,72.17
6/26/2021,72.17
6/25/2021,72.33
6/24/2021,72.67
6/23/2021,73.17
6/22/2021,73.20
6/21/2021,72.22
6/19/2021,72.22
6/18/2021,72.50
6/17/2021,72.03
6/16/2021,71.83
6/14/2021,71.68
6/12/2021,71.68
6/11/2021,72.20
6/10/2021,72.08
6/9/2021,72.83
6/8/2021,72.93
6/7/2021,73.27
6/5/2021,73.27
6/4/2021,73.26
6/3/2021,73.50
6/2/2021,73.24
6/1/2021,73.30
5/31/2021,73.59
5/29/2021,73.59
5/28/2021,73.46
5/27/2021,73.47
5/26/2021,73.40
5/25/2021,73.53
5/24/2021,73.58
5/22/2021,73.58
5/21/2021,73.60
5/20/2021,73.68
5/19/2021,73.70
5/18/2021,73.85
5/17/2021,74.00
5/15/2021,74.00
5/14/2021,74.36
5/13/2021,74.04
5/12/2021,74.16
5/10/2021,74.14
5/8/2021,74.14
5/7/2021,74.58
5/6/2021,74.86
5/5/2021,75.26
5/3/2021,74.85
5/1/2021,74.85
4/30/2021,74.38
4/29/2021,74.94
4/28/2021,74.96
4/27/2021,74.77
4/26/2021,75.09
4/24/2021,75.09
4/23/2021,76.42
4/22/2021,76.82
4/21/2021,76.02
4/20/2021,76.25
4/19/2021,75.55
4/17/2021,75.55
4/16/2021,76.98
4/15/2021,75.68
4/14/2021,77.25
4/13/2021,77.51
4/12/2021,77.17
4/10/2021,77.17
4/9/2021,77.10
4/8/2021,77.77
4/7/2021,76.38
4/6/2021,76.61
4/5/2021,76.07
4/3/2021,76.07
4/2/2021,75.81
4/1/2021,75.64
3/31/2021,75.70
3/30/2021,75.83
3/29/2021,75.76
3/27/2021,75.76
3/26/2021,76.17
3/25/2021,76.15
3/24/2021,75.36
3/23/2021,74.61
3/22/2021,74.14
3/20/2021,74.14
3/19/2021,73.66
3/18/2021,73.10
3/17/2021,72.96
3/16/2021,73.23
3/15/2021,73.51
3/13/2021,73.51
3/12/2021,73.50
3/11/2021,74.04
3/10/2021,74.26
3/8/2021,74.43
3/6/2021,74.43
3/5/2021,73.79
3/4/2021,73.52
3/3/2021,74.58
3/2/2021,74.04
3/1/2021,74.44
2/27/2021,74.44
2/26/2021,73.47
2/25/2021,73.75
2/21/2021,73.98
2/20/2021,73.97
2/19/2021,73.78
2/18/2021,73.77
2/17/2021,73.29
2/16/2021,73.31
2/15/2021,73.94
2/13/2021,73.94
2/12/2021,73.76
2/11/2021,73.85
2/10/2021,74.12
2/9/2021,74.26
2/8/2021,75.11
2/6/2021,75.11
2/5/2021,75.73
2/4/2021,76.08
2/3/2021,75.91
2/2/2021,75.51
2/1/2021,76.25
1/30/2021,76.25
1/29/2021,76.19
1/28/2021,75.04
1/27/2021,75.64
1/26/2021,74.86
1/25/2021,74.36
1/23/2021,74.36
1/22/2021,73.37
1/21/2021,73.36
1/20/2021,73.72
1/19/2021,73.97
1/18/2021,73.55
1/16/2021,73.55
1/15/2021,73.80
1/14/2021,73.53
1/13/2021,74.27
1/12/2021,74.52
1/1/2021,73.88
12/31/2020,73.88
12/30/2020,73.66
12/29/2020,73.72
12/28/2020,73.69
12/26/2020,73.69
12/25/2020,74.84
12/24/2020,75.46
12/23/2020,75.35
12/22/2020,74.67
12/21/2020,73.32
12/19/2020,73.32
12/18/2020,72.98
12/17/2020,73.42
12/16/2020,73.45
12/15/2020,72.93
12/14/2020,73.12
12/12/2020,73.12
12/11/2020,73.71
12/10/2020,73.31
12/9/2020,73.66
12/8/2020,74.25
12/7/2020,74.25
12/5/2020,74.25
12/4/2020,75.20
12/3/2020,75.62
12/2/2020,76.32
12/1/2020,76.20
11/30/2020,75.86
11/28/2020,75.86
11/27/2020,75.45
11/26/2020,75.47
11/25/2020,75.81
11/24/2020,75.76
11/23/2020,76.01
11/21/2020,76.01
11/20/2020,76.26
11/19/2020,75.93
11/18/2020,76.25
11/17/2020,76.92
11/16/2020,77.33
11/14/2020,77.33
11/13/2020,77.11
11/12/2020,76.21
11/11/2020,76.40
11/10/2020,76.95
11/9/2020,77.19
11/7/2020,77.19
11/6/2020,78.46
11/4/2020,80.00
11/3/2020,80.57
11/2/2020,79.33
10/31/2020,79.33
10/30/2020,78.87
10/29/2020,77.55
10/28/2020,76.46
10/27/2020,76.44
10/26/2020,76.47
10/24/2020,76.47
10/23/2020,77.08
10/22/2020,77.03
10/21/2020,77.78
10/20/2020,77.92
10/19/2020,77.96
10/17/2020,77.96
10/16/2020,77.95
10/15/2020,77.28
10/14/2020,77.29
10/13/2020,77.02
10/12/2020,77.03
10/10/2020,77.03
10/9/2020,77.92
10/8/2020,78.09
10/7/2020,78.51
10/6/2020,78.13
10/5/2020,78.09
10/3/2020,78.09
10/2/2020,77.28
10/1/2020,78.78
9/30/2020,79.68
9/29/2020,78.67
9/28/2020,76.82
9/26/2020,76.82
9/25/2020,77.18
9/24/2020,76.35
9/23/2020,76.27
9/22/2020,76.04
9/21/2020,75.03
9/19/2020,75.03
9/18/2020,75.19
9/17/2020,74.93
9/16/2020,75.19
9/15/2020,74.71
9/14/2020,74.89
9/12/2020,74.89
9/11/2020,75.53
9/10/2020,76.07
9/9/2020,75.96
9/8/2020,75.59
9/7/2020,75.18
9/5/2020,75.18
9/4/2020,75.47
9/3/2020,73.86
9/2/2020,73.58
9/1/2020,73.80
8/31/2020,74.64
8/29/2020,74.64
8/28/2020,75.24
8/27/2020,75.54
8/26/2020,74.51
8/25/2020,74.42
8/24/2020,74.10
8/22/2020,74.10
8/21/2020,73.77
8/20/2020,73.24
8/19/2020,73.43
8/18/2020,72.97
8/17/2020,73.22
8/15/2020,73.22
8/14/2020,73.61
8/13/2020,73.24
8/12/2020,73.15
8/11/2020,73.78
8/10/2020,73.64
8/8/2020,73.64
8/7/2020,73.04
8/6/2020,73.28
8/5/2020,73.38
8/4/2020,74.16
8/3/2020,73.43
8/1/2020,73.43
7/31/2020,73.36
7/30/2020,72.23
7/29/2020,71.92
7/28/2020,71.59
7/27/2020,71.60
7/25/2020,71.60
7/24/2020,70.96
7/23/2020,70.79
7/22/2020,70.97
7/21/2020,71.96
7/20/2020,71.71
7/18/2020,71.71
7/17/2020,71.23
7/16/2020,70.80
7/15/2020,71.13
7/14/2020,70.75
7/13/2020,71.23
7/11/2020,71.23
7/10/2020,70.88
7/9/2020,71.24
7/8/2020,72.17
7/7/2020,71.34
7/6/2020,70.50
7/4/2020,70.50
7/3/2020,70.52
7/2/2020,70.44
7/1/2020,70.44
6/30/2020,69.95
6/29/2020,69.13
6/27/2020,69.13
6/26/2020,69.47
6/25/2020,68.84
6/24/2020,68.84
6/23/2020,69.48
6/22/2020,69.57
6/20/2020,69.57
6/19/2020,69.62
6/18/2020,69.48
6/17/2020,69.75
6/16/2020,70.40
6/12/2020,69.12
6/11/2020,68.62
6/10/2020,68.67
6/9/2020,68.31
6/8/2020,68.63
6/6/2020,68.63
6/5/2020,69.02
6/4/2020,68.34
6/3/2020,68.98
6/2/2020,69.71
6/1/2020,70.75
5/30/2020,70.75
5/29/2020,71.10
5/28/2020,71.06
5/27/2020,71.14
5/26/2020,71.60
5/25/2020,71.88
5/23/2020,71.88
5/22/2020,70.92
5/21/2020,72.34
5/20/2020,72.39
5/19/2020,72.98
5/18/2020,73.21
5/16/2020,73.21
5/15/2020,73.93
5/14/2020,73.58
5/13/2020,73.43
5/11/2020,73.87
5/9/2020,73.87
5/8/2020,74.12
5/7/2020,73.97
5/1/2020,72.73
4/30/2020,73.69
4/29/2020,74.57
4/28/2020,74.50
4/27/2020,74.72
4/25/2020,74.72
4/24/2020,75.13
4/23/2020,77.04
4/22/2020,76.26
4/21/2020,74.67
4/20/2020,73.94
4/18/2020,73.94
4/17/2020,74.71
4/16/2020,73.71
4/15/2020,73.32
4/14/2020,73.52
4/13/2020,73.75
4/11/2020,73.75
4/10/2020,74.61
4/9/2020,75.75
4/8/2020,75.46
4/7/2020,76.41
3/30/2020,77.73
3/28/2020,77.73
3/27/2020,78.72
3/26/2020,77.79
3/25/2020,78.85
3/24/2020,80.88
3/23/2020,78.04
3/21/2020,78.04
3/20/2020,80.16
3/19/2020,77.21
3/18/2020,73.89
3/17/2020,74.13
3/16/2020,73.19
3/14/2020,73.19
3/13/2020,74.03
3/12/2020,71.47
3/11/2020,72.02
3/9/2020,67.52
3/7/2020,67.52
3/6/2020,66.19
3/5/2020,66.08
3/4/2020,66.44
3/3/2020,66.33
3/2/2020,66.99
2/29/2020,66.99
2/28/2020,65.61
2/27/2020,65.52
2/26/2020,64.92
2/24/2020,64.30
2/22/2020,64.30
2/21/2020,63.74
2/20/2020,63.69
2/19/2020,63.77
2/18/2020,63.31
2/17/2020,63.45
2/15/2020,63.45
2/14/2020,63.60
2/13/2020,63.05
2/12/2020,63.95
2/11/2020,63.77
2/10/2020,63.47
2/8/2020,63.47
2/7/2020,62.80
2/6/2020,63.17
2/5/2020,63.43
2/4/2020,63.91
2/3/2020,63.14
2/1/2020,63.14
1/31/2020,63.04
1/30/2020,62.39
1/29/2020,62.83
1/28/2020,62.34
1/27/2020,61.80
1/25/2020,61.80
1/24/2020,61.95
1/23/2020,61.83
1/22/2020,61.86
1/21/2020,61.47
1/20/2020,61.53
1/18/2020,61.53
1/17/2020,61.57
1/16/2020,61.43
1/15/2020,61.41
1/14/2020,60.95
1/13/2020,61.26
1/11/2020,61.26
1/10/2020,61.23
1/1/2020,61.91
12/31/2019,61.91
12/30/2019,62.03
12/28/2019,62.03
12/27/2019,61.77
12/26/2019,61.72
12/25/2019,62.17
12/24/2019,62.25
12/23/2019,62.41
12/21/2019,62.41
12/20/2019,62.53
12/19/2019,62.58
12/18/2019,62.53
12/17/2019,62.77
12/16/2019,62.55
12/14/2019,62.55
12/13/2019,63.23
12/12/2019,63.57
12/11/2019,63.58
12/10/2019,63.72
12/9/2019,63.72
12/7/2019,63.72
12/6/2019,63.81
12/5/2019,64.19
12/4/2019,64.14
12/3/2019,64.41
12/2/2019,64.08
11/30/2019,64.08
11/29/2019,64.10
11/28/2019,63.97
11/27/2019,64.02
11/26/2019,63.76
11/25/2019,63.71
11/23/2019,63.71
11/22/2019,63.84
11/21/2019,64.02
11/20/2019,63.77
11/19/2019,63.75
11/18/2019,63.89
11/16/2019,63.89
11/15/2019,64.21
11/14/2019,64.20
11/13/2019,63.85
11/12/2019,63.91
11/11/2019,63.73
11/9/2019,63.73
11/8/2019,63.73
11/7/2019,63.59
11/6/2019,63.25
11/4/2019,64.03
11/2/2019,64.03
11/1/2019,63.77
10/31/2019,63.87
10/30/2019,63.83
10/29/2019,63.87
10/28/2019,64.00
10/26/2019,64.00
10/25/2019,63.86
10/24/2019,63.80
10/23/2019,63.63
10/22/2019,63.76
10/21/2019,63.95
10/19/2019,63.95
10/18/2019,64.01
10/17/2019,64.35
10/16/2019,64.25
10/15/2019,64.37
10/14/2019,64.22
10/12/2019,64.22
10/11/2019,64.74
10/10/2019,65.10
10/9/2019,64.87
10/8/2019,64.83
10/7/2019,65.03
10/5/2019,65.03
10/4/2019,65.13
10/3/2019,65.44
10/2/2019,65.07
10/1/2019,64.64
9/30/2019,64.42
9/28/2019,64.42
9/27/2019,64.29
9/26/2019,64.19
9/25/2019,63.71
9/24/2019,63.95
9/23/2019,63.85
9/21/2019,63.85
9/20/2019,64.22
9/19/2019,64.43
9/18/2019,64.12
9/17/2019,63.83
9/16/2019,64.47
9/14/2019,64.47
9/13/2019,65.19
9/12/2019,65.43
9/11/2019,65.44
9/10/2019,65.57
9/9/2019,66.00
9/7/2019,66.00
9/6/2019,66.05
9/5/2019,66.50
9/4/2019,66.91
9/3/2019,66.62
9/2/2019,66.49
8/31/2019,66.49
8/30/2019,66.75
8/29/2019,66.41
8/28/2019,66.26
8/27/2019,65.97
8/26/2019,65.60
8/24/2019,65.60
8/23/2019,65.62
8/22/2019,66.26
8/21/2019,66.78
8/20/2019,66.61
8/19/2019,66.00
8/17/2019,66.00
8/16/2019,65.89
8/15/2019,65.20
8/14/2019,65.60
8/13/2019,65.43
8/12/2019,65.25
8/10/2019,65.25
8/9/2019,65.13
8/8/2019,65.09
8/7/2019,65.20
8/6/2019,65.05
8/5/2019,64.64
8/3/2019,64.64
8/2/2019,63.83
8/1/2019,63.42
7/31/2019,63.38
7/30/2019,63.52
7/29/2019,63.13
7/27/2019,63.13
7/26/2019,63.16
7/25/2019,63.12
7/24/2019,63.13
7/23/2019,62.98
7/22/2019,62.87
7/20/2019,62.87
7/19/2019,62.83
7/18/2019,62.95
7/17/2019,62.81
7/16/2019,62.83
7/15/2019,63.02
7/13/2019,63.02
7/12/2019,62.99
7/11/2019,63.80
7/10/2019,63.77
7/9/2019,63.87
7/8/2019,63.58
7/6/2019,63.58
7/5/2019,63.40
7/4/2019,63.50
7/3/2019,63.23
7/2/2019,63.05
7/1/2019,63.08
6/29/2019,63.08
6/28/2019,63.05
6/27/2019,62.81
6/26/2019,62.52
6/25/2019,62.91
6/24/2019,63.13
6/22/2019,63.13
6/21/2019,63.39
6/20/2019,63.98
6/19/2019,64.34
6/18/2019,64.32
6/17/2019,64.43
6/15/2019,64.43
6/14/2019,64.63
6/12/2019,64.52
6/11/2019,64.79
6/10/2019,65.04
6/8/2019,65.04
6/7/2019,65.23
6/6/2019,65.12
6/5/2019,65.16
6/4/2019,65.55
6/3/2019,65.38
6/1/2019,65.38
5/31/2019,65.06
5/30/2019,64.91
5/29/2019,64.54
5/28/2019,64.46
5/27/2019,64.61
5/25/2019,64.61
5/24/2019,64.49
5/23/2019,64.42
5/22/2019,64.54
5/21/2019,64.49
5/20/2019,64.63
5/18/2019,64.63
5/17/2019,64.56
5/16/2019,64.85
5/15/2019,65.30
5/14/2019,65.47
5/9/2019,65.23
5/8/2019,65.22
5/7/2019,65.34
5/1/2019,64.63
4/30/2019,64.69
4/29/2019,64.71
4/27/2019,64.71
4/26/2019,64.68
4/25/2019,63.98
4/24/2019,63.79
4/23/2019,63.79
4/22/2019,63.96
4/20/2019,63.96
4/19/2019,64.07
4/18/2019,63.95
4/17/2019,64.24
4/16/2019,64.25
4/15/2019,64.52
4/13/2019,64.52
4/12/2019,64.40
4/11/2019,64.74
4/10/2019,64.78
4/9/2019,65.35
4/8/2019,65.41
4/6/2019,65.41
4/5/2019,65.33
4/4/2019,65.16
4/3/2019,65.47
4/2/2019,65.42
4/1/2019,64.73
3/30/2019,64.73
3/29/2019,64.80
3/28/2019,64.59
3/27/2019,64.17
3/26/2019,64.50
3/25/2019,63.77
3/23/2019,63.77
3/22/2019,63.74
3/21/2019,64.28
3/20/2019,64.32
3/19/2019,64.67
3/18/2019,65.42
3/16/2019,65.42
3/15/2019,65.40
3/14/2019,65.59
3/13/2019,65.77
3/12/2019,66.08
3/8/2019,65.96
3/7/2019,65.84
3/6/2019,65.80
3/5/2019,65.80
3/4/2019,65.81
3/2/2019,65.81
3/1/2019,65.89
2/28/2019,65.76
2/27/2019,65.62
2/26/2019,65.26
2/25/2019,65.51
2/23/2019,65.51
2/22/2019,65.54
2/21/2019,65.86
2/20/2019,66.20
2/19/2019,66.25
2/18/2019,66.70
2/16/2019,66.70
2/15/2019,66.54
2/14/2019,65.68
2/13/2019,65.71
2/12/2019,65.65
2/11/2019,66.06
2/9/2019,66.06
2/8/2019,66.02
2/7/2019,65.67
2/6/2019,65.57
2/5/2019,65.59
2/4/2019,65.66
2/2/2019,65.66
2/1/2019,65.36
1/31/2019,66.10
1/30/2019,66.34
1/29/2019,65.93
1/28/2019,65.92
1/26/2019,65.92
1/25/2019,66.00
1/24/2019,66.33
1/23/2019,66.55
1/22/2019,66.36
1/21/2019,66.33
1/19/2019,66.33
1/18/2019,66.44
1/17/2019,66.76
1/16/2019,67.08
1/15/2019,67.19
1/14/2019,66.92
1/12/2019,66.92
1/11/2019,66.86
1/10/2019,67.08
12/30/2018,69.47
12/29/2018,69.52
12/28/2018,68.88
12/27/2018,68.89
12/26/2018,68.74
12/25/2018,68.41
12/24/2018,68.01
12/22/2018,68.01
12/21/2018,67.37
12/20/2018,67.11
12/19/2018,66.75
12/18/2018,66.62
12/17/2018,66.43
12/15/2018,66.43
12/14/2018,66.26
12/13/2018,66.42
12/12/2018,66.50
12/11/2018,66.24
12/10/2018,66.92
12/8/2018,66.92
12/7/2018,66.74
12/6/2018,66.82
12/5/2018,66.45
12/4/2018,66.29
12/3/2018,66.53
12/1/2018,66.53
11/30/2018,66.63
11/29/2018,66.94
11/28/2018,66.78
11/27/2018,66.51
11/26/2018,65.67
11/24/2018,65.67
11/23/2018,65.61
11/22/2018,65.95
11/21/2018,65.59
11/20/2018,66.01
11/19/2018,65.99
11/17/2018,65.99
11/16/2018,66.62
11/15/2018,68.00
11/14/2018,67.68
11/13/2018,67.52
11/12/2018,66.85
11/10/2018,66.85
11/9/2018,66.22
11/8/2018,66.09
11/7/2018,65.99
11/5/2018,65.58
11/3/2018,65.58
11/2/2018,65.65
11/1/2018,65.60
10/31/2018,65.77
10/30/2018,65.81
10/29/2018,65.63
10/27/2018,65.63
10/26/2018,65.75
10/25/2018,65.63
10/24/2018,65.31
10/23/2018,65.31
10/22/2018,65.81
10/20/2018,65.81
10/19/2018,65.72
10/18/2018,65.40
10/17/2018,65.53
10/16/2018,65.75
10/15/2018,65.98
10/13/2018,65.98
10/12/2018,66.77
10/11/2018,66.18
10/10/2018,66.40
10/9/2018,66.97
10/8/2018,66.63
10/6/2018,66.63
10/5/2018,66.21
10/4/2018,65.42
10/3/2018,65.22
10/2/2018,65.57
10/1/2018,65.59
9/29/2018,65.59
9/28/2018,65.84
9/27/2018,65.76
9/26/2018,65.82
9/25/2018,66.16
9/24/2018,66.25
9/22/2018,66.25
9/21/2018,66.47
9/20/2018,67.01
9/19/2018,67.75
9/18/2018,68.20
9/17/2018,68.28
9/15/2018,68.28
9/14/2018,68.64
9/13/2018,69.57
9/12/2018,69.97
9/11/2018,69.87
9/10/2018,69.03
9/8/2018,69.03
9/7/2018,68.25
9/6/2018,68.46
9/5/2018,68.27
9/4/2018,67.74
9/3/2018,68.04
9/1/2018,68.04
8/31/2018,68.08
8/30/2018,68.15
8/29/2018,67.39
8/28/2018,67.40
8/27/2018,67.79
8/25/2018,67.79
8/24/2018,68.53
8/23/2018,67.62
8/22/2018,67.18
8/21/2018,67.18
8/20/2018,66.88
8/18/2018,66.88
8/17/2018,66.89
8/16/2018,66.38
8/15/2018,66.75
8/14/2018,68.22
8/13/2018,66.91
8/11/2018,66.91
8/10/2018,66.29
8/9/2018,63.60
8/8/2018,63.54
8/7/2018,63.50
8/6/2018,63.45
8/4/2018,63.45
8/3/2018,63.14
8/2/2018,62.56
8/1/2018,62.35
7/31/2018,62.78
7/30/2018,62.97
7/28/2018,62.97
7/27/2018,62.95
7/26/2018,63.08
7/25/2018,62.92
7/24/2018,63.20
7/23/2018,63.49
7/21/2018,63.49
7/20/2018,63.27
7/19/2018,62.90
7/18/2018,62.44
7/17/2018,62.26
7/16/2018,62.29
7/14/2018,62.29
7/13/2018,62.21
7/12/2018,62.10
7/11/2018,62.44
7/10/2018,62.83
7/9/2018,63.12
7/7/2018,63.12
7/6/2018,63.26
7/5/2018,63.23
7/4/2018,63.22
7/3/2018,63.14
7/2/2018,62.76
6/30/2018,62.76
6/29/2018,63.29
6/28/2018,63.14
6/27/2018,62.79
6/26/2018,62.95
6/25/2018,63.24
6/23/2018,63.24
6/22/2018,63.79
6/21/2018,63.62
6/20/2018,64.07
6/19/2018,63.48
6/18/2018,62.69
6/16/2018,62.69
6/15/2018,62.25
6/14/2018,63.12
6/10/2018,62.34
6/9/2018,62.67
6/8/2018,61.81
6/7/2018,62.01
6/6/2018,61.98
6/5/2018,61.93
6/4/2018,62.21
6/2/2018,62.21
6/1/2018,62.02
5/31/2018,62.59
5/30/2018,62.64
5/29/2018,62.27
5/28/2018,61.67
5/26/2018,61.67
5/25/2018,61.41
5/24/2018,61.59
5/23/2018,61.26
5/22/2018,62.53
5/21/2018,61.94
5/19/2018,61.94
5/18/2018,61.82
5/17/2018,62.30
5/16/2018,61.92
5/15/2018,61.77
5/14/2018,61.74
5/12/2018,61.74
5/11/2018,62.52
5/9/2018,63.01
5/8/2018,62.71
5/7/2018,63.20
5/5/2018,63.20
5/4/2018,63.49
4/29/2018,62.00
4/28/2018,62.73
4/27/2018,62.60
4/26/2018,61.75
4/25/2018,61.66
4/24/2018,61.77
4/23/2018,61.32
4/21/2018,61.32
4/20/2018,60.86
4/19/2018,61.55
4/18/2018,61.15
4/17/2018,62.28
4/16/2018,61.43
4/14/2018,61.43
4/13/2018,62.07
4/12/2018,64.06
4/11/2018,62.37
4/10/2018,58.57
4/9/2018,57.83
4/7/2018,57.83
4/6/2018,57.58
4/5/2018,57.76
4/4/2018,57.54
4/3/2018,57.29
4/2/2018,57.26
3/31/2018,57.26
3/30/2018,57.76
3/29/2018,57.56
3/28/2018,57.17
3/27/2018,57.00
3/26/2018,57.11
3/24/2018,57.11
3/23/2018,56.84
3/22/2018,57.50
3/21/2018,57.70
3/20/2018,57.55
3/19/2018,57.49
3/17/2018,57.49
3/16/2018,57.02
3/15/2018,56.94
3/14/2018,56.94
3/13/2018,56.61
3/8/2018,56.80
3/7/2018,56.50
3/6/2018,57.10
3/5/2018,56.66
3/3/2018,56.66
3/2/2018,56.43
3/1/2018,56.37
2/28/2018,55.67
2/27/2018,55.92
2/23/2018,56.76
2/22/2018,56.65
2/21/2018,56.52
2/20/2018,56.34
2/19/2018,56.36
2/17/2018,56.36
2/16/2018,56.59
2/15/2018,57.59
2/14/2018,57.77
2/13/2018,58.02
2/12/2018,58.17
2/10/2018,58.17
2/9/2018,57.67
2/8/2018,56.95
2/7/2018,57.22
2/6/2018,56.63
2/5/2018,56.04
2/3/2018,56.04
2/2/2018,56.26
2/1/2018,56.18
1/31/2018,56.29
1/30/2018,56.29
1/29/2018,55.83
1/27/2018,55.83
1/26/2018,55.93
1/25/2018,56.39
1/24/2018,56.41
1/23/2018,56.63
1/22/2018,56.59
1/20/2018,56.59
1/19/2018,56.76
1/18/2018,56.59
1/17/2018,56.39
1/16/2018,56.36
1/15/2018,56.60
1/13/2018,56.60
1/12/2018,57.00
1/11/2018,56.87
1/10/2018,57.05
1/1/2018,57.60
12/30/2017,57.60
12/29/2017,57.63
12/28/2017,57.45
12/27/2017,57.73
12/26/2017,58.20
12/25/2017,58.32
12/23/2017,58.32
12/22/2017,58.56
12/21/2017,58.72
12/20/2017,58.61
12/19/2017,58.69
12/18/2017,58.90
12/16/2017,58.90
12/15/2017,58.71
12/14/2017,59.14
12/13/2017,58.84
12/12/2017,59.23
12/11/2017,59.28
12/9/2017,59.28
12/8/2017,59.29
12/7/2017,58.93
12/6/2017,58.69
12/5/2017,58.99
12/4/2017,58.52
12/2/2017,58.52
12/1/2017,58.58
11/30/2017,58.33
11/29/2017,58.41
11/28/2017,58.28
11/27/2017,58.53
11/25/2017,58.53
11/24/2017,58.46
11/23/2017,59.01
11/22/2017,59.46
11/21/2017,59.27
11/20/2017,59.63
11/18/2017,59.63
11/17/2017,59.99
11/16/2017,60.25
11/15/2017,59.62
11/14/2017,59.18
11/13/2017,59.28
11/11/2017,59.28
11/10/2017,59.25
11/9/2017,59.25
11/8/2017,58.46
11/6/2017,58.43
11/4/2017,58.43
11/3/2017,58.09
11/2/2017,58.16
11/1/2017,58.12
10/31/2017,57.87
10/30/2017,58.08
10/28/2017,58.08
10/27/2017,57.76
10/26/2017,57.61
10/25/2017,57.59
10/24/2017,57.47
10/23/2017,57.51
10/21/2017,57.51
10/20/2017,57.57
10/19/2017,57.27
10/18/2017,57.34
10/17/2017,57.09
10/16/2017,57.62
10/14/2017,57.62
10/13/2017,57.69
10/12/2017,57.92
10/11/2017,58.07
10/10/2017,58.32
10/9/2017,57.76
10/7/2017,57.76
10/6/2017,57.58
10/5/2017,57.78
10/4/2017,57.94
10/3/2017,57.81
10/2/2017,58.02
9/30/2017,58.02
9/29/2017,58.43
9/28/2017,58.01
9/27/2017,57.52
9/26/2017,57.57
9/25/2017,57.65
9/23/2017,57.65
9/22/2017,58.22
9/21/2017,58.13
9/20/2017,58.10
9/19/2017,57.62
9/18/2017,57.53
9/16/2017,57.53
9/15/2017,57.77
9/14/2017,57.67
9/13/2017,57.27
9/12/2017,57.17
9/11/2017,57.00
9/9/2017,57.00
9/8/2017,57.14
9/7/2017,57.34
9/6/2017,57.85
9/5/2017,57.78
9/4/2017,58.06
9/2/2017,58.06
9/1/2017,58.55
8/31/2017,58.73
8/30/2017,58.53
8/29/2017,58.55
8/28/2017,59.15
8/26/2017,59.15
8/25/2017,59.14
8/24/2017,59.13
8/23/2017,59.04
8/22/2017,59.14
8/21/2017,59.36
8/19/2017,59.36
8/18/2017,59.25
8/17/2017,59.65
8/16/2017,59.93
8/15/2017,59.80
8/14/2017,60.19
8/12/2017,60.19
8/11/2017,59.93
8/10/2017,59.96
8/9/2017,59.99
8/8/2017,60.06
8/7/2017,60.33
8/5/2017,60.33
8/4/2017,60.75
8/3/2017,60.58
8/2/2017,59.85
8/1/2017,60.06
7/31/2017,59.54
7/29/2017,59.54
7/28/2017,59.41
7/27/2017,59.91
7/26/2017,59.82
7/25/2017,59.66
7/24/2017,58.93
7/22/2017,58.93
7/21/2017,59.08
7/20/2017,59.24
7/19/2017,59.37
7/18/2017,59.07
7/17/2017,59.88
7/15/2017,59.88
7/14/2017,60.18
7/13/2017,60.62
7/12/2017,60.74
7/11/2017,60.30
7/10/2017,60.38
7/8/2017,60.38
7/7/2017,60.24
7/6/2017,59.58
7/5/2017,59.23
7/4/2017,58.97
7/3/2017,59.39
7/1/2017,59.39
6/30/2017,59.09
6/29/2017,59.54
6/28/2017,58.88
6/27/2017,59.00
6/26/2017,59.66
6/24/2017,59.66
6/23/2017,60.15
6/22/2017,60.00
6/21/2017,58.58
6/20/2017,57.96
6/19/2017,57.74
6/17/2017,57.74
6/16/2017,57.44
6/15/2017,57.03
6/14/2017,56.91
6/12/2017,57.00
6/10/2017,57.00
6/9/2017,56.99
6/8/2017,56.59
6/7/2017,56.67
6/6/2017,56.62
6/5/2017,56.69
6/3/2017,56.69
6/2/2017,56.54
6/1/2017,56.69
5/31/2017,56.52
5/30/2017,56.71
5/29/2017,56.76
5/27/2017,56.76
5/26/2017,56.07
5/25/2017,56.27
5/24/2017,56.56
5/23/2017,56.50
5/22/2017,57.16
5/20/2017,57.16
5/19/2017,57.47
5/18/2017,56.74
5/17/2017,56.26
5/16/2017,56.53
5/15/2017,57.16
5/13/2017,57.16
5/12/2017,57.12
5/11/2017,58.08
5/8/2017,58.54
5/6/2017,58.54
5/5/2017,57.57
5/4/2017,57.09
5/3/2017,56.95
5/1/2017,56.98
4/29/2017,56.98
4/28/2017,56.97
4/27/2017,56.31
4/26/2017,55.85
4/25/2017,56.08
4/24/2017,56.23
4/22/2017,56.23
4/21/2017,56.42
4/20/2017,56.18
4/19/2017,55.98
4/18/2017,56.25
4/17/2017,56.29
4/15/2017,56.29
4/14/2017,56.60
4/13/2017,56.76
4/12/2017,56.96
4/11/2017,57.39
4/10/2017,56.92
4/8/2017,56.92
4/7/2017,56.44
4/6/2017,55.89
4/5/2017,56.56
4/4/2017,56.14
4/3/2017,55.96
4/1/2017,55.96
3/31/2017,56.38
3/30/2017,57.02
3/29/2017,56.94
3/28/2017,57.02
3/27/2017,57.42
3/25/2017,57.42
3/24/2017,57.52
3/23/2017,57.64
3/22/2017,57.23
3/21/2017,57.28
3/20/2017,57.93
3/18/2017,57.93
3/17/2017,58.24
3/16/2017,59.11
3/15/2017,58.95
3/14/2017,59.13
3/13/2017,59.22
3/11/2017,59.22
3/10/2017,58.83
3/8/2017,58.26
3/7/2017,58.34
3/6/2017,58.91
3/4/2017,58.91
3/3/2017,58.41
3/2/2017,58.38
3/1/2017,57.96
2/28/2017,57.94
2/23/2017,57.48
2/22/2017,57.86
2/21/2017,58.10
2/20/2017,57.63
2/18/2017,57.63
2/17/2017,57.15
2/16/2017,56.77
2/15/2017,57.74
2/14/2017,58.06
2/13/2017,58.85
2/11/2017,58.85
2/10/2017,59.02
2/9/2017,59.51
2/8/2017,59.19
2/7/2017,58.71
2/6/2017,59.31
2/4/2017,59.31
2/3/2017,59.99
2/2/2017,60.31
2/1/2017,60.09
1/31/2017,60.16
1/30/2017,60.32
1/28/2017,60.32
1/27/2017,59.64
1/26/2017,59.15
1/25/2017,59.22
1/24/2017,59.50
1/23/2017,59.67
1/21/2017,59.67
1/20/2017,59.35
1/19/2017,59.18
1/18/2017,59.40
1/17/2017,59.61
1/16/2017,59.37
1/14/2017,59.37
1/13/2017,59.50
1/12/2017,60.16
1/11/2017,59.95
1/10/2017,59.90
1/2/2017,60.66
12/31/2016,60.66
12/30/2016,60.27
12/29/2016,60.67
12/28/2016,60.86
12/27/2016,60.91
12/26/2016,60.85
12/24/2016,60.85
12/23/2016,60.86
12/22/2016,61.11
12/21/2016,61.80
12/20/2016,61.79
12/19/2016,61.75
12/17/2016,61.75
12/16/2016,61.64
12/15/2016,60.81
12/14/2016,61.07
12/13/2016,61.58
12/12/2016,63.30
12/10/2016,63.30
12/9/2016,63.39
12/8/2016,63.91
12/7/2016,63.87
12/6/2016,63.92
12/5/2016,64.15
12/3/2016,64.15
12/2/2016,63.68
12/1/2016,65.24
11/30/2016,64.94
11/29/2016,64.92
11/28/2016,64.62
11/26/2016,64.62
11/25/2016,64.63
11/24/2016,64.01
11/23/2016,63.63
11/22/2016,64.36
11/21/2016,65.10
11/19/2016,65.10
11/18/2016,64.92
11/17/2016,64.55
11/16/2016,65.55
11/15/2016,65.86
11/14/2016,65.22
11/12/2016,65.22
11/11/2016,63.42
11/10/2016,63.89
11/9/2016,63.74
11/8/2016,63.91
11/4/2016,63.50
11/3/2016,63.42
11/2/2016,63.20
11/1/2016,63.22
10/31/2016,62.90
10/29/2016,62.90
10/28/2016,63.04
10/27/2016,62.26
10/26/2016,62.05
10/25/2016,62.23
10/24/2016,62.45
10/22/2016,62.45
10/21/2016,62.42
10/20/2016,62.58
10/19/2016,62.89
10/18/2016,63.15
10/17/2016,62.99
10/15/2016,62.99
10/14/2016,63.35
10/13/2016,62.59
10/12/2016,62.19
10/11/2016,62.39
10/10/2016,62.30
10/8/2016,62.30
10/7/2016,62.39
10/6/2016,62.46
10/5/2016,62.43
10/4/2016,62.55
10/3/2016,63.40
10/1/2016,63.40
9/30/2016,63.16
9/29/2016,63.95
9/28/2016,63.69
9/27/2016,64.15
9/26/2016,63.86
9/24/2016,63.86
9/23/2016,63.79
9/22/2016,64.44
9/21/2016,64.75
9/20/2016,64.92
9/19/2016,64.99
9/17/2016,64.99
9/16/2016,65.22
9/15/2016,64.97
9/14/2016,64.81
9/13/2016,65.05
9/12/2016,64.16
9/10/2016,64.16
9/9/2016,63.97
9/8/2016,64.38
9/7/2016,64.83
9/6/2016,64.76
9/5/2016,65.87
9/3/2016,65.87
9/2/2016,65.26
9/1/2016,65.25
8/31/2016,64.91
8/30/2016,65.08
8/29/2016,64.74
8/27/2016,64.74
8/26/2016,64.95
8/25/2016,64.81
8/24/2016,64.77
8/23/2016,64.21
8/22/2016,63.94
8/20/2016,63.94
8/19/2016,63.55
8/18/2016,63.99
8/17/2016,63.95
8/16/2016,64.21
8/15/2016,64.34
8/13/2016,64.34
8/12/2016,64.95
8/11/2016,64.81
8/10/2016,64.78
8/9/2016,65.08
8/8/2016,65.56
8/6/2016,65.56
8/5/2016,66.39
8/4/2016,66.74
8/3/2016,66.88
8/2/2016,65.96
8/1/2016,67.05
7/30/2016,67.05
7/29/2016,66.11
7/28/2016,65.95
7/27/2016,65.74
7/26/2016,64.92
7/25/2016,64.63
7/23/2016,64.63
7/22/2016,63.74
7/21/2016,63.42
7/20/2016,62.99
7/19/2016,63.12
7/18/2016,63.17
7/16/2016,63.17
7/15/2016,63.58
7/14/2016,63.85
7/13/2016,63.90
7/12/2016,64.20
7/11/2016,64.25
7/9/2016,64.25
7/8/2016,64.05
7/7/2016,64.63
7/6/2016,64.27
7/5/2016,63.68
7/4/2016,64.02
7/2/2016,64.02
7/1/2016,64.18
6/30/2016,64.26
6/29/2016,64.81
6/28/2016,65.06
6/27/2016,65.53
6/25/2016,65.53
6/24/2016,64.32
6/23/2016,63.72
6/22/2016,64.17
6/21/2016,64.15
6/20/2016,65.44
6/18/2016,65.44
6/17/2016,65.86
6/16/2016,65.92
6/15/2016,66.03
6/13/2016,64.71
6/11/2016,64.71
6/10/2016,63.74
6/9/2016,64.68
6/8/2016,65.21
6/7/2016,65.79
6/6/2016,66.85
6/4/2016,66.85
6/3/2016,66.75
6/2/2016,66.62
6/1/2016,66.00
5/31/2016,66.08
5/30/2016,66.04
5/28/2016,66.04
5/27/2016,65.21
5/26/2016,65.89
5/25/2016,67.05
5/24/2016,67.05
5/23/2016,66.38
5/21/2016,66.38
5/20/2016,66.21
5/19/2016,65.06
5/18/2016,64.51
5/17/2016,64.89
5/16/2016,64.93
5/14/2016,64.93
5/13/2016,64.96
5/12/2016,66.24
5/11/2016,66.33
5/9/2016,66.19
5/7/2016,66.19
5/6/2016,65.89
5/5/2016,66.17
5/2/2016,64.33
4/30/2016,64.33
4/29/2016,65.11
4/28/2016,65.16
4/27/2016,66.46
4/26/2016,66.63
4/25/2016,66.22
4/23/2016,66.22
4/22/2016,65.03
4/21/2016,66.04
4/20/2016,65.65
4/19/2016,68.27
4/18/2016,66.05
4/16/2016,66.05
4/15/2016,66.50
4/14/2016,65.77
4/13/2016,66.35
4/12/2016,67.13
4/11/2016,67.47
4/9/2016,67.47
4/8/2016,67.80
4/7/2016,68.52
4/6/2016,68.89
4/5/2016,68.68
4/4/2016,67.14
4/2/2016,67.14
4/1/2016,67.86
3/31/2016,67.61
3/30/2016,68.75
3/29/2016,67.78
3/28/2016,68.43
3/26/2016,68.43
3/25/2016,68.93
3/24/2016,67.64
3/23/2016,67.78
3/22/2016,68.81
3/21/2016,68.40
3/19/2016,68.40
3/18/2016,68.56
3/17/2016,71.03
3/16/2016,70.54
3/15/2016,70.15
3/14/2016,70.31
3/12/2016,70.31
3/11/2016,71.09
3/10/2016,72.38
3/7/2016,73.19
3/5/2016,73.19
3/4/2016,73.82
3/3/2016,73.63
3/2/2016,74.05
3/1/2016,75.90
2/29/2016,75.09
2/27/2016,75.09
2/26/2016,76.39
2/25/2016,76.39
2/21/2016,77.13
2/20/2016,76.37
2/19/2016,75.46
2/18/2016,77.85
2/17/2016,76.25
2/16/2016,77.78
2/15/2016,79.50
2/13/2016,79.50
2/12/2016,79.11
2/11/2016,79.07
2/10/2016,78.68
2/9/2016,76.86
2/8/2016,77.34
2/6/2016,77.34
2/5/2016,76.46
2/4/2016,79.26
2/3/2016,77.93
2/2/2016,76.33
2/1/2016,75.17
1/30/2016,75.17
1/29/2016,77.37
1/28/2016,79.00
1/27/2016,81.84
1/26/2016,77.80
1/25/2016,80.57
1/23/2016,80.57
1/22/2016,83.59
1/21/2016,79.46
1/20/2016,78.49
1/19/2016,78.67
1/18/2016,76.57
1/16/2016,76.57
1/15/2016,76.52
1/14/2016,76.43
1/13/2016,76.60
1/12/2016,75.95
1/1/2016,72.93
12/31/2015,72.88
12/30/2015,72.51
12/29/2015,70.79
12/28/2015,70.27
12/26/2015,70.27
12/25/2015,69.52
12/24/2015,70.93
12/23/2015,71.12
12/22/2015,71.26
12/21/2015,71.32
12/19/2015,71.32
12/18/2015,70.58
12/17/2015,70.40
12/16/2015,70.83
12/15/2015,70.22
12/14/2015,69.18
12/12/2015,69.18
12/11/2015,69.22
12/10/2015,69.20
12/9/2015,69.30
12/8/2015,68.52
12/7/2015,67.67
12/5/2015,67.67
12/4/2015,67.77
12/3/2015,66.74
12/2/2015,66.26
12/1/2015,66.74
11/30/2015,66.24
11/28/2015,66.24
11/27/2015,65.68
11/26/2015,65.48
11/25/2015,65.62
11/24/2015,65.60
11/23/2015,64.87
11/21/2015,64.87
11/20/2015,64.91
11/19/2015,64.78
11/18/2015,65.48
11/17/2015,66.46
11/16/2015,66.63
11/14/2015,66.63
11/13/2015,65.45
11/12/2015,64.57
11/11/2015,64.39
11/10/2015,64.66
11/9/2015,63.68
11/7/2015,63.68
11/6/2015,63.40
11/4/2015,63.85
11/3/2015,63.80
11/2/2015,64.37
10/31/2015,64.37
10/30/2015,64.17
10/29/2015,65.32
10/28/2015,63.50
10/27/2015,62.50
10/26/2015,61.93
10/24/2015,61.93
10/23/2015,62.79
10/22/2015,62.63
10/21/2015,62.16
10/20/2015,61.44
10/19/2015,61.36
10/17/2015,61.36
10/16/2015,62.24
10/15/2015,63.12
10/14/2015,62.22
10/13/2015,61.15
10/12/2015,61.30
10/10/2015,61.30
10/9/2015,62.29
10/8/2015,62.71
10/7/2015,65.10
10/6/2015,65.62
10/5/2015,65.94
10/3/2015,65.94
10/2/2015,65.03
10/1/2015,65.74
9/30/2015,66.24
9/29/2015,65.55
9/28/2015,65.67
9/26/2015,65.67
9/25/2015,66.52
9/24/2015,66.04
9/23/2015,66.17
9/22/2015,66.15
9/21/2015,65.64
9/19/2015,65.64
9/18/2015,65.36
9/17/2015,65.93
9/16/2015,67.16
9/15/2015,67.96
9/14/2015,68.01
9/12/2015,68.01
9/11/2015,68.50
9/10/2015,67.62
9/9/2015,68.79
9/8/2015,68.49
9/7/2015,67.69
9/5/2015,67.69
9/4/2015,67.01
9/3/2015,66.68
9/2/2015,65.35
9/1/2015,66.72
8/31/2015,66.48
8/29/2015,66.48
8/28/2015,67.45
8/27/2015,69.31
8/26/2015,69.95
8/25/2015,70.75
8/24/2015,68.12
8/22/2015,68.12
8/21/2015,66.96
8/20/2015,65.72
8/19/2015,65.83
8/18/2015,65.50
8/17/2015,64.94
8/15/2015,64.94
8/14/2015,64.00
8/13/2015,65.02
8/12/2015,63.21
8/11/2015,64.50
8/10/2015,63.84
8/8/2015,63.84
8/7/2015,63.86
8/6/2015,62.72
8/5/2015,62.92
8/4/2015,62.47
8/3/2015,60.35
8/1/2015,60.35
7/31/2015,58.99
7/30/2015,59.77
7/29/2015,60.22
7/28/2015,58.78
7/27/2015,58.04
7/25/2015,58.04
7/24/2015,57.36
7/23/2015,57.02
7/22/2015,57.00
7/21/2015,56.83
7/20/2015,56.84
7/18/2015,56.84
7/17/2015,56.95
7/16/2015,56.66
7/15/2015,56.98
7/14/2015,56.61
7/13/2015,56.67
7/11/2015,56.67
7/10/2015,56.98
7/9/2015,57.22
7/8/2015,57.22
7/7/2015,56.41
7/6/2015,55.60
7/4/2015,55.60
7/3/2015,55.66
7/2/2015,55.48
7/1/2015,55.84
6/30/2015,55.52
6/29/2015,54.81
6/27/2015,54.81
6/26/2015,54.60
6/25/2015,54.07
6/24/2015,54.21
6/23/2015,53.56
6/22/2015,53.80
6/20/2015,53.80
6/19/2015,53.33
6/18/2015,53.90
6/17/2015,54.04
6/16/2015,55.27
6/12/2015,54.53
6/11/2015,54.82
6/10/2015,55.91
6/9/2015,56.04
6/8/2015,56.25
6/6/2015,56.25
6/5/2015,54.99
6/4/2015,53.06
6/3/2015,53.44
6/2/2015,52.82
6/1/2015,52.97
5/30/2015,52.97
5/29/2015,52.29
5/28/2015,51.02
5/27/2015,50.32
5/26/2015,49.86
5/25/2015,49.79
5/23/2015,49.79
5/22/2015,49.92
5/21/2015,49.79
5/20/2015,49.18
5/19/2015,49.22
5/18/2015,50.01
5/16/2015,50.01
5/15/2015,50.08
5/14/2015,49.54
5/13/2015,50.91
5/11/2015,50.75
5/9/2015,50.75
5/8/2015,50.36
5/7/2015,49.98
5/6/2015,51.76
5/1/2015,51.14
4/30/2015,51.70
4/29/2015,52.30
4/28/2015,51.47
4/27/2015,50.25
4/25/2015,50.25
4/24/2015,51.60
4/23/2015,53.66
4/22/2015,53.97
4/21/2015,51.52
4/20/2015,50.53
4/18/2015,50.53
4/17/2015,49.67
4/16/2015,50.50
4/15/2015,51.97
4/14/2015,52.42
4/13/2015,51.07
4/11/2015,51.07
4/10/2015,52.54
4/9/2015,54.03
4/8/2015,55.33
4/7/2015,56.52
4/6/2015,56.75
4/4/2015,56.75
4/3/2015,56.99
4/2/2015,58.35
4/1/2015,57.65
3/31/2015,58.46
3/30/2015,57.73
3/28/2015,57.73
3/27/2015,56.43
3/26/2015,57.39
3/25/2015,58.77
3/24/2015,59.45
3/23/2015,60.03
3/21/2015,60.03
3/20/2015,59.83
3/19/2015,61.35
3/18/2015,61.75
3/17/2015,62.15
3/16/2015,61.32
3/14/2015,61.32
3/13/2015,60.96
3/12/2015,62.68
3/11/2015,60.66
3/9/2015,59.99
3/7/2015,59.99
3/6/2015,61.85
3/5/2015,61.87
3/4/2015,62.36
3/3/2015,62.22
3/2/2015,61.27
2/28/2015,61.27
2/27/2015,60.71
2/26/2015,62.59
2/25/2015,63.51
2/23/2015,61.72
2/21/2015,61.72
2/20/2015,62.13
2/19/2015,62.40
2/18/2015,62.84
2/17/2015,62.66
2/16/2015,65.09
2/14/2015,65.09
2/13/2015,66.10
2/12/2015,66.06
2/11/2015,65.45
2/10/2015,65.78
2/9/2015,66.04
2/7/2015,66.04
2/6/2015,68.61
2/5/2015,65.45
2/4/2015,67.77
2/3/2015,69.66
2/2/2015,68.93
1/31/2015,68.93
1/30/2015,68.73
1/29/2015,67.15
1/28/2015,67.82
1/27/2015,65.59
1/26/2015,63.39
1/24/2015,63.39
1/23/2015,65.40
1/22/2015,65.56
1/21/2015,64.99
1/20/2015,64.97
1/19/2015,65.17
1/17/2015,65.17
1/16/2015,64.83
1/15/2015,66.10
1/14/2015,64.84
1/13/2015,62.74
1/1/2015,56.24
12/31/2014,56.26
12/30/2014,56.68
12/29/2014,52.03
12/27/2014,52.03
12/26/2014,52.62
12/25/2014,54.49
12/24/2014,54.57
12/23/2014,56.49
12/22/2014,60.68
12/20/2014,60.68
12/19/2014,59.60
12/18/2014,67.79
12/17/2014,61.15
12/16/2014,58.35
12/15/2014,56.89
12/13/2014,56.89
12/12/2014,54.79
12/11/2014,54.28
12/10/2014,54.21
12/9/2014,53.31
12/8/2014,53.11
12/6/2014,53.11
12/5/2014,52.69
12/4/2014,54.38
12/3/2014,50.77
12/2/2014,51.81
12/1/2014,49.32
11/29/2014,49.32
11/28/2014,47.66
11/27/2014,46.42
11/26/2014,44.98
11/25/2014,44.79
11/24/2014,45.79
11/22/2014,45.79
11/21/2014,46.70
11/20/2014,47.03
11/19/2014,46.98
11/18/2014,47.33
11/17/2014,47.39
11/15/2014,47.39
11/14/2014,46.12
11/13/2014,46.34
11/12/2014,45.95
11/11/2014,45.89
11/10/2014,47.88
11/8/2014,47.88
11/7/2014,45.19
11/6/2014,44.40
11/3/2014,41.96
11/1/2014,41.96
10/31/2014,43.39
10/30/2014,42.65
10/29/2014,42.39
10/28/2014,41.95
10/27/2014,41.81
10/25/2014,41.81
10/24/2014,41.50
10/23/2014,40.97
10/22/2014,41.05
10/21/2014,40.88
10/20/2014,41.05
10/18/2014,41.05
10/17/2014,40.75
10/16/2014,40.94
10/15/2014,40.53
10/14/2014,40.33
10/13/2014,40.21
10/11/2014,40.21
10/10/2014,39.98
10/9/2014,39.98
10/8/2014,39.74
10/7/2014,39.98
10/6/2014,39.70
10/4/2014,39.70
10/3/2014,39.55
10/2/2014,39.66
10/1/2014,39.38
9/30/2014,39.39
9/29/2014,38.72
9/27/2014,38.72
9/26/2014,38.30
9/25/2014,38.38
9/24/2014,38.67
9/23/2014,38.58
9/22/2014,38.41
9/20/2014,38.41
9/19/2014,38.42
9/18/2014,38.37
9/17/2014,38.71
9/16/2014,37.99
9/15/2014,37.65
9/13/2014,37.65
9/12/2014,37.38
9/11/2014,37.17
9/10/2014,37.03
9/9/2014,37.09
9/8/2014,36.92
9/6/2014,36.92
9/5/2014,36.80
9/4/2014,37.32
9/3/2014,37.35
9/2/2014,37.29
9/1/2014,36.93
8/30/2014,36.93
8/29/2014,36.31
8/28/2014,36.14
8/27/2014,36.14
8/26/2014,36.12
8/25/2014,36.00
8/23/2014,36.00
8/22/2014,36.33
8/21/2014,36.22
8/20/2014,36.11
8/19/2014,36.03
8/18/2014,36.00
8/16/2014,36.00
8/15/2014,36.04
8/14/2014,36.22
8/13/2014,36.09
8/12/2014,36.05
8/11/2014,36.45
8/9/2014,36.45
8/8/2014,36.25
8/7/2014,36.11
8/6/2014,35.80
8/5/2014,35.66
8/4/2014,35.73
8/2/2014,35.73
8/1/2014,35.44
7/31/2014,35.73
7/30/2014,35.63
7/29/2014,35.35
7/28/2014,35.05
7/26/2014,35.05
7/25/2014,35.08
7/24/2014,34.81
7/23/2014,35.04
7/22/2014,35.09
7/21/2014,35.16
7/19/2014,35.16
7/18/2014,34.80
7/17/2014,34.39
7/16/2014,34.37
7/15/2014,34.31
7/14/2014,34.06
7/12/2014,34.06
7/11/2014,33.84
7/10/2014,34.08
7/9/2014,34.43
7/8/2014,34.57
7/7/2014,34.32
7/5/2014,34.32
7/4/2014,34.19
7/3/2014,34.25
7/2/2014,34.23
7/1/2014,33.84
6/30/2014,33.63
6/28/2014,33.63
6/27/2014,33.75
6/26/2014,33.91
6/25/2014,33.98
6/24/2014,34.28
6/23/2014,34.42
6/21/2014,34.42
6/20/2014,34.30
6/19/2014,34.82
6/18/2014,34.81
6/17/2014,34.57
6/12/2014,34.32
6/11/2014,34.37
6/10/2014,34.33
6/9/2014,34.66
6/7/2014,34.66
6/6/2014,34.90
6/5/2014,35.14
6/4/2014,35.01
6/3/2014,34.89
6/2/2014,34.74
5/31/2014,34.74
5/30/2014,34.65
5/29/2014,34.49
5/28/2014,34.26
5/27/2014,34.08
5/26/2014,34.31
5/24/2014,34.31
5/23/2014,34.28
5/22/2014,34.51
5/21/2014,34.60
5/20/2014,34.74
5/19/2014,34.78
5/17/2014,34.78
5/16/2014,34.70
5/15/2014,34.71
5/14/2014,34.88
5/13/2014,35.21
5/9/2014,35.03
5/8/2014,35.50
5/7/2014,35.66
5/6/2014,35.84
5/1/2014,35.72
4/30/2014,35.70
4/29/2014,36.02
4/28/2014,35.93
4/26/2014,35.93
4/25/2014,35.68
4/24/2014,35.66
4/23/2014,35.68
4/22/2014,35.67
4/21/2014,35.54
4/19/2014,35.54
4/18/2014,35.93
4/17/2014,36.08
4/16/2014,35.96
4/15/2014,35.99
4/14/2014,35.62
4/12/2014,35.62
4/11/2014,35.56
4/10/2014,35.75
4/9/2014,35.55
4/8/2014,35.47
4/7/2014,35.50
4/5/2014,35.50
4/4/2014,35.52
4/3/2014,35.25
4/2/2014,35.02
4/1/2014,35.61
3/31/2014,35.69
3/29/2014,35.69
3/28/2014,35.58
3/27/2014,35.45
3/26/2014,35.93
3/25/2014,36.17
3/24/2014,36.40
3/22/2014,36.40
3/21/2014,36.11
3/20/2014,36.21
3/19/2014,36.45
3/18/2014,36.65
3/17/2014,36.64
3/15/2014,36.64
3/14/2014,36.46
3/13/2014,36.49
3/12/2014,36.40
3/10/2014,36.26
3/8/2014,36.26
3/7/2014,36.13
3/6/2014,36.08
3/5/2014,36.32
3/4/2014,36.38
3/3/2014,36.18
3/1/2014,36.18
2/28/2014,36.05
2/27/2014,35.79
2/26/2014,35.57
2/25/2014,35.51
2/24/2014,35.68
2/22/2014,35.68
2/21/2014,35.77
2/20/2014,35.59
2/19/2014,35.24
2/18/2014,35.10
2/17/2014,35.26
2/15/2014,35.26
2/14/2014,34.86
2/13/2014,34.76
2/12/2014,34.80
2/11/2014,34.76
2/10/2014,34.60
2/8/2014,34.60
2/7/2014,34.73
2/6/2014,34.96
2/5/2014,35.45
2/4/2014,35.23
2/3/2014,35.18
2/1/2014,35.18
1/31/2014,35.24
1/30/2014,34.56
1/29/2014,34.63
1/28/2014,34.71
1/27/2014,34.26
1/25/2014,34.26
1/24/2014,34.03
1/23/2014,33.87
1/22/2014,33.82
1/21/2014,33.64
1/20/2014,33.43
1/18/2014,33.43
1/17/2014,33.40
1/16/2014,33.36
1/15/2014,33.24
1/14/2014,33.12
1/13/2014,33.21
1/11/2014,33.21
1/10/2014,33.15
1/1/2014,32.66
12/31/2013,32.73
12/30/2013,32.63
12/28/2013,32.63
12/27/2013,32.67
12/26/2013,32.65
12/25/2013,32.63
12/24/2013,32.95
12/23/2013,32.98
12/21/2013,32.98
12/20/2013,32.95
12/19/2013,32.94
12/18/2013,32.86
12/17/2013,32.87
12/16/2013,32.87
12/14/2013,32.87
12/13/2013,32.75
12/12/2013,32.73
12/11/2013,32.78
12/10/2013,32.78
12/9/2013,32.95
12/7/2013,32.95
12/6/2013,33.11
12/5/2013,33.26
12/4/2013,33.25
12/3/2013,33.15
12/2/2013,33.19
11/30/2013,33.19
11/29/2013,33.13
11/28/2013,33.00
11/27/2013,32.99
11/26/2013,32.77
11/25/2013,32.91
11/23/2013,32.91
11/22/2013,33.02
11/21/2013,32.74
11/20/2013,32.61
11/19/2013,32.57
11/18/2013,32.68
11/16/2013,32.68
11/15/2013,32.69
11/14/2013,32.82
11/13/2013,32.81
11/12/2013,32.66
11/11/2013,32.55
11/9/2013,32.55
11/8/2013,32.38
11/7/2013,32.45
11/6/2013,32.35
11/4/2013,32.18
11/2/2013,32.18
11/1/2013,32.08
10/31/2013,32.06
10/30/2013,31.94
10/29/2013,31.81
10/28/2013,31.68
10/26/2013,31.68
10/25/2013,31.66
10/24/2013,31.74
10/23/2013,31.93
10/22/2013,31.90
10/21/2013,31.85
10/19/2013,31.85
10/18/2013,32.08
10/17/2013,32.26
10/16/2013,32.27
10/15/2013,32.27
10/14/2013,32.21
10/12/2013,32.21
10/11/2013,32.36
10/10/2013,32.36
10/9/2013,32.30
10/8/2013,32.29
10/7/2013,32.10
10/5/2013,32.10
10/4/2013,32.13
10/3/2013,32.30
10/2/2013,32.30
10/1/2013,32.48
9/30/2013,32.35
9/28/2013,32.35
9/27/2013,32.17
9/26/2013,31.93
9/25/2013,31.82
9/24/2013,31.91
9/23/2013,31.73
9/21/2013,31.73
9/20/2013,31.59
9/19/2013,32.25
9/18/2013,32.32
9/17/2013,32.29
9/16/2013,32.74
9/14/2013,32.74
9/13/2013,32.67
9/12/2013,32.96
9/11/2013,33.06
9/10/2013,33.32
9/9/2013,33.43
9/7/2013,33.43
9/6/2013,33.39
9/5/2013,33.47
9/4/2013,33.37
9/3/2013,33.25
9/2/2013,33.25
8/31/2013,33.25
8/30/2013,33.18
8/29/2013,33.18
8/28/2013,33.12
8/27/2013,32.96
8/26/2013,33.06
8/24/2013,33.06
8/23/2013,33.19
8/22/2013,32.97
8/21/2013,33.00
8/20/2013,32.92
8/19/2013,32.94
8/17/2013,32.94
8/16/2013,33.00
8/15/2013,33.16
8/14/2013,33.04
8/13/2013,32.89
8/12/2013,32.86
8/10/2013,32.86
8/9/2013,32.94
8/8/2013,32.98
8/7/2013,32.94
8/6/2013,32.88
8/5/2013,33.10
8/3/2013,33.10
8/2/2013,32.97
8/1/2013,33.03
7/31/2013,32.89
7/30/2013,32.86
7/29/2013,32.64
7/27/2013,32.64
7/26/2013,32.54
7/25/2013,32.35
7/24/2013,32.31
7/23/2013,32.32
7/22/2013,32.43
7/20/2013,32.43
7/19/2013,32.40
7/18/2013,32.45
7/17/2013,32.54
7/16/2013,32.62
7/15/2013,32.64
7/13/2013,32.64
7/12/2013,32.59
7/11/2013,32.91
7/10/2013,33.08
7/9/2013,33.32
7/8/2013,33.22
7/6/2013,33.22
7/5/2013,33.16
7/4/2013,33.22
7/3/2013,32.95
7/2/2013,32.85
7/1/2013,32.71
6/29/2013,32.71
6/28/2013,32.88
6/27/2013,32.89
6/26/2013,32.71
6/25/2013,32.91
6/24/2013,32.74
6/22/2013,32.74
6/21/2013,32.70
6/20/2013,32.12
6/19/2013,31.88
6/18/2013,31.68
6/17/2013,31.80
6/15/2013,31.80
6/14/2013,32.35
6/12/2013,32.40
6/11/2013,32.32
6/10/2013,32.24
6/8/2013,32.24
6/7/2013,32.14
6/6/2013,31.98
6/5/2013,31.83
6/4/2013,32.05
6/3/2013,31.80
6/1/2013,31.80
5/31/2013,31.59
5/30/2013,31.52
5/29/2013,31.38
5/28/2013,31.30
5/27/2013,31.32
